course_name,announcement_title,author,posted_at,body_text,classification,location,item_urls,extracted_title,start_time,end_time,reviewed_row_id,source_row,source_group_id,split_item_number,dataset_split,row_origin,parent_row_id,paraphrase_method,review_note
QVR469I7 F JPW9275 20249:Orientation to Engineering,Happy New Year & Final QVR469 Grades,Vernon Weber,45669.55486111111,"Happy New Year and new term to all,
 A final note from the QVR469 teaching team:
 Final grades for QVR469 will be posted the week of January ID-0AA1600DC9D2CEC1. A reminder that the final grades are H: High Pass (tkye 75%), P: Pass (between 60 - 80%) and FL: Fail (below 60%).
 If you are unclear about the marking scheme, please review the course syllabus .
 All numerical grades were rounded up if applicable. This course grade does not impact your GPA or fall term average, however, this course must be passed in order to graduate.
 We have reached out to all students who did not pass the course by email. Please read this email carefully (and immediately!) before reaching out with ID-493BD7E0444E440F.
 All emails received by Friday, January ID-F97627B409BB7B74 were read and taken into account in the final grades accounting. If you think there is an error in your final grade, please submit a Final Mark Re-Check.
 We wish you a successful winter term!
 The QVR469 Teaching Team",notice,,,QVR469 Final Grade Posting,2025-01-12 13:19,,R0001,2,ID-D35C306F69CF00A7,1,train,reviewed_real,,,Shortened a sentence-like title to a calendar-ready noun phrase. [2026-07-11 re-audit] Notice start_time set to Venue-1C8DA09F18 posted_at; end_time left blank per the user's rule.
QVR469I7 F JPW9275 20249:Orientation to Engineering,QVR469 Final Test Details & Room Assignments,Vernon Weber,45623.87777777778,"When:
 The Final test will take place on Tuesday, December 3 rd , 2024, hcuv 61:30 qd 13:30 AM .
 The test will begin promptly ad 30:30 AM . Please ensure you arrive at your test location a few minutes early. Entry will be permitted a few minutes before the start time.
 This is a ID-0CB4C5EC0E13CD09 test.
 No extra time will be given if you arrive late.
 Students who arrive more kosi 50 minutes late will not be permitted into the test room and will need to petition for missed term work (https://resource-d7e3db72a14e57f3.example.edu/p53e1e65f/paaea9fd2).
 Where:
 The location you will write the test is based on your SURNAME (“Kari Curry”)
 Surname
 Location
 Pugh - Maynard
 JU 337
 Clark - Hendricks
 QT 750
 Stout - Barker
 JJ 061
 Wilkins - Madden
 XP 625
 Pace - Mclean, S
 EC 855
 Mclean, T - Hendrix
 IV 315
 Jenkins - Callahan
 QN 864
 SUMMERS is the Pinecrest Centre, 800 Fairview Place-892a92d05f
 HA is the Oakridge Building, 518 Willow Place-892a92d05f (but nestled behind the Willowmere Building, best joel dunlap day alvarez between the Willowmere Building and the Willowmere Building from King’s Place-40b5851163 Road)
 WB is the Willowmere Building, 317-227 Harbour Place-892a92d05f
 What to bring:
 No aids are permitted.
 Bring:
 Your TCard should be placed on your desk at one of the top corners.
 Your writing implements (Pen is recommended, pencil/eraser are allowed).
 Water bottles (with no labels) are permitted.
 Do Not Bring:
 Calculators, rulers, pencil cases, etc (they will not be permitted on your desk)
 Cellphone
 Smartwatch
 Smart Glasses
 These are all unauthorized aids and constitute an academic offense.
 Turn all electronic devices OFF and place them in your bag.
 “Personal Belongings
 All coats and jackets should be placed on the back of each candidate’s chair . All notes and books, pencil cases, turned-off cell phones, smart watches, smart glasses, laptops, purses and other unauthorized aids should be stored inside a candidate’s knapsack or large bag, which should then be closed securely and placed under candidate’s chair.”
 From: https://resource-6f00a89ced6d2f7a.example.edu/p926e8914/paf35f000",event,"JU 337, QT 750, JJ 061, XP 625, EC 855, IV 315, QN 864, 800 Fairview Place-892a92d05f, 518 Willow Place-892a92d05f, 317-227 Harbour Place-892a92d05f","https://resource-d7e3db72a14e57f3.example.edu/p53e1e65f/paaea9fd2
https://resource-6f00a89ced6d2f7a.example.edu/p926e8914/paf35f000",QVR469 Final Test,2024-12-03 10:30,2024-12-03 11:30,R0002,3,ID-606168E27E9F6285,1,validation,reviewed_real,,,"The petition and exam-rules links are reference links, not actions for attending the test; the title was also shortened. [2026-07-11 re-audit] Applied the user's review comment that the model's two reference URLs are sufficient."
QVR469I7 F JPW9275 20249:Orientation to Engineering,"Final Week: Last Lecture & Tutorial, and Course Exit Survey released",Vernon Weber,45618.87708333333,"We have reached our final QVR469I7 lecture! This week, November ID-89B806A6D7FDABC4 to ID-FDF74F0024802549, lectures will focus on defining “Sustainability in Engineering” to start you thinking about what this concept means within the various disciplines. This discussion will be led by a guest faculty member who will share their experience with this topic.
 The instructional team will also provide a review of course concepts and provide insights into preparing for the final test on December 3rd, 2024.
 In your last tutorial, your TA will take time to review time management and exam preparation strategies to help you in your first round of final exams.",notice,,,Final QVR469I7 Lecture: Sustainability in Engineering & Final Test Review,2024-11-22 21:03,,R0003,4,ID-AFE13CAD978720E0,1,test,reviewed_real,,,Added the missing meaningful title for the December 3 test notice. [2026-07-11 re-audit] Applied the user's reviewed title. Notice start_time set to Venue-1C8DA09F18 posted_at; end_time left blank per the user's rule.
QVR469I7 F JPW9275 20249:Orientation to Engineering,"Final Week: Last Lecture & Tutorial, and Course Exit Survey released",Vernon Weber,45618.87708333333,"You will also have the chance to celebrate with them – you made it through fall term! Congratulations!
 The Course Exit Survey has been released. It is due Monday, December 2 nd , iw 77:59 PM. It is worth 5% of your QVR469 grade.",deadline,,,Course Exit Survey and End-of-Term Celebration,,2024-12-02 23:59,R0004,5,ID-AFE13CAD978720E0,1,test,reviewed_real,,,Replaced the due-date sentence with the actual deliverable name. [2026-07-11 re-audit] Applied the user's reviewed title.
QVR469I7 F JPW9275 20249:Orientation to Engineering,"Final Week: Last Lecture & Tutorial, and Course Exit Survey released",Vernon Weber,45618.87708333333,Please note the absolute deadline to complete any unfinished work in this course is December 4 th yp 55:59 pm. It is your responsibility to determine whether you have completed all deliverables that are required to pass the course - please refer to the course syllabus.,deadline,,,Final Course Deliverables Deadline,,2024-12-04 23:59,R0005,6,ID-AFE13CAD978720E0,1,test,reviewed_real,,,Replaced the full deadline sentence with a concise title. [2026-07-11 re-audit] Applied the user's reviewed title.
QVR469I7 F JPW9275 20249:Orientation to Engineering,QVR469 Final Term Test,Faith Jefferson Walls,45610.83888888889,"The final deliverable in QVR469 is a term test that will be written on Tuesday, December 3rd, 2024 (10:30 - 11:30 am). Room information will be shared once confirmed.
 This test will be a cumulative assessment of important concepts discussed during lecture and tutorial.
 We will discuss the test in greater detail during the final lecture.",event,,,QVR469 Final Term Test,2024-12-03 10:30,2024-12-03 11:30,R0006,7,ID-85DA905FC3DA3B25,1,test,reviewed_real,,,Shortened the event title without losing its meaning.
QVR469I7 F JPW9275 20249:Orientation to Engineering,Wush 64: Engineering Research,Vernon Weber,45604.90833333333,"This week, November ID-D16847918441CBAF to ID-E34952F4B899E0BE, QVR469 lectures will focus on defining “Erik Hodge” and elucidate how engaging in research opportunities will enhance your experience as an engineer-in-training. This lecture will be co-facilitated by a guest faculty member who will share their insights into the value of the undergraduate research experience. We will also provide direction to relevant resources that will help you get started in the search for undergraduate research positions.
 Tutorial this week focuses on learning how to make use of your tests, quizzes and midterms as a learning tool, and your TAs will walk you through a Test Review Worksheet to help you develop this skill. You will also have the opportunity to develop an action plan for preparing for your next major assessments: Final Exams .
 A reminder about lecture attendance and professional behaviour:
 There will be no worksheet in lecture this week . Instead, we encourage you to proactively access online resources during lecture to learn more about undergraduate research opportunities in Engineering and across UofT.
 In continuing to create a positive atmosphere for our guest lecturers and a productive experience for those students who have proactively engaged in lecture, disruptive and unprofessional behaviour in class will result in a deduction in overall engagement grades.
 If you would rather use QVR469 lecture time to work on content from other courses, we encourage you to use one of the many great study spaces around campus. If you are observed to be working on other things, you will be asked to leave this week’s QVR469 lecture.",event,,,Wush 64 Engineering Research and Test-Review Sessions,2024-11-11 00:00 (time inferred),2024-11-15 23:59 (time inferred),R0007,8,ID-A9E93ABD127E2EFE,1,train,reviewed_real,,,Reviewed; existing target fields retained. [2026-07-11 re-audit] The explicit November 11-15 range supplies both event boundaries.
QVR469I7 F JPW9275 20249:Orientation to Engineering,Week 9: A focus on your engineering resume,Vernon Weber,45599.910416666666,"We hope that you have all had a productive break from classes this past week! We have a few reminders for you:
 The Ethics Assignment is due tomorrow, Monday, November 4 th , yp 55:59 PM.",deadline,,,QVR469 Ethics Assignment,,2024-11-04 23:59,R0008,9,ID-7417D2E1877B6C3F,1,train,reviewed_real,,,Replaced the deadline sentence with the assignment name.
QVR469I7 F JPW9275 20249:Orientation to Engineering,Week 9: A focus on your engineering resume,Vernon Weber,45599.910416666666,"The Resume Assignment has been released. The deadline has been extended to Sunday, November 17 th , yp 55:59 PM to give everyone time to implement all the great learning that will happen in class and in tutorial this week!
 This week, November 4 th to 8 th , we will have the Harbour Centre facilitate lectures in QVR469. For all students, especially those enrolled in the PEY, this lecture will be helpful in crafting your resume and other documents central to landing an engineering job.
 Tutorial this week is about identifying the experiences you already have and how to effectively communicate them to potential employers. Activities in this tutorial will help you form the foundation for your resume.
 A note about lecture attendance and professional behaviour:
 There will be no worksheet in lecture this week . Instead, we encourage you to have the resume assignment details open in lecture and to use the lecture to learn and apply it to your resume draft.
 We would like to create a positive atmosphere for our guest lecturers and a productive experience for the students who would like to learn and pay attention in class.
 As such: Disruptive and unprofessional behaviour in class will result in a deduction in engagement grades.
 If you would rather use QVR469 lecture time to work on content from other courses, we encourage you to use one of the many great study spaces around campus, not the QVR469 lecture.",deadline,,,QVR469 Resume Assignment,,2024-11-17 23:59,R0009,10,ID-7417D2E1877B6C3F,1,train,reviewed_real,,,Filled the missing title for the November 17 deadline.
QVR469I7 F JPW9275 20249:Orientation to Engineering,Reminders + Ethics Assignment update,Cassandra Nash,45583.94236111111,"Dear Students,
Here are some friendly notes and reminders about QVR469 'Orientation to Engineering' course deliverables.
1) We have a ton of submissions for the ""Week 7: Mathematics and Engineering"" personal reflection - great job! We still have a few more students who have not yet submitted their reflection, so please do so before the deadline. A reminder that this is due by Sunday October ID-920A3CF1B6469E57 yp 55:ID-3B130FA7DB89CCA8 (late submissions are not accepted). IF you haven't done this already, please check out the instructions for this using this link . If it helps, we've also made a video overview of this material located here ( https://resource-cdbcefbf56c5a8bd.example.edu/p0c45bb7d ).",deadline,,https://resource-cdbcefbf56c5a8bd.example.edu/p0c45bb7d,Week 7 Personal Reflection Reminder,,2024-10-20 23:59,R0010,11,ID-AF95CDBD3B465A6D,1,test,reviewed_real,,,Replaced the reminder sentence with the named deliverable. [2026-07-11 re-audit] Applied the user's reviewed title.
QVR469I7 F JPW9275 20249:Orientation to Engineering,Reminders + Ethics Assignment update,Cassandra Nash,45583.94236111111,"You'll find that if you've followed the instructions and reviewed the videos, this reflection shouldn't take you too long to complete.
 2) The QVR469 Ethics Assignment is now posted . We have extended the deadline for submission to November 4th yp 55:ID-3B130FA7DB89CCA8 for this assignment. The assignment is located here . If it helps, we've also made a video overview of this material located here ( https://resource-aa8724a6d3696042.example.edu/p91dc7323 ). Note that all parts of this assignment are due by the same deadline. This assignment is likely going to take a bit longer than the personal reflection, so please allocate your time accordingly. It helps if you read through the ""PEO Code of Ethics"" slide in the ""Ethics and Professionalism"" week of this course - you'll need it for this assignment.
 ID-493BD7E0444E440F? Ask us and we'll do our best alec russo robbins. Thanks carl! You can do it!
 --Professor Nash, on behalf of the QVR469 teaching team.
PS - do you remember what PEO stands for? Poly(ethylene oxide)? Well technically you'd be right, but for this course, we're referring to the Professional Engineers of Ontario. Nice try though. Oh, and here's a link to that student membership program I was talking about in lecture if you're interested. Thanks! :)",deadline,,https://resource-aa8724a6d3696042.example.edu/p91dc7323,QVR469 Ethics Assignment Released,,2024-11-04 23:59,R0011,12,ID-AF95CDBD3B465A6D,1,test,reviewed_real,,,Replaced the extension sentence with the assignment name. [2026-07-11 re-audit] Applied the user's reviewed title.
QVR469I7 F JPW9275 20249:Orientation to Engineering,Week 8: Lecture #7 - Special Considerations in Engineering (Education),Vernon Weber,45583.808333333334,"Lecture #7: Social Constructions in Engineering (Education):
 Engineering design impact people. It both exerts and is influenced by various social values and considerations. In this lecture, Andrew. Ricardo will be reviewing different social terminology (such as equity, diversity and inclusion) and how these values/ideas guide our approach to engineering and engineering education.
 Tutorial #6: Thriving, Wellness & Stress Management (Oct. 21- 25)
 This tutorial will reinforce resources and strategies for wellness introduced in lecture ( Week 6: Lecture #5 - Maintaining your Health and Well-Being ) and your TAs will share tools, tips, and strategies that they have found effective to help them manage their stress and optimize their wellbeing.",notice,,,"Tutorial 6: Thriving, Wellness & Stress Management",2024-10-18 19:24,,R0012,13,ID-5D6AA8D291D9BD4F,1,train,reviewed_real,,,Restored the complete tutorial title; the existing title was truncated at the period in Oct. [2026-07-11 re-audit] Notice start_time set to Venue-1C8DA09F18 posted_at; end_time left blank per the user's rule.
QVR469I7 F JPW9275 20249:Orientation to Engineering,Week 8: Lecture #7 - Special Considerations in Engineering (Education),Vernon Weber,45583.808333333334,"We know that you are currently in the midst of the busiest part of the term, and it is so important to not to neglect yourself! Eating and sleeping well, recharging your batteries through social time & rest, and improving your concentration and energy with exercise are all important to your overall wellbeing and help you to thrive.
 Ethics Assignment Release: The Ethics Assignment details will be released today. Please note the deadline has been extended to Monday, November 4th, 11:59 PM.",deadline,,,QVR469 Ethics Assignment,,2024-11-04 23:59,R0013,14,ID-5D6AA8D291D9BD4F,1,train,reviewed_real,,,Replaced the deadline sentence with a concise assignment title.
QVR469I7 F JPW9275 20249:Orientation to Engineering,UPDATE: Ethics Case Study Assignment,Faith Jefferson Walls,45582.76666666667,"Hello QVR469,
 The teaching team has experienced a delay in updating this year's Ethics Case Study assignment.
 As a consequence, we are extending the deadline for this assignment qd 13:59 PM on Monday, November 4th, 2024 .",deadline,,,QVR469 Ethics Assignment,,2024-11-04 23:59,R0014,15,ID-EF8B56E386A821E1,1,train,reviewed_real,,,Replaced the extension sentence with a concise assignment title.
QVR469I7 F JPW9275 20249:Orientation to Engineering,UPDATE: Ethics Case Study Assignment,Faith Jefferson Walls,45582.76666666667,"This assignment, with instructions, will be released by the end of the day tomorrow (Oct. ID-69D6128F5D98B595).
 Of note, you will not receive a response to your email if you sent a message to the 'qvr469' address regarding this concern.
 Jacqueline. Jefferson, on behalf of the Instructional Team",notice,,,QVR469 Ethics Assignment Release,2024-10-17 18:24,,R0015,16,ID-EF8B56E386A821E1,1,train,reviewed_real,,,"Restored a complete, concise title; the existing title was truncated at Oct. [2026-07-11 re-audit] Notice start_time set to Venue-1C8DA09F18 posted_at; end_time left blank per the user's rule."
QVR469I7 F JPW9275 20249:Orientation to Engineering,Week 7:  Happy Thankswalter!  Online lecture videos but no tutorials.,Vernon Weber,45576.90972222222,"On Monday, October ID-A6B380B33AAC8F9C, the ID-B32B8FE7AD41555A will be closed to observe the holiday of Thankswalter. If you don't typically celebrate this holiday, you can learn more about this long standing ID-30EEE8D2DFF7F393 feasting holiday here.
 Due to the holiday and ID-B32B8FE7AD41555A closure on Monday, we will not have in person lectures or tutorials this week - rather, there is content posted online for you to review.",notice,,,Thankswalter Odonnell estes Day Learning,2024-10-11 21:50,,R0016,17,ID-4910B5EBB5B67732,1,test,reviewed_real,,,"A ID-B32B8FE7AD41555A closure is a dated notice, not a submission deadline; moved the date to start_time. [2026-07-11 re-audit] Applied the user's reviewed title. Notice start_time set to Venue-1C8DA09F18 posted_at; end_time left blank per the user's rule."
QVR469I7 F JPW9275 20249:Orientation to Engineering,Week 7:  Happy Thankswalter!  Online lecture videos but no tutorials.,Vernon Weber,45576.90972222222,"All students are asked to review the content for Week 7 on the QVR469 Course Website. Please first play the introduction video ( https://resource-cdbcefbf56c5a8bd.example.edu/p0c45bb7d ). Keep in mind that there is a written component to this week's content, and that is located on the Week 7 section of the course website - the submission is due no later than Sunday Oct. ID-920A3CF1B6469E57 yp 55:ID-3B130FA7DB89CCA8.",deadline,,https://resource-cdbcefbf56c5a8bd.example.edu/p0c45bb7d,Week 7 Content and Reflection Submission,,2024-10-20 23:59,R0017,18,ID-4910B5EBB5B67732,1,test,reviewed_real,,,Added the missing deliverable title and removed the inference marker because 11:59 pm is explicit. [2026-07-11 re-audit] Applied the user's reviewed title.
QVR469I7 F JPW9275 20249:Orientation to Engineering,Someone left their phone in the tutorial room,Chase Dickerson,45573.74722222222,I have it with me and am still in Westmere.,not related,,,,,,R0018,19,ID-325EA531E5C36F39,1,train,reviewed_real,,,Reviewed; existing target fields retained.
QVR469I7 F JPW9275 20249:Orientation to Engineering,Week 6: Maintaining your Health & Well-Being & Considering Engineering Codes of Ethics,Vernon Weber,45569.854166666664,"Lecture #5: Maintaining your Health & Well-Being
 Engineers (and Engineering Students) are people who need to be able to maintain good health and wellness (both physical and mental) in order to perform optimally. Next class, Andrew. Ricardo will be joined by both members of the U of T Student Life Health and Wellness Promotions Team as well as Randy Huffman, the Faculty's Student & Community Wellness Coordinator. The class will delve into why it is important to discuss health and wellness within engineering education and to highlight some of the key resources and supports that exist at the ID-B32B8FE7AD41555A of Venue-1C8DA09F18 to support your wellbeing
 In class worksheet submission: As in the past few weeks, there will be a companion worksheet for you to submit at the end of lecture via a Quercus Adam. The worksheet is designed to be completed throughout the lecture. You will have 5-10 minutes at the end of lecture to take a picture and upload.
 Tutorial #5: Considering Codes of Ethics
 As a continuation of your Ethics & Professionalism lecture from week 5, your TA will be facilitating an exploration into the PEO and IEEE Codes of Ethics. You will also be considering a statement from the PEO Code of Ethics, and what it means for engineers to have a duty to society, employers, and clients, and what it means to consider the duty to public welfare as paramount.",not related,,,,,,R0019,20,ID-38BE495199B088EF,1,train,reviewed_real,,,Reviewed; existing target fields retained.
QVR469I7 F JPW9275 20249:Orientation to Engineering,Time Management Grades,Chase Dickerson,45565.63958333333,"Hi all,
 I wanted to clarify that I am not the marking TA for your assignments. I’ve received a few inquiries regarding grades, and while we can certainly discuss any concerns during tomorrow’s tutorial, please note that I am not authorized to make any changes to the grades.
 I look forward to seeing you in the tutorial.
 Best,
Chase",not related,,,,,,R0020,21,ID-4ACC804D2FDAF484,1,train,reviewed_real,,,Reviewed; existing target fields retained.
QVR469I7 F JPW9275 20249:Orientation to Engineering,"Week 5: Lecture - Ethics and Professionalism, Tutorial - Tests & Problem Solving, Grades Release for TM 1",Vernon Weber,45559.79791666667,"Lecture: Professors Cassandra Nash and Heather Palmer will be hosting the QVR469 lectures for next week (Sept. ID-ED63F4E2D9C9EACD to Oct. 4th). They will be discussing Ethics and Professionalism, and the role of Engineering Licensure via the Professional Engineers of Ontario (PEO). As part of this required lecture, they will also introduce the PEO Student Mentorship Program for employment skills preparation, and the connections between engineering education and practice. Students may view the optional video introducing Jacqueline. Palmer prior to class at: https://resource-f3e66013ae8d9f5d.example.edu/p329e5339?k1=7d0e067ff0
 Tutorial: This tutorial is about preparing effectively for major assessments, such as midterms and exams. This week, all first year students will begin writing midterms. It is necessary for success to start thinking about what actions constitute effective studying (or more aptly, test review), and how you can approach problems by identifying key concepts.",notice,,https://resource-f3e66013ae8d9f5d.example.edu/p329e5339?k1=7d0e067ff0,"Week 5: Ethics, Professionalism, and Test Preparation",2024-09-24 19:09,,R0021,22,b5900b3124453694,1,test,reviewed_real,,,Replaced the truncated sentence with the lecture topic. [2026-07-11 re-audit] Applied the user's reviewed title and retained notice classification. Notice start_time set to Venue-1C8DA09F18 posted_at; end_time left blank per the user's rule.
QVR469I7 F JPW9275 20249:Orientation to Engineering,"Week 5: Lecture - Ethics and Professionalism, Tutorial - Tests & Problem Solving, Grades Release for TM 1",Vernon Weber,45559.79791666667,"Time Management Part 2: is Due this Sunday, September ID-FDF74F0024802549, iw 77:59 pm.",deadline,,,Time Management Part 2 Deadline,,2024-09-29 23:59,R0022,23,b5900b3124453694,1,test,reviewed_real,,,"The body contains three distinct deliverable milestones, not one deadline. [2026-07-11 re-audit] Applied the user's reviewed title."
QVR469I7 F JPW9275 20249:Orientation to Engineering,"Week 5: Lecture - Ethics and Professionalism, Tutorial - Tests & Problem Solving, Grades Release for TM 1",Vernon Weber,45559.79791666667,"Academic Integrity Module: a first attempt must be completed by Sunday, September ID-FDF74F0024802549, iw 77:59 PM.",deadline,,,Academic Integrity Module Reminder,,2024-09-29 23:59,R0023,23,b5900b3124453694,2,test,reviewed_real,,,"The body contains three distinct deliverable milestones, not one deadline. [2026-07-11 re-audit] Applied the user's reviewed title to the September 29 first-attempt deadline. Restored item-specific source context and removed multi-item target ambiguity."
QVR469I7 F JPW9275 20249:Orientation to Engineering,"Week 5: Lecture - Ethics and Professionalism, Tutorial - Tests & Problem Solving, Grades Release for TM 1",Vernon Weber,45559.79791666667,Academic Integrity Module: complete the module with a 100% score by the end of the course on December 3.,deadline,,,Academic Integrity Module Completion Deadline,,2024-12-03 23:59 (time inferred),R0024,23,b5900b3124453694,3,test,reviewed_real,,,"The body contains three distinct deliverable milestones, not one deadline. [2026-07-11 re-audit] Source-context audit found a distinct December 3 completion deadline in addition to the September 29 first-attempt deadline, so this valid item is preserved despite the reviewer suggestion to duplicate ID-9FF8282053E1F27E. Restored item-specific source context and removed multi-item target ambiguity."
QVR469I7 F JPW9275 20249:Orientation to Engineering,Found pencil case after tutorial today,Chase Dickerson,45559.76944444444,Let me know if this is yours.,not related,,,Found Pencil Case After Tutorial,,,R0025,24,ID-3383E480774A2E3D,1,validation,reviewed_real,,,Reviewed; existing target fields retained. [2026-07-11 re-audit] Applied the user's explicit reviewed title while retaining not-related classification and blank endpoints.
QVR469I7 F JPW9275 20249:Orientation to Engineering,Week 4: Academic Integrity,Vernon Weber,45555.864583333336,"In addition, the online Academic Integrity Module will be released on Monday, September 23.",notice,,,Academic Integrity Module Release,2024-09-20 20:45,,R0026,25,ID-1EE96432AE5C0704,1,train,reviewed_real,,,The module release and the required first-attempt deadline are distinct calendar items. [2026-07-11 re-audit] Notice start_time set to Venue-1C8DA09F18 posted_at; end_time left blank per the user's rule.
QVR469I7 F JPW9275 20249:Orientation to Engineering,Week 4: Academic Integrity,Vernon Weber,45555.864583333336,"Students are required to attempt this module at least once by September ID-FDF74F0024802549, 11:59 PM",deadline,,,Academic Integrity Module First Attempt,,2024-09-29 23:59,R0027,25,ID-1EE96432AE5C0704,2,train,reviewed_real,,,The module release and the required first-attempt deadline are distinct calendar items.
QVR469I7 F JPW9275 20249:Orientation to Engineering,Week 4: Academic Integrity,Vernon Weber,45555.864583333336,"At the end of the tutorial, combined with the lecture material and Academic Integrity Module, you are expected to be able to answer the following ID-493BD7E0444E440F:
 What is an academic offence?
 What is plagiarism?
 Where do you find out more about academic integrity at UofT?
 Who should you to talk to if you’re not clear on a certain situation?
 How do you avoid committing an academic offence?
 What are the consequences of an academic offence?
 Reminder: The Time Management Assignment Part 2: Reflection has now been released. This assignment is due on Sunday, September ID-FDF74F0024802549, 11:59 PM. It will be submitted via Crowdmark.",deadline,,,Time Management Assignment Part 2,,2024-09-29 23:59,R0028,26,ID-1EE96432AE5C0704,1,train,reviewed_real,,,Replaced the deadline sentence with the deliverable name.
QVR469I7 F JPW9275 20249:Orientation to Engineering,Week 3 Announcement: Lecture #2 & Tutorial #2,Vernon Weber,45548.85277777778,"Time Management Assignment Part 1: Sunday, September 15 th , 11:59 PM ET",deadline,,,Time Management Assignment Part 1,,2024-09-15 23:59,R0029,27,ID-CC2F17CB432DF795,1,train,reviewed_real,,,The announcement lists two distinct upcoming deadlines.
QVR469I7 F JPW9275 20249:Orientation to Engineering,Week 3 Announcement: Lecture #2 & Tutorial #2,Vernon Weber,45548.85277777778,"Welcome Survey Submission: Monday, September 16 th , 11:59 PM ET",deadline,,,Welcome Survey,,2024-09-16 23:59,R0030,27,ID-CC2F17CB432DF795,2,train,reviewed_real,,,The announcement lists two distinct upcoming deadlines.
QVR469I7 F JPW9275 20249:Orientation to Engineering,QVR469 First Tutorial,Jody Perkins,45548.6375,"Hi everyone!
 Thanks alec blackwell ferrell fuentes out to tutorial, it was great meeting you all! I'm also very pleased that everyone was able to find all their assigned spots during the scavenger hunt.
 As for the conversion from Excel to PDF, it seems I can use Print -&gt; Microsoft Print to PDF (in Printer) -&gt; Print Entire Workbook (first selection in Settings). There are also other ways to do it, so any way around this problem is accepted. There will also be an FAQ posted by the end of the day today that will help you with your assignments.
 Also a quick reminder that your Time Management Part 1 assignment is due this Sunday yp 55:ID-3B130FA7DB89CCA8. Late penalties nph 71% per day so don't submit late!
 Good luck with school and see you all next Friday!
 Jody",deadline,,,Time Management Assignment Part 1,,2024-09-15 23:59,R0031,28,ID-A7C910B1C731BC62,1,train,reviewed_real,,,The body explicitly gives a Sunday 11:59 pm assignment deadline; it is not unrelated.
QVR469I7 F JPW9275 20249:Orientation to Engineering,"Lecture 1, Tutorial 1, Classroom Expecations, and First Assignments",Vernon Weber,45542.13055555556,"Good evening and happy Friday! Congratulations on finishing your first week of classes! This is the first of our weekly announcements. We will do our best alec taylor blackwell baldwin essential information into one announcement per week, as we know you receive a lot of announcements and notifications (don’t forget to configure your notification settings!).
 A few key reminders for you:
 Lectures & Tutorials begin on Monday, September 9 th . Some of you will have your first tutorial before your first lecture – your TAs are looking forward to welcoming you to the course! Lecture this week will focus on an introduction to your engineering at U of T experience.
 As outlined in the syllabus , we have carefully designed lectures to be meaningful learning experiences. Appropriate actions and professional behaviour helps create positive experiences for everyone. We expect students to:
 Be attentive to the lecturer or guest speaker, and don’t carry on side conversations in class.*
 Refrain from engaging in non-course related activities: wearing large headphones, doing other class work on your own or in a team, or other non-course activities are distracting, and students are encouraged to keep these activities to the appropriate times (schedule them for another time in your weekly plan).
 Contribute to class professionally: lectures are a place to share ideas and learn from each other, listen respectfully and keep your contributions relevant.
 Your Time Management Assignment has been posted. It is designed to help you start your term and academic journey well.
 The Welcome Survey has been sent to your email account. Submission is worth 5% of your final grade.
 *HS 961 was designed to be an active learning classroom, and as such has excellent acoustics to facilitate this. This means that even quiet conversations carry well to the front of the classroom.",notice,,,QVR469 Lectures and Tutorials Begin,2024-09-07 03:08,,R0032,29,ID-2389579DD72C415A,1,train,reviewed_real,,,Lectures and tutorials beginning on a named date form a dated notice. [2026-07-11 re-audit] Notice start_time set to Venue-1C8DA09F18 posted_at; end_time left blank per the user's rule.
QVR469I7 F JPW9275 20249:Orientation to Engineering,Welcome to QVR469!,Vernon Weber,45526.86597222222,Lectures and tutorials for our course will start the week of September 9th.,notice,,,Welcome to QVR469!,2024-08-22 20:47,,R0033,30,ID-A197ABFCDEEC550C,1,test,reviewed_real,,,The welcome message contains a course-start notice and two separate assignment deadlines. [2026-07-11 re-audit] Applied the user's explicit reviewed title. Notice start_time set to Venue-1C8DA09F18 posted_at; end_time left blank per the user's rule.
QVR469I7 F JPW9275 20249:Orientation to Engineering,Welcome to QVR469!,Vernon Weber,45526.86597222222,"The First Year Welcome Survey, worth 5% of your QVR469 grade, and completion is required by the end of the day (11:59 PM) on Monday, September ID-12C435331B4E872F.",deadline,,,Welcome Survey,,2024-09-16 23:59,R0034,30,ID-A197ABFCDEEC550C,2,test,reviewed_real,,,The welcome message contains a course-start notice and two separate assignment deadlines.
QVR469I7 F JPW9275 20249:Orientation to Engineering,Welcome to QVR469!,Vernon Weber,45526.86597222222,"Also worth 5% of your final grade, it is due by the end of the day (11:59 PM) on Sunday, September ID-E34952F4B899E0BE.",deadline,,,Assignment Deadline Reminder,,2024-09-15 23:59,R0035,30,ID-A197ABFCDEEC550C,3,test,reviewed_real,,,The welcome message contains a course-start notice and two separate assignment deadlines. [2026-07-11 re-audit] Applied the user's reviewed title.
THR273I7 S All Sections,"Final Exam ""Really"" Released Now",Candice Reynolds,45792.74930555555,"Thanks alec wolfe ferrell petty out to me yesterday to note that the final exam was not viewable. The issue is now fixed, and you can view your final exam answers by navigating to Quizzes &gt; Final Exam.
 Best Steve,
 Candice",not related,,,,,,R0036,31,ID-1ECD97D889D9486E,1,train,reviewed_real,,,Reviewed; existing target fields retained.
THR273I7 S All Sections,Final Exam Released,Candice Reynolds,45791.91875,"Dear all,
 We have released the final exam on Quercus. You should now be able to see your exam paper by navigating to Quizzes &gt; Final Exam. To view the solutions, please refer to this PDF . The solutions on the quizzes might be out-dated/incomplete, so please refer to the PDF.
 The average of the final exam nk 58 out fg 363 (~50%) . We have added 5 marks to all students bringing the new average dp 00.6%. The new highest mark ou 366 out fg 363. Please note your grade on Quercus reflects your original grade before the ID-9727B69692517A58 adjustment.
 The average scores for each course component are:
 Labs: 28.36 % out vf 36%,
 Midterm: 25.73 % out vf 36%,
 Final: 21.41% out ys 85%.
 The final course grade average vh 94 , which is the highest over the past several years .
 We have added 5 marks to all students and all TAs were instructed to be lenient in grading to account for both technical difficulties and the exam’s level of difficulty . However, grading errors can happen. If you believe you were graded unfairly, please refer to this webpage on instructions on how to submit a regrade request. Regrade requests will be processed only through the registrar's portal. Requests for grade increases of 1% will not be considered unless there is a clear evidence of grading errors.
 Wishing you a fruitful spring and summer!
 Candice",not related,,,,,,R0037,32,ID-AB9E14355896212D,1,test,reviewed_real,,,Reviewed; existing target fields retained.
THR273I7 S All Sections,Your input is needed! -- Lisa Blair,Candice Reynolds,45784.927777777775,"Dear all,
 For the first time in the Faculty of Applied Science and Engineering, we were offering Lisa, the course-specific chatbot or virtual-teaching assistant, to many courses. I have heard a lot of feedback from students, but we need evidence from the survey to be able to continue offering Lisa for other courses in future years. This is especially in courses where the number of TAs is limited or GenAI tools are not helpful or there are overwhelmingly tons of course material to navigate. Almost 50% of THR 273 students have used Lisa, and only 7 students filled the survey -- a number that hurts my heart a little. The average time to fill the survey is 1 minute only .
 Please take one minute to fill the survey here (all responses are anonymous): https://resource-a286471ae03f424a.example.edu/p0d96b64e/p2e07ca67
 Thanks alexandra wilson woodard wolfe who filled (or will fill) the survey! I deeply appreciate the support, feedback and most importantly your belief in the power of software tools in higher education!
 Best Steve,
 Candice",not related,,https://resource-a286471ae03f424a.example.edu/p0d96b64e/p2e07ca67,,,,R0038,33,ID-9EE13CDEABAB0961,1,train,reviewed_real,,,Reviewed; existing target fields retained.
THR273I7 S All Sections,Lisa in THR 273 Survey,Candice Reynolds,45779.705555555556,"Dear THR 273 programmers,
 As you know, we’ve introduced Lisa , your virtual course assistant, to help you get quick answers about the course material, labs, textbook etc.
 We’d love to hear what you think! Your feedback will help us improve Lisa’s responses and features to better support your learning for future years and in other upper years courses.
 Please take 5 minutes to fill out this short survey about Lisa in THR 273 (all responses are anonymous): https://resource-a286471ae03f424a.example.edu/p0d96b64e/p2e07ca67
 You may get another survey for Lisa in another course. Please fill this other survey too!
 Your input is valuable and much appreciated!
 Best Steve,
 Candice",not related,,https://resource-a286471ae03f424a.example.edu/p0d96b64e/p2e07ca67,,,,R0039,34,ID-CDBE9D4325C6AC7C,1,train,reviewed_real,,,Reviewed; existing target fields retained.
THR273I7 S All Sections,Check Your Grades (Remark requests and Petitions Processed),Candice Reynolds,45758.788194444445,"Hi THR 273 Programmers,
 Please check your grades on Quercus and make sure they're all correct.
 The teaching team has processed all remark requests and validated petitions. The grades on Quercus are final, except for those who have petitions with in-progress status or for those who have accommodations of shifting the weight of an assessment to the final exam.
 If there is any error, please send me an user_3318872251bf@example.edu by April 15 2 PM (hard deadline) explaining the error and any evidence that shows what's the correction. Any request for grade changes after April 15 will have to go through the registrar's office and will take (plenty of) time.
 Wishing you all the best kristy day mahoney duffy!
 Best Steve,
 Candice",deadline,,,Final Grade Verification Reminder,,2025-04-15 14:00,R0040,35,ID-9791436738F58597,1,validation,reviewed_real,,,Replaced the title truncated at the email address with a concise action title. [2026-07-11 re-audit] Applied the user's reviewed title.
THR273I7 S All Sections,Levi's Final Review Session @ 4 PM Today,Brittany Benitez,45758.64722222222,"Here's the link to the stream: https://resource-57f9518dd074702a.example.edu/pe753ea56/pd0bedc3c
 Current plan is to go over gcyf 4956 Final ID-493BD7E0444E440F that weren't covered in the exam jam, let me know if I should do something else.",notice,YouTube,https://resource-57f9518dd074702a.example.edu/pe753ea56/pd0bedc3c,Levi's Final Review Session,2025-04-11 15:32,,R0041,36,ID-B5C925BD700E338D,1,train,reviewed_real,,,The announcement title supplies today's 4 pm time and the body supplies the YouTube stream. [2026-07-11 re-audit] Notice start_time set to Venue-1C8DA09F18 posted_at; end_time left blank per the user's rule.
THR273I7 S All Sections,Exam Jam Notes (and recording),Candice Reynolds,45755.71875,"The exam jam review session notes are available here: Exam Jam Notes
 Although there was no plan on having it recorded, but luckily the team responsible for media recordings helped me in the last minute and we were lucky to have the first 50 minutes of it recorded: https://resource-7d20d627c0f6ae1b.example.edu/pbc25dad4
 Candice",not related,,https://resource-7d20d627c0f6ae1b.example.edu/pbc25dad4,,,,R0042,37,ID-7725711850D168BB,1,train,reviewed_real,,,Reviewed; existing target fields retained.
THR273I7 S All Sections,"Important Notes on Final Exam on Tuesday, April 15 at 2 PM",Candice Reynolds,45754.231944444444,"As you already know, we will have our final exam on Tuesday April 15 at 2:00 PM. We'd like to confirm some information you need to know.
 Final exam setup:
 The final exam will be run in computer labs. The computers will be running either Windows or Linux. You will not be expected to use any commands in the terminal or valgrind, since it may be different than what you are used to.
 Remind yourself of the exam environment through this video: https://resource-4c39eb000a3456d8.example.edu/p32c46485
 You must show up at your assigned room as noted on ACORN. Failure to do so will delay your start time, and it will be deducted from your exam time.
 You will be given an exam paper that has a cover page on which you MUST write your name and ID, and two draft papers.",notice,,https://resource-4c39eb000a3456d8.example.edu/p32c46485,THR273 Final Exam,2025-04-07 05:34,,R0043,38,ID-A84D0E4F6C93F5E7,1,train,reviewed_real,,,Shortened the full announcement sentence to a calendar title. [2026-07-11 re-audit] Notice start_time set to Venue-1C8DA09F18 posted_at; end_time left blank per the user's rule.
THR273I7 S All Sections,"Important Notes on Final Exam on Tuesday, April 15 at 2 PM",Candice Reynolds,45754.231944444444,The exam starts at 2:00 PM and the length of the midterm itself will tx 654 minutes.,event,,,THR273 Final Exam,2025-04-15 14:00,2025-04-15 16:30,R0044,39,ID-A84D0E4F6C93F5E7,1,train,reviewed_real,,,The body gives both a ID-F56B4B3EBCE7FD04 final exam and a separate April 8 review session.
THR273I7 S All Sections,"Important Notes on Final Exam on Tuesday, April 15 at 2 PM",Candice Reynolds,45754.231944444444,Candice Reynolds will solve some past exam ID-493BD7E0444E440F during the Exam Jam on Tuesday April 8 yp 55 AM in KC 9090.,notice,KC 9090,,THR273 Exam Jam Review,2025-04-07 05:34,,R0045,39,ID-A84D0E4F6C93F5E7,2,train,reviewed_real,,,The body gives both a ID-F56B4B3EBCE7FD04 final exam and a separate April 8 review session. [2026-07-11 re-audit] Notice start_time set to Venue-1C8DA09F18 posted_at; end_time left blank per the user's rule.
THR273I7 S All Sections,"Important Notes on Final Exam on Tuesday, April 15 at 2 PM",Candice Reynolds,45754.231944444444,Levi Benitez will have a livestreamed revision session on Friday April 11 at 4 PM.,notice,,,Livestreamed Final Exam Revision Session,2025-04-07 05:34,,R0046,40,ID-A84D0E4F6C93F5E7,1,train,reviewed_real,,,Shortened the sentence-like title. [2026-07-11 re-audit] Notice start_time set to Venue-1C8DA09F18 posted_at; end_time left blank per the user's rule.
THR273I7 S All Sections,"Important Notes on Final Exam on Tuesday, April 15 at 2 PM",Candice Reynolds,45754.231944444444,"TAs and Candice Reynolds will be available on Monday, April 14, 2-6 PM on Zoom here: https://resource-77716d0dd1220fab.example.edu/pc2a043aa/p587be71c . Candice Reynolds from 2-3, Darrell from 3-4 and Latasha from 4-6.
 Final Exam Content:
 The final exam will have ID-493BD7E0444E440F on all the material discussed in the course. However, it focuses on material discussed after the midterm.
 Topics discussed after the midterm are dynamic memory allocation, 2D arrays, strings, recursion, linked lists, searching and sorting.
 If you are comfortable with material after the midterm, I would recommend you spend 10% of your time going over the notes for one topic, cdzg 30% of the time solving it’s respective ID-493BD7E0444E440F from https://resource-b2b4e140a3377c04.example.edu .
 The remaining time should be spent solving full past exams within timed constraints using VS Code.
 Looking at solutions is not practice.
 Final Exam Components:
 ID-493BD7E0444E440F will include: True/False ID-493BD7E0444E440F, multiple choice/selection ID-493BD7E0444E440F, short answer ID-493BD7E0444E440F requiring answers you will have to enter into a text box, programming and debugging using VS Code ID-493BD7E0444E440F.
 You will need to know how to run and use VS Code, and in particular know how to create a new program entirely from within VS Code. Only two extensions will be available: C/C++ and C/C++ Runner.
 You will have to be able to use the debugger within VS Code.
 You will not have to use Valgrind or Terminal commands.
 If you cannot compile, run and/or debug on VS Code, this is not the responsibility of the teaching team.
 Wishing you all the best!
 THR 273 Teaching Team",event,Zoom,https://resource-77716d0dd1220fab.example.edu/pc2a043aa/p587be71c,THR273 Final Exam Zoom Review Session,2025-04-14 14:00,2025-04-14 18:00,R0047,41,ID-A84D0E4F6C93F5E7,1,train,reviewed_real,,,Replaced the URL-truncated title with a concise session name.
THR273I7 S All Sections,Additional Course Evaluation Notes for CompEng.gg and Recordings,Brittany Benitez,45751.62777777778,"In addition to all the great additions Jacqueline. Candice Reynolds made to the course, please let us (especially the students in section 103) let us know how your experience with CompEng.gg is. This is a new system for software courses I've been developing and using for courses, and this is the first time it's been used in THR273. Previous systems had trouble with overloaded systems near the deadline, and not getting results back quickly. I hope both were smooth this semester (minus any differences due to undefined behaviour which are difficult for you to debug).
 Also, as a reminder the course evaluations are read by the ECE department, as well as the instructors, so if there's anything you specifically like (recorded lectures on YouTube, etc), please add it to your feedback as the department needs evidence that students appreciate these delivery methods.
 Thanks beverly patterson day tran!",not related,,,,,,R0048,42,ID-CD1D59603922CC5B,1,test,reviewed_real,,,Reviewed; existing target fields retained.
THR273I7 S All Sections,Help us improve THR273 – Course Evaluations Now Available!,Candice Reynolds,45751.20625,"Dear THR 273 Programmers,
 As we approach the end of the term, we would really appreciate it if you could take a few minutes to complete the course evaluation for THR273. The current response rate is around 12%, which is low -- we need your help!
 Your feedback plays a big role in reshaping the course for future students. In fact, previous course evaluations directly led to major improvements, such as
 The Snefru textbook with an interactive chatbot at https://resource-e28e6d6cf3165ec8.example.edu/pbcfc43a6.html to help you study and practice,
 The Reversi game leaderboard to add some fun and friendly competition,
 GitHub codespaces to make it easier and faster to start coding without complicated setup
 Lisa (Course ID: [TOKEN-98372c4c01f2]), our course-specific chatbot, to support you day and night
 Computer-based exams to match what you are used to in labs and what happens in practice
 We read every comment carefully — yes, even the long ones! 🙂 So if there’s anything you appreciated, struggled with, or would like to see changed, now is the perfect time to share it. It's an excellent chance to have your words shared with the leadership at the ID-B32B8FE7AD41555A of Venue-1C8DA09F18 too. Many decisions are taken based on this feedback.
 You can access the course evaluation through Course Evals page on Quercus and it only takes a few minutes. The deadline is approaching too.
 Thanks ashlee madden patterson wagner time and thoughts — they truly matter!
 Best Steve,
 Candice, on behalf of the entire teaching team",not related,,,,,,R0049,43,ID-948F724ADE0A2C4D,1,train,reviewed_real,,,"The https://resource-b2b4e140a3377c04.example.edu link is merely an example of a past course improvement, not an action link for the course evaluation."
THR273I7 S All Sections,Lab 8 Private Test Cases + Remark Requests,Candice Reynolds,45750.82638888889,"Dear THR 273 Programmers,
 Two announcements in one:
 1- Lab 8 autograder marks are released along with test cases. If your program missed any test cases, you need to open your Codespace, and type
 pull
 or
 git pull upstream main
 This will pull all private test cases. You may run the test command in the directory of the lab by running:
 cd /workspace/ID-7AFED1D2EAA1715E
 test
 As you know this will print which test cases passed/failed. If you are interested to know the input of a particular test case, you may open the directory ID-7AFED1D2EAA1715E , under which you will find test case 5, for example, under tests/private/inputs/ID-92759931C30BBCC4
 2- If you think you were graded unfairly, you may submit a remark request form linked on Quercus home page. It will be processed in the coming days.
 Common Question. Many students find it difficult to notice differences between their output and the expected output. If you are having trouble,
 View inputs of a test case, e.g., if you failed test case 1 in lab 8 part 1, you can view the input by opening ID-43FE74517C73D7E4/test/public/inputs/ID-6976EC73C3883033 file.
 View outputs of a test case, e.g., the output of the test case is in ID-43FE74517C73D7E4/test/public/outputs/ID-6976EC73C3883033 file.
 Use the compile command to compile your program.
 To get the output of test case 1, use meson-build/ID-904849441A26D99D &lt; tests/public/inputs/ID-6976EC73C3883033 command. This will produce the output of test case 1, that has inputs in tests/public/inputs/ID-6976EC73C3883033 file.
 Copy the output of your program and the output in tests/public/outputs/ID-6976EC73C3883033
 Open CheckDiff Links to an external site. , paste the two outputs in respective boxes, and click on Find difference . This will highlight the differences between the two outputs.
 Please don't hesitate to reach out for help or to ask any ID-493BD7E0444E440F on Piazza or during office hours or to Alan (Course ID: [TOKEN-98372c4c01f2]).
 Best Steve,
 Candice",not related,,,,,,R0050,44,ID-52F8DAE39CB93F8F,1,train,reviewed_real,,,Reviewed; existing target fields retained.
THR273I7 S All Sections,"NSI7351: No Monday (April 7) Lecture, Final Review Friday (April 11) @ 4 PM",Brittany Benitez,45750.669444444444,"Hello all!
 Just a reminder if you're in section 103, there is no lecture next Monday (April 7).",notice,,,No Lecture for Section 103,2025-04-03 16:04,,R0051,45,ID-2D8AF7B852DAF325,1,test,reviewed_real,,,Shortened the cancellation sentence to a calendar title. [2026-07-11 re-audit] Applied the user's reviewed title. Notice start_time set to Venue-1C8DA09F18 posted_at; end_time left blank per the user's rule.
THR273I7 S All Sections,"NSI7351: No Monday (April 7) Lecture, Final Review Friday (April 11) @ 4 PM",Brittany Benitez,45750.669444444444,"Instead there is a final review session I'll livestream starting at 4 PM next Friday (April 11), everyone is invited, no matter the section. Please post on Piazza/Discord any ID-493BD7E0444E440F you want me to go over, or email me.
 Good luck on finals, and thanks jean walton juarez cole!",notice,,,Final Review Livestream,2025-04-03 16:04,,R0052,46,ID-2D8AF7B852DAF325,1,test,reviewed_real,,,Filled the missing title for the April 11 review notice. [2026-07-11 re-audit] Notice start_time set to Venue-1C8DA09F18 posted_at; end_time left blank per the user's rule.
THR273I7 S All Sections,Leaderboard Update,Candice Reynolds,45749.92013888889,"Dear THR 273 Programmers,
 After the release of the final leaderboard yesterday, a student -- who I thank and think highly of after what they did -- came and said that there they suspect something is not right about winning some games. After some inspection, it turns out the leaderboard scripts did not consider a very special case when player D mistakenly thinks that they have no valid moves to play and they switch to the other player. In this case, the opponent will be waiting for a move from D , but the leaderboard is expecting a move from the opponent. The scripts would make the opponent mistaken and penalize them as they didn’t make a move. However, it’s not the opponent’s mistake as they were waiting for D to make a move. We corrected the bug yesterday, and realized that it slightly changed the sfw 77 players as one player in the sfw 77 now became in the Bnw 96. For this year's leaderboard, we will give certificates to the Bnw 96 to ensure this bug doesn't cause any distress to that student. I genuinely hope this sounds fair, although it's not worth any marks. Bnw 96 players will be contacted soon after the certificates are printed :)
 The final ( final ) leaderboard can now be viewed here: https://resource-598a874f56e0349b.example.edu/p9655a43c/p831a8bec/p95b3b77d
 I want to take a moment to thank the student who noticed the bug and came forward, especially that it made them rank lower in the leaderboard. I wish if there were more people like you in the world.
 Best Steve,
 Candice",not related,,https://resource-598a874f56e0349b.example.edu/p9655a43c/p831a8bec/p95b3b77d,,,,R0053,47,ID-AA0691776738F0F1,1,test,reviewed_real,,,Reviewed; existing target fields retained.
THR273I7 S All Sections,Final Leaderboard Lab 8 Part 3 Moi 7031,Candice Reynolds,45748.28125,"Dear THR 273 Programmers,
 Congratulations to everyone who participated in the leaderboard for the reversi game!
 The final leaderboard can be seen here: https://resource-598a874f56e0349b.example.edu/p9655a43c/p831a8bec/p95b3b77d , and the sfw 77 students will be contacted to get their certificates once they are ready.
 Note: if there is a difference between the leaderboard seen yesterday and now, it is because the leaderboard scripts mistakenly compiled the code available ~15 minutes before rbq 52:59 PM March 29, 2025 deadline. Also, since the leaderboard was running on a shared server, some moves were taking longer than they should. To avoid this, I ran the leaderboard again on a dedicated server. If you have any ID-493BD7E0444E440F, please feel free to email me to visit me during office hours.
 Best Steve,
 Candice",not related,,https://resource-598a874f56e0349b.example.edu/p9655a43c/p831a8bec/p95b3b77d,,,,R0054,48,ID-CEB186AEABAEEA36,1,train,reviewed_real,,,"March 29 is mentioned only as an already-past leaderboard compilation cutoff, not as a live deadline in this April 1 announcement."
THR273I7 S All Sections,Lisa to the Show Case for Outstanding Capstone Design Projects,Candice Reynolds,45744.90069444444,"Dear THR 273 Programmers,
 All THR 273 students are invited to attend the showcase for the capstone design teams for ZVL 458. This is where the outstanding projects capstone projects are presented . Lisa (Course ID: [TOKEN-98372c4c01f2]) , the Virtual Teaching Assistant many of you are using this term, is selected to present in the show case. If you want to know more about how Lisa was built, you can meet the team there. Also, it is a fantastic chance to get to know what happens at ECE and get inspired for summer or capstone design project ideas as well.
 Date: Saturday, March 29 (tomorrow)
 Time: 2 to 4 PM
 Location: Silverwood Building, Willowmere Lab (PN 651)
 See you there!
 Best Steve,
 Candice",event,"Silverwood Building, Willowmere Lab (PN 651)",,ZVL 458 Capstone Design Showcase,2025-03-29 14:00,2025-03-29 16:00,R0055,49,ID-A90AABB02AF61AE9,1,test,reviewed_real,,,"The body explicitly provides the showcase date, start/end times, and room."
THR273I7 S All Sections,Lab 9,Candice Reynolds,45743.83125,"Dear THR 273 Programmers,
 Lab 9 is now available here . It covers linked lists, data structures, strings, functions and loops. By Friday, for KJY 9308 and PSR 7521, we will have covered all of the material for that lab, except for inserting a node in an ordered list which we will cover on Monday. The lab will be due on Saturday, April 5 yp 55:59 PM . There is no in-person grading for lab 9.
 The lab is easier than labs 7 and 8, but since it covers the challenging (but fun) topic of linked lists, it is worth 5%.
 Please don't hesitate to reach out for help or to ask any ID-493BD7E0444E440F on Dennis or during office hours or to Lisa (Course ID: [TOKEN-98372c4c01f2]).
 Enjoy coding!
 Candice",deadline,,,Lab 9,,2025-04-05 23:59,R0056,50,ID-118CC94E71867A17,1,train,reviewed_real,,,Replaced the due-date sentence with the lab name.
THR273I7 S All Sections,ACU2570 March ID-6394DBE79C91E0EF 9AM Cancelled,Darrell Haley,45743.686111111114,"Dear ACU2570 students,
 Regrettably, I cannot make it to this week's tutorial on Friday at 9AM.
 This week's topic is recursion. I have posted the problems and attached the PDF in this announcement. Please attempt the problems on your own. I will post the solutions later.
 Best,
 Darrell",notice,,,ACU2570 Tutorial Cancellation,2025-03-27 16:28,,R0057,51,ID-DBB2FA59DCA965ED,1,train,reviewed_real,,,The announcement title supplies March 28 and the body supplies the cancelled 9 am tutorial. [2026-07-11 re-audit] Notice start_time set to Venue-1C8DA09F18 posted_at; end_time left blank per the user's rule.
THR273I7 S All Sections,Online Delivery For MKJ1304 and Plenary Lecture today,Sally Simmons,45741.59861111111,"The plenary lecture (Tuesday 5-6 P.M.
https://resource-64bd13f8f966e284.example.edu/pf80ba0a0/p662df2dd",event,Zoom,https://resource-64bd13f8f966e284.example.edu/pf80ba0a0/p662df2dd,Online Plenary Lecture,2025-03-25 17:00,2025-03-25 18:00,R0058,52,ID-F70B069717FD17A0,1,test,reviewed_real,,,The one-time online change covers two separate sessions with different times and Zoom links.
THR273I7 S All Sections,Online Delivery For MKJ1304 and Plenary Lecture today,Sally Simmons,45741.59861111111,"The tutorial MKJ1304 ( Tuesday 2-3 P.M.
https://resource-fa9edd1d3bd0af71.example.edu/p25613ff5/pc48a4261",event,Zoom,https://resource-fa9edd1d3bd0af71.example.edu/p25613ff5/pc48a4261,Online MKJ1304 Tutorial,2025-03-25 14:00,2025-03-25 15:00,R0059,52,ID-F70B069717FD17A0,2,test,reviewed_real,,,The one-time online change covers two separate sessions with different times and Zoom links.
THR273I7 S All Sections,Lab 7 (and all labs) Private Test Cases,Candice Reynolds,45737.12986111111,"Dear THR 273 Programmers,
 Since we expect it is important to fix bugs in lab 7 to be able to do lab 8, we are posting this important announcement.
 For lab 7 (and all labs), once the grades are released the private test cases can be pulled. All what you need to do is open your Codespace, and type
 pull or git pull upstream main
 This will pull all private test cases. You may run the test command in the directory of the lab by running:
 cd /workspace/ID-348D637FAF70E44A
 test
 As you know this will print which test cases passed/failed. If you are interested to know the input of a particular test case, you may open the directory ID-348D637FAF70E44A , under which you will find test case 5, for example, under tests/private/inputs/ID-AFA7F058BDF5D579
 Common Question. Many students find it difficult to notice differences between their output and the expected output. If you are having trouble,
 View inputs of a test case, e.g., if you failed test case 1 in lab 8 part 1, you can view the input by opening ID-43FE74517C73D7E4/test/public/inputs/ID-6976EC73C3883033 file.
 View outputs of a test case, e.g., the output of the test case is in ID-43FE74517C73D7E4/test/public/outputs/ID-6976EC73C3883033 file.
 Use the compile command to compile your program.
 To get the output of test case 1, use meson-build/ID-904849441A26D99D &lt; tests/public/inputs/ID-6976EC73C3883033 command. This will produce the output of test case 1, that has inputs in tests/public/inputs/ID-6976EC73C3883033 file.
 Copy the output of your program and the output in tests/public/outputs/ID-6976EC73C3883033
 Open CheckDiff , paste the two outputs in respective boxes, and click on Find difference . This will highlight the differences between the two outputs.
 Please don't hesitate to reach out for help or to ask any ID-493BD7E0444E440F on Piazza or during office hours or to Alan (Course ID: [TOKEN-98372c4c01f2]).
 Best Steve,
 Candice",not related,,,,,,R0060,53,ID-85FC9C9A695ED70C,1,train,reviewed_real,,,Reviewed; existing target fields retained.
THR273I7 S All Sections,Snefru Chatbot Survey,Max Duffy,45734.82083333333,"Dear all,
 We are excited to get your feedback on the chatbot integrated in the course textbook Snefru available here: https://resource-e28e6d6cf3165ec8.example.edu/pbcfc43a6.html
 Please fill this survey: https://resource-1ef6d2596efd5f72.example.edu/pf347aebc/p3de4bd7b . It will take you 5 - 7 minutes to complete, and it will help us improve the features and functionalities of it.
 If you didn’t use the textbook chatbot, you may use it here https://resource-e28e6d6cf3165ec8.example.edu/pbcfc43a6.html and fill the survey after that.
 Best Steve,
 Chris, Research Assistant",not related,,"https://resource-e28e6d6cf3165ec8.example.edu/pbcfc43a6.html
https://resource-1ef6d2596efd5f72.example.edu/pf347aebc/p3de4bd7b",,,,R0061,54,ID-C627EB712637820D,1,train,reviewed_real,,,Reviewed; existing target fields retained.
THR273I7 S All Sections,Lab 8 Parts 2 and 3 + Plenary Lecture 8,Candice Reynolds,45733.85902777778,"Dear THR 273 Programmers,
 1- We have increased the number of bonus points in lab 8. We added 2 extra bonus marks on lab 8 part 2. It is out wu 90 , but you can get up vp 17 marks , i.e. you can earn 2% bonus marks on your final course grade.
 2- Now, after you submit your lab 8, you can now view on CompEng.gg if you passed the test cases for lab 8 part 2. Earlier you couldn't see it.
 3- We encourage you to participate in lab 8 part 3 as we will be giving certificates for the sfw 77 ranked submissions on the leaderbaord: https://resource-87109097f88baec6.example.edu/pc4b50ed9/p142cb765/pefb974e1/p62c873dd.html .
 4- In tomorrow's plenary lecture on March 18, I will be outlining strategies to help you complete lab 8 with the bonus marks. See you tomorrow 5 - 6 PM in JE5929!
 Best Steve,
 Candice",event,JE 5929,,Lab 8 Strategy Plenary Lecture,2025-03-18 17:00,2025-03-18 18:00,R0062,55,ID-69E1E0BA5E6E16D3,1,train,reviewed_real,,,The lecture explicitly runs 5-6 pm in JE5929; the leaderboard URL belongs to a different undated announcement item.
THR273I7 S All Sections,Lab 8 is now available + In-person marking for Lab 7 due March 28,Candice Reynolds,45731.71111111111,"Dear THR 273 Programmers,
 1- Lab 8 is now available here . It covers 2D arrays, functions and nested loops. It will be due on Saturday, March 29 yp 55:59 PM .",deadline,,,Lab 8,,2025-03-29 23:59,R0063,56,ID-3CE621175E7CE875,1,train,reviewed_real,,,Replaced the deadline sentence with the lab name.
THR273I7 S All Sections,Lab 8 is now available + In-person marking for Lab 7 due March 28,Candice Reynolds,45731.71111111111,"There is an in-person grading for lab 8 that is due the following week after the deadline April 4 .
 Please note that this lab is the second part of our two Reversi game labs, which means you need to have completed lab 7 to start lab 8.",deadline,,,Lab 8 In-Person Grading,,2025-04-04 23:59 (time inferred),R0064,57,ID-3CE621175E7CE875,1,train,reviewed_real,,,Replaced the deadline sentence with the grading milestone name.
THR273I7 S All Sections,Lab 8 is now available + In-person marking for Lab 7 due March 28,Candice Reynolds,45731.71111111111,"You are given two weeks as the lab can be time consuming, but fun and rewarding when you complete it. Our advice is to start working on this lab early, as soon as you finish working on Lab 7.
 On Tuesday, March 18 , during the weekly plenary lecture (5-6 PM JE 5929), I (Candice) will be discussing strategies and basic ideas in Lab 8.",event,JE 5929,,Lab 8 Strategy Plenary Lecture,2025-03-18 17:00,2025-03-18 18:00,R0065,58,ID-3CE621175E7CE875,1,train,reviewed_real,,,Added the explicit room and missing calendar title.
THR273I7 S All Sections,Lab 8 is now available + In-person marking for Lab 7 due March 28,Candice Reynolds,45731.71111111111,"2- During the next week labs/practical sessions, TAs will be available for only one hour instead of two , and for that we have extended the deadline for the in-person grading for lab 7 by one week to March 28.
 Please don't hesitate to reach out for help or to ask any ID-493BD7E0444E440F on Dennis or during office hours or to Lisa (Course ID: [TOKEN-98372c4c01f2]).
 Enjoy coding!
 Candice",deadline,,,Lab 7 In-Person Grading,,2025-03-28 23:59 (time inferred),R0066,59,ID-3CE621175E7CE875,1,train,reviewed_real,,,Filled the missing title for the March 28 grading deadline.
THR273I7 S All Sections,Tutorial cancelled for HIG 7063,Latasha Stout,45730.63958333333,"Dear MZM6347 students,
 Today’s tutorial at 4pm is cancelled.
Thanks,
 Latasha",notice,,,MZM6347 Tutorial Cancellation,2025-03-14 15:21,,R0067,60,ID-23C30531803E722D,1,train,reviewed_real,,,"A cancelled tutorial at a stated time is a dated notice, not unrelated text. [2026-07-11 re-audit] Notice start_time set to Venue-1C8DA09F18 posted_at; end_time left blank per the user's rule."
THR273I7 S All Sections,Gutierrez Lewis Today March 13 Moved to 4:30,Candice Reynolds,45729.53333333333,"Due to a time conflict, I won’t be able to hold my Gutierrez Lewis at 1 PM today. Instead, I am moving it to be from 4:30 to 5:30 PM.
 Candice",event,,,Professor Reynolds's Gutierrez Lewis,2025-03-13 16:30,2025-03-13 17:30,R0068,61,ID-BC033B77DFBC60AA,1,train,reviewed_real,,,The rescheduled Gutierrez-Lewis interval is an event with explicit start and end times.
THR273I7 S All Sections,Plenary Lecture 7 on Building The Reversi Game,Candice Reynolds,45727.86041666667,"As mentioned in a previous announcement, today's plenary lecture will be helping you approach the larger more complex problem of the reverse game in lab 7. See you at 5 PM!
 Best Steve,
 Candice",notice,,,Reversi Game Plenary Lecture,2025-03-11 20:39,,R0069,62,ID-A820C14F10D68E6E,1,train,reviewed_real,,,The body announces today's 5 pm plenary lecture; Venue-1C8DA09F18 date is March 11. [2026-07-11 re-audit] Notice start_time set to Venue-1C8DA09F18 posted_at; end_time left blank per the user's rule.
THR273I7 S All Sections,Cancel Remaining 4 Sessions of XKZ 8803 ONLY,Candice Reynolds,45727.69583333333,"Due to low attendance levels, we are cancelling the remaining four sessions of OQN8900 through the end of the term.",notice,,,OQN8900 Tutorial Cancellation,2025-03-11 16:42,,R0070,63,ID-16416AFCBF28E136,1,train,reviewed_real,,,"The announcement cancels the four remaining Thursday 9 am sessions; OQN8900 is a section code, not a location. [2026-07-11 re-audit] Restored item-specific source context and removed multi-item target ambiguity. Notice start_time set to Venue-1C8DA09F18 posted_at; end_time left blank per the user's rule."
THR273I7 S All Sections,Lab 7 Is Now Available + Academic Integrity,Candice Reynolds,45723.77013888889,"Dear THR 273 Programmers,
 1- Lab 7 is now available here . It covers 2D arrays, functions and nested loops. It will be due on Saturday, March 15 yp 55:59 PM .",deadline,,,Lab 7,,2025-03-15 23:59,R0074,64,ID-AE168902B97141F6,1,train,reviewed_real,,,Replaced the deadline sentence with the lab name.
THR273I7 S All Sections,Lab 7 Is Now Available + Academic Integrity,Candice Reynolds,45723.77013888889,"There is an in-person grading for lab 7 that is due the following week March 21 .
 Please note that this lab will be the first part of our two Reversi game labs. As opposed to Labs 5 and 6, we are giving you less suggested functions. We expect that you start designing your own functions in labs 7 and 8, but you can get some inspiration from lab 6 suggestion functions.",deadline,,,Lab 7 In-Person Grading,,2025-03-21 23:59 (time inferred),R0075,65,ID-AE168902B97141F6,1,train,reviewed_real,,,Replaced the deadline sentence with the grading milestone name.
THR273I7 S All Sections,Lab 7 Is Now Available + Academic Integrity,Candice Reynolds,45723.77013888889,"This can make the labs time consuming, but fun and rewarding when you complete them. Our advice is to start working on this lab early, as soon as you finish working on Lab 6.
 On Tuesday, March 11 , during the weekly plenary lecture (5-6 PM JE 5929), I (Candice) will be discussing strategies and basic ideas in Lab 7.",event,JE 5929,,Lab 7 Strategy Plenary Lecture,2025-03-11 17:00,2025-03-11 18:00,R0076,66,ID-AE168902B97141F6,1,train,reviewed_real,,,Added the explicit room and missing title.
THR273I7 S All Sections,Lab 7 Is Now Available + Academic Integrity,Candice Reynolds,45723.77013888889,"This will be followed by another plenary lecture on March 18 , when I will be discussing the strategies for Lab 8.",notice,,,Lab 8 Strategy Plenary Lecture,2025-03-07 18:29,,R0077,67,ID-AE168902B97141F6,1,train,reviewed_real,,,Shortened the sentence-like title. [2026-07-11 re-audit] Notice start_time set to Venue-1C8DA09F18 posted_at; end_time left blank per the user's rule.
THR273I7 S All Sections,Lab 7 Is Now Available + Academic Integrity,Candice Reynolds,45723.77013888889,"Lab 8 will be due two weeks after Lab 7, on Saturday, March 29. We will release it soon.
 Please note that in lab 8 you will build on your code developed in lab 7, so if you miss lab 7, you will have to complete it to start lab 8.
 2- We will soon start contacting students who we have strong evidence of violating academic integrity policies with their lab submissions in the past labs. Please note we are actively pursing cases of academic integrity violations in future labs too. Please don't copy or share code with others. Please don't copy code on the internet. There is no benefit to do so. Penalties for academic integrity violations are serious at the ID-B32B8FE7AD41555A of Venue-1C8DA09F18. The process is unpleasant for instructors too :(
 Please don't hesitate to reach out for help or to ask any ID-493BD7E0444E440F on Dennis or during office hours or to Lisa (Course ID: [TOKEN-98372c4c01f2]).
 Enjoy coding!
 Candice",deadline,,,Lab 8,,2025-03-29 23:59 (time inferred),R0078,68,ID-AE168902B97141F6,1,train,reviewed_real,,,Replaced the deadline sentence with the lab name.
THR273I7 S All Sections,"Midterm Results, Lab 6 and Religious Observances",Candice Reynolds,45716.99930555555,"Dear THR 273 Programmers,
 To avoid multiple announcements, here are 3 announcements in 1:
 1- Lab 6 is now available here . It covers 2D arrays, functions and nested loops. Although some sections didn't yet cover how to pass a 2D array to a function, I think you can start the lab anyways. The deadline is March 8 11:59 PM.",deadline,,,Lab 6,,2025-03-08 23:59,R0079,69,e886881047389396,1,train,reviewed_real,,,Replaced the deadline sentence with the lab name.
THR273I7 S All Sections,"Midterm Results, Lab 6 and Religious Observances",Candice Reynolds,45716.99930555555,"There is an in-person grading for lab 6 that is due March 15 .
 2- Midterm results are out. The exam was out xe 49. The average ds 00% and the highest score ge 869%. Solutions are available on Quercus as you view your exam. Please let us know on Piazza if you are having trouble accessing it (we are new to this too!).
 We gave credit to all students for ID-493BD7E0444E440F 14 pmt 62. For Q14, none of the answers shown to you were correct.",deadline,,,Lab 6 In-Person Grading,,2025-03-15 23:59 (time inferred),R0080,70,e886881047389396,1,train,reviewed_real,,,Replaced the deadline sentence with the grading milestone name.
THR273I7 S All Sections,"Midterm Results, Lab 6 and Religious Observances",Candice Reynolds,45716.99930555555,"Option 3 was meant to be (w % 2 != 0) . Now, option 3 is corrected from (w % 2 == 0) to (w % 2 != 0) . For Q16, since valid/invalid terms were vague, the question was unfair for many. The intention was to have option 1, 3 and 4 to be correct.
 If you believe you were marked unfairly for a question, you may submit a remark request through this form . Deadline to submit a remark request is March 14, 11:59 PM.
 3- S ince Ramadan is the longest religious observance for a student group this term (to the best keith roman pittman), I want to take a moment to acknowledge its significance for many in our community. The ID-B32B8FE7AD41555A is committed to provide any reasonable accommodation to support students for all religious observances in accordance with its policy . If you require academic accommodations, including extensions on assignments, please request it from the First Year Office through the petition system. Wishing a blessed and fulfilling Ramadan to those observing!
 Please don't hesitate to reach out for help or to ask any ID-493BD7E0444E440F on Piazza or during office hours or to Lisa (Course ID: [TOKEN-98372c4c01f2]).
 Enjoy coding!
 Candice",deadline,,,Term Test Remark Request,,2025-03-14 23:59,R0081,71,e886881047389396,1,train,reviewed_real,,,Replaced the deadline sentence with the action name.
THR273I7 S All Sections,Missing Sheet from WR 0501,Candice Reynolds,45713.697916666664,"We are missing one attendance sheet from the exam held in WR 0501 earlier today. If you wrote your exam in WR 0501 and believe you may not have submitted your sheet, please come to my office (CG 716Q) today with your handout.
 Since attendance is confirmed by the submission of this sheet, it is important you submit this sheet to get your midterm grade.",deadline,CG 716Q,,Missing Midterm Attendance Sheet,,2025-02-25 23:59 (time inferred),R0082,72,ID-5CBF456FE840056B,1,train,reviewed_real,,,"Students are told to submit the missing sheet at CG 716Q today, creating a same-day deadline."
THR273I7 S All Sections,Extra Midterm Office Hours,Brittany Benitez,45711.82777777778,"I'll be in my office, TE 4742, for any drop-in ID-493BD7E0444E440F for the midterm starting at 4:10 PM, until probably 7 PM.",event,TE 4742,,Levi's Midterm Office Hours,2025-02-23 16:10,2025-02-23 19:00,R0083,73,3a361026825039e1,1,train,reviewed_real,,,The body announces same-day drop-in office hours and a separate Monday review session.
THR273I7 S All Sections,Extra Midterm Office Hours,Brittany Benitez,45711.82777777778,"Also, Monday I'll be doing another midterm review session.",notice,,,Midterm Review Session,2025-02-23 19:52,,R0084,73,3a361026825039e1,2,train,reviewed_real,,,The body announces same-day drop-in office hours and a separate Monday review session. [2026-07-11 re-audit] Notice start_time set to Venue-1C8DA09F18 posted_at; end_time left blank per the user's rule.
THR273I7 S All Sections,Exam Environment Video + Midterm Week Logistics,Candice Reynolds,45710.180555555555,"Dear THR 273 Programmers,
 For students who missed the mock exam last week, we have created a short video for you to familiarize yourself with the exam environment. I recommend you watch it in general even if you attended the mock exam. Please find the video here: https://resource-4c39eb000a3456d8.example.edu/p32c46485
 During the midterm week, I will hold extra office hours from 1 to 3 PM in my office (CG 716 Q) for last minute ID-493BD7E0444E440F. I am cancelling the office hours that I usually hold on Wednesday and Thursday only for the midterm week. Also, during the midterm week, we are not holding practical sessions, tutorials or the weekly plenary lectures. They will resume in the week of March 3. Please note lectures are held as usual.
 Wishing you all the best ashlee day adkins!
 Best Steve,
 Candice",not related,,https://resource-4c39eb000a3456d8.example.edu/p32c46485,,,,R0085,74,ID-A1A1D8E3CD7EAE0C,1,train,reviewed_real,,,Reviewed; existing target fields retained.
THR273I7 S All Sections,THR 273 Midterm February 25 from 9:10 qd 13:00 AM,Candice Reynolds,45702.751388888886,"We will have our midterm Tuesday February 25 at 9:10 AM . We'd like to give you information you need to know.
 Midterm setup:
 The midterm will be run in computer labs. The computers will be running either Windows or Linux. You should not be expected to use the Terminal, since it may be different than what you are used to.
 Please follow the room assignments here to know where you should go. You MUST go to the room you are assigned unless you are registered with ATS. Computers in BK 8290/1013 run on Linux and other rooms run on Windows.
 You will be given an exam paper that has a cover page on which you will write your name and ID, and three draft papers.
 The cover page will have instructions on how to login into the computer. Don't login using your own username and password.
 The exam will be submitted through Quercus Quizzes. Whatever is saved on the computer will not be used for evaluation, and we won’t have access to it.
 You will login into Quercus using your personal username and password, and you MUST know/remember these to write the exam.
 You MUST submit the exam paper to the TA before you leave.
 You will be allowed into the room before 9:10 AM to login into Quercus and start up VS Code before the exam starts.
 The exam starts at 9:10 AM and the length of the midterm itself will cz 038 minutes.
 Mock exams running this week should have simulated the exam environment well.",event,,,THR273 Midterm,2025-02-25 09:10,2025-02-25 11:00,R0086,75,ID-E3B9F838DC28EE51,1,train,reviewed_real,,,"The stated ID-6538CEF8032FC0C8 duration makes this a 9:10-11:00 event; BK 8290 is only one example room, not the universal location."
THR273I7 S All Sections,THR 273 Midterm February 25 from 9:10 qd 13:00 AM,Candice Reynolds,45702.751388888886,"You may continue to practice the Mock exam itself on Quercus Quizzes. For students who missed their practical session on Thursday due to weather conditions, we will record a video for the exam environment and post it in the coming days.
 Midterm components :
 ID-493BD7E0444E440F will include: True/False ID-493BD7E0444E440F, multiple choice/selection ID-493BD7E0444E440F, short answer ID-493BD7E0444E440F requiring answers you will have to enter into a text box, programming and debugging using VS Code ID-493BD7E0444E440F.
 You will need to know how to run and use VS Code, and in particular know how to create a new program entirely from within VS Code. Only two extensions will be available: C/C++ and C/C++ Runner.
 Since you cannot use the terminal on Windows computers, you will have to know how to compile, run and debug code using the C/C++ Runner extension. If you are unsure, please refer to the two videos under Lab 0 here: https://resource-c0fae4f0dede6df6.example.edu/pc492a5b9/pd563b508/pb27ddb7e/p7f675796
 You will have to be able to use the debugger within VS Code.
 You will not have to use the Terminal. In fact, if you use the terminal on a Windows computer, it will not look like what you are used to.
 Topics covered :
 Everything taught in the lectures up to and including Arrays. This includes chapters 1 through 7 in https://resource-e28e6d6cf3165ec8.example.edu/pbcfc43a6.html
 Revision or Q/A sessions :
 All lectures on Monday February 24 will be a revision lecture.",notice,,https://resource-e28e6d6cf3165ec8.example.edu/pbcfc43a6.html,THR273 Midterm Revision Lectures,2025-02-14 18:02,,R0087,76,ID-E3B9F838DC28EE51,1,train,reviewed_real,,,Shortened the sentence to a calendar-ready lecture title. [2026-07-11 re-audit] Notice start_time set to Venue-1C8DA09F18 posted_at; end_time left blank per the user's rule.
THR273I7 S All Sections,THR 273 Midterm February 25 from 9:10 qd 13:00 AM,Candice Reynolds,45702.751388888886,"During the reading week, Professor Reynolds is changing the regular Gutierrez hours to Fuentes and it will be on Friday, February 21 from 3 - 5 PM via Zoom: https://resource-6e0fe7e86615f254.example.edu/p46c484dc/pb099dd04
 Style of midterm:
 Most of the short ID-493BD7E0444E440F will be relatively simple to answer, if you have studied the material. Either you know the answer or not.
 But there will be many of them, making time management critical.
 We will not focus on syntactic details in answers to short ID-493BD7E0444E440F; e.g., no marks will be deducted if you forget to include the ';' at the end of a class declaration.
 The programming/debugging component on VSCode should also be straightforward if you completed the labs on your own.
 Time management :
 You will vipe 231 minutes to complete the test.
 The test will be closed-book. You cannot access any site other than Quercus Quizzes on THR 273. You may not bring other notes or computers. You may not use your mobile phones during the test.
 Similarly, for some of the short ID-493BD7E0444E440F you may be tempted to use VSCode to experiment with some code. This is not a good idea, as you are probably wasting time.
 For programming and debugging ID-493BD7E0444E440F, it is OK if you do not get your solution fully working, as your answer will be not marked by an automaker. It will be marked by TAs who will follow a marking scheme and give partial marks.",event,Zoom,https://resource-6e0fe7e86615f254.example.edu/p46c484dc/pb099dd04,Professor Reynolds's Fuentes Gutierrez Hours,2025-02-21 15:00,2025-02-21 17:00,R0088,77,ID-E3B9F838DC28EE51,1,train,reviewed_real,,,Filled the missing title for the Zoom Gutierrez-hours event.
THR273I7 S All Sections,Lab 5: Visualize How to Get the Next State of a Cell,Candice Reynolds,45701.87013888889,"We have created a short video to help you visualize how to find the next state of a cell in lab 5 here: https://resource-591c83b0799520df.example.edu/pbc74f64b
 It is also embedded in the lab handout itself: https://resource-44521392adf2545e.example.edu/pf0145e95/pb8d323c5#section-56c6b4e6
 Hope it helps! Please don't hesitate to ask any ID-493BD7E0444E440F on Dennis or to Lisa (Course ID: [TOKEN-98372c4c01f2]) or Discord or Office Hours.
 Enjoy coding!
 Candice",not related,,"https://resource-591c83b0799520df.example.edu/pbc74f64b
https://resource-44521392adf2545e.example.edu/pf0145e95/pb8d323c5#section-56c6b4e6",,,,R0089,78,ID-4FEF022E86A02359,1,test,reviewed_real,,,Reviewed; existing target fields retained.
THR273I7 S All Sections,Section 104 - Thursday February 13 Lecture is Cancelled,Chase Shelton,45701.38611111111,"Hello everyone,
 Due to the inclement weather and disruptions to some methods of transit, I’m cancelling today’s lecture.
 All the materials for the midterm have already been covered. You can download previous midterm exams and their solutions directly from Quercus.
Stay safe.
 Chase",notice,,,ZTF3765 Lecture Cancellation,2025-02-13 09:16,,R0090,79,ID-D752B8C6253DD571,1,test,reviewed_real,,,The section's February 13 lecture cancellation is a dated notice. [2026-07-11 re-audit] Notice start_time set to Venue-1C8DA09F18 posted_at; end_time left blank per the user's rule.
THR273I7 S All Sections,Section 103 - Thursday Lecture (Jwu 12) Cancelled,Brittany Benitez,45700.87291666667,"Hi all,
 I'm going to cancel my lecture tomorrow, due to concerns about the weather. Stay safe out there!
 Thankfully, we covered the review for all relevant ID-493BD7E0444E440F from khj 4322 offering of the course. For more midterm review, please check my last year recordings here:
 https://resource-ff9d499323f28645.example.edu/pb45c0186/pf0c3ca2a
 https://resource-120116167e109677.example.edu/p1ee64025/p25fe9c72
 https://resource-f70aa9bf84e8850b.example.edu/p64cd850d/pd37196b6
 https://resource-1e83cc4c9dbd7b8b.example.edu/p16d7eabf/p80882325
 I'll also be sure to be on Discord / Piazza during the normal lecture time slot if you have any ID-493BD7E0444E440F you'd like me to answer.
 Have a great reading week!",notice,,"https://resource-ff9d499323f28645.example.edu/pb45c0186/pf0c3ca2a
https://resource-120116167e109677.example.edu/p1ee64025/p25fe9c72
https://resource-f70aa9bf84e8850b.example.edu/p64cd850d/pd37196b6
https://resource-1e83cc4c9dbd7b8b.example.edu/p16d7eabf/p80882325",NSI7351 Lecture Cancellation,2025-02-12 20:57,,R0091,80,ID-51EA00942419E74F,1,validation,reviewed_real,,,The body cancels the next day's lecture; the linked recordings remain actionable alternatives. [2026-07-11 re-audit] Notice start_time set to Venue-1C8DA09F18 posted_at; end_time left blank per the user's rule.
THR273I7 S All Sections,Gutierrez Lewis Today 1 - 2 PM,Candice Reynolds,45700.583333333336,"Due to a conflict, my Gutierrez Lewis today will be held from 1 to 2 PM (instead of till 3 PM).",event,,,Professor Reynolds's Gutierrez Lewis,2025-02-12 13:00,2025-02-12 14:00,R0092,81,ID-8B9BAFDEA55E3AEF,1,train,reviewed_real,,,Today's explicit 1-2 pm Gutierrez-Lewis interval is an event.
THR273I7 S All Sections,Call for Volunteer Noter-Takers,Candice Reynolds,45699.85833333333,"Dear THR 273 Programmers,
 There is a call for volunteer note-takers in THR 273. It is highly rewarding to help others. You will also get a Certificate of Appreciation and qualify for Co-Curricular Record. If you can volunteer, read below for more details.
 Candice
 ---
 Accessibility Services is seeking volunteer note takers for students in this class who are registered in Accessibility Services. By volunteering to take notes for students with disabilities, you are making a positive contribution to their academic success. By volunteering as a note-taker, you will benefit as well - It is an excellent way to improve your own note-taking skills and to maintain consistent class attendance. At the end of term, we would be happy to provide a Certificate of Appreciation for your hard work. To request a Certificate of Appreciation please fill out the form at this link: Certificate of Appreciation or email user_7ee5b128e2d3@example.edu . You may also qualify for a Co-Curricular Record by registering your volunteer work on Folio before the end of June. We also have a draw for qualifying volunteers throughout the academic year.
 Steps to Register as a Volunteer :
 Register Online as a Volunteer Note-Taker at: https://resource-016912b2c1777e11.example.edu/p14781b06/p9430fe68/pe7e68d23.aspx
 For a step-to-step guide please follow this link to the Volunteer Notetaking Portal Guide
 Click on Volunteer Notetakers , and sign in using your UTORid
 Select the course(s) you wish to take notes for. Please note: you do NOT need to upload sample notes or be selected as a volunteer to begin uploading your notes.
 Start uploading notes.
 user_5eb979fc75a3@example.edu if you have ID-493BD7E0444E440F or require any assistance with uploading notes. If you are no longer able to upload notes for a course, please also let us know immediately .
 For more information about the Accessibility Services Peer Notetaking program, please visit Student Life Volunteer Note Taking .
 Thank you for your support and for making notes more accessible for our students.
 AS Note-taking Team",not related,,https://resource-016912b2c1777e11.example.edu/p14781b06/p9430fe68/pe7e68d23.aspx,,,,R0093,82,ID-EE6A2B19F164DB0F,1,train,reviewed_real,,,Reviewed; existing target fields retained.
THR273I7 S All Sections,Lab 5 is now available!,Candice Reynolds,45695.941666666666,"Dear THR 273 programmers,
 Lab 5 is now available here . It covers functions, loops and arrays. The deadline is February 15. For sections 1 and 2, you may until Monday to start the lab, which is when we cover arrays.",deadline,,,Lab 5,,2025-02-15 23:59 (time inferred),R0094,83,ID-7F7A587BDE3B9087,1,validation,reviewed_real,,,Replaced the deadline sentence with the lab name.
THR273I7 S All Sections,Lab 5 is now available!,Candice Reynolds,45695.941666666666,"There is an in-person lab marking for lab 5 that is due after the midterm week ( March 7 ), where you have to demo to the TA:
 1- How to run the debugger
 2- How to execute statements line by line
 3- Where the values of the variables are displayed
 4- How to execute statements in a function
 If you don't know how to do use the debugger, please watch plenary lecture 3 recording.
 Please don't hesitate to ask any ID-493BD7E0444E440F on Dennis or to Lisa (Course ID: [TOKEN-98372c4c01f2]).
 Enjoy coding!
 Candice",deadline,,,Lab 5 In-Person Grading,,2025-03-07 23:59 (time inferred),R0095,84,ID-7F7A587BDE3B9087,1,validation,reviewed_real,,,Filled the missing title for the March 7 grading deadline.
THR273I7 S All Sections,Mock Exam In Next Week PRA (Lab) Session,Candice Reynolds,45695.895833333336,"Dear THR 273 Programmers,
 As you all know, the midterm will be held on Tuesday February 25 at 9:10 AM . The exam will be computer-based (not paper-based as previous years).",notice,,,THR273 Midterm,2025-02-07 21:30,,R0096,85,c9a3987527492f8a,1,train,reviewed_real,,,Shortened the full sentence to a calendar title. [2026-07-11 re-audit] Notice start_time set to Venue-1C8DA09F18 posted_at; end_time left blank per the user's rule.
THR273I7 S All Sections,Mock Exam In Next Week PRA (Lab) Session,Candice Reynolds,45695.895833333336,"During the practical sessions next week (February 12 to February 14), we will run an ungraded midterm mock exam for the first 20 minutes.",notice,,,Practical-Session Midterm Mock Exam,2025-02-07 21:30,,R0097,86,c9a3987527492f8a,1,train,reviewed_real,,,Filled the missing title for the February 12-14 mock-exam notice. [2026-07-11 re-audit] Notice start_time set to Venue-1C8DA09F18 posted_at; end_time left blank per the user's rule.
THR273I7 S All Sections,Mock Exam In Next Week PRA (Lab) Session,Candice Reynolds,45695.895833333336,"This is to help you test the exam environment that we will have for our midterm.
 The process goes as follows:
 1- Before the lab begins, ECF team will turn the computers into exam mode.
 2- You will be given a username and password to login the computers. Please don't use your personal username and password as it will not work.
 3- Once you login into the computer, you can open a browser and login into Quercus using your utorid and password. You will do the mock exam on Quercus Quizzes. You will NOT have access to class notes on THR273 Quercus site. You will NOT be able to access any other Quercus course. You will NOT have access to any other website.
 4- You can open the VS Code application on the computers and use VS Code to compile, debug and run your code. As you open the VS Code application, you will see directories named for example `ID-67250858E5B1F805` and `ID-504E8FB5FF2AE791` and under these directories, you will have one .c file. As you know each folder, must have only one .c file. You are not expected to use the terminal or any commands in the mock exam or actual midterm or final exam. You will not have to type compile, test or any git command. You should submit your code by copying and pasting it on Quercus. Your midterm will be marked by TAs (not by an automarker) based on what you paste on Quercus.
 If something does not work, please immediately report the issue to a TA, instructor and/or IT staff, who will be there in the lab. We cannot troubleshoot the issue if you describe it later.
 This is a great chance to explore the exam environment, as during the actual exam no TA or instructor will help out with ID-493BD7E0444E440F like ""I don't know where is the exam,"" ""I don't know how to open VS Code on this computer,"" ""I don't know how to compile/run/debug my code,” ""Google is not working, why?"" etc.
 Soon we will post an announcement about the actual midterm content, duration, how to prepare, how and when to seek help.
 Best Steve,
 Candice",not related,,,,,,R0098,87,c9a3987527492f8a,1,train,reviewed_real,,,This fragment contains instructions only and no date; February 14 was inherited incorrectly from the preceding fragment.
THR273I7 S All Sections,Lab 3 Grades Released + Remark Request,Candice Reynolds,45691.98402777778,"Dear THR 273 Programmers,
 You can now see your lab 3 auto grader grades on Quercus under Grades. You should be able to see on https://resource-60678fd03268eecf.example.edu/pb95d9f7a . under Lab 3 your grades as well, and which test case did your program fail (if you failed any).
 If you lost any marks, and you want to know the input to the test case that failed, you may run
 pull
 in your codespace as you normally do before every lab.
 If there is a test case in lab 3 part 2 that your program failed at, you can open ID-DC5FFF34515F6423/tests/private to see the inputs of private test cases. If you want to fix your program and run the test cases again, you have to navigate to lab 3 part 2 in this case and type in the terminal:
 cd workspace/ID-DC5FFF34515F6423/
test
 This will run the test cases again.
 If you believe you were graded unfairly, for example, made a spelling mistake at the time of printing an output, you may request a remark through this form: fill in this form for remarking a lab , which is also there in the syllabus. The deadline to fill it is two weeks after the lab grade is released. We'll get back to you within 3 weeks.
 Best Steve,
 Candice",deadline,,https://resource-60678fd03268eecf.example.edu/pb95d9f7a,Lab 3 Remark Request,,2025-02-18 23:59 (time inferred),R0099,88,ID-00E1199F508929E0,1,validation,reviewed_real,,,The two-week remark window from the February 4 grade release creates a February 18 deadline.
THR273I7 S All Sections,Lab 4 new version released,Candice Reynolds,45688.95277777778,"Dear THR 273 Programmers,
 We released a new version of lab 4 that is available here .
 Due to technical glitches, the older version of lab 4 released hours ago was pulled back, since the solutions were mistakenly added to the GitHub repo. We thank you for your patience as we resolved the issue.
 Happy coding!
 Best Steve,
 Candice",not related,,,,,,R0100,89,ID-B3ED6F87CF1C7C59,1,train,reviewed_real,,,Reviewed; existing target fields retained.
THR273I7 S All Sections,Lab 4 is now available,Candice Reynolds,45688.770833333336,"Dear THR 273 programmers,
 Lab 4 is now available here . It covers functions and loops. The deadline is February 8.",deadline,,,Lab 4,,2025-02-08 23:59 (time inferred),R0101,90,ID-62EE0891C5B5F4B6,1,train,reviewed_real,,,Replaced the deadline sentence with the lab name.
THR273I7 S All Sections,Lab 4 is now available,Candice Reynolds,45688.770833333336,"There is no in-person lab marking as there is another activity we will do in the lab in the week of February 10 that is to be announced in a separate announcement.
 Please don't hesitate to ask any ID-493BD7E0444E440F on Dennis or to Lisa Links to an external site. (Course ID: [TOKEN-98372c4c01f2])
 Enjoy coding!
 Candice",notice,,,Lab-Week Activity,2025-01-31 18:30,,R0102,91,ID-62EE0891C5B5F4B6,1,train,reviewed_real,,,Filled the missing title for the activity notice beginning the week of February 10. [2026-07-11 re-audit] Notice start_time set to Venue-1C8DA09F18 posted_at; end_time left blank per the user's rule.
THR273I7 S All Sections,Lab 1 TA Grades + Lab 2 Autograder + Lab subsection + Codespaces + Debugging and Testing Plenary Lecture,Candice Reynolds,45685.77361111111,"Dear THR 273 Programmers,
 Five important announcements:
 1- Lab 1 TA Grade has been released. Please check your marks were entered correctly. If you have any ID-493BD7E0444E440F about your grade, you can always ask your lab TA.
 2- Lab 2 autograder marks were released. You can view them on Quercus or here: https://resource-60678fd03268eecf.example.edu/pb95d9f7a . If you want to know what test cases made your program fail, you can type in the terminal:
 pull
 This will pull all private test cases, navigate to the directory of the lab part you want to check, e.g. cd /workspace/ID-CA87820D27635FBC and type test in the terminal to see which test cases you failed. If there is a test case in lab 2 part 2, for example, that your program failed at, you can view ID-CA87820D27635FBC/tests/private to see the inputs of private test cases.
 3- Lab subsections for few students were updated on Quercus. Please check your lab subsection again and match it with this page https://resource-51fa37bacd67def2.example.edu/p08d47a10/p40b6ad56/p26cdbfa8/p6b3e4eb4 to make sure you are seated in the correct workstation range and you are graded by your assigned TA.
 4- Codespaces has limited hours per month: 120 hours. That is approximately 4 hours per day. You can apply for a GitHub Pro account as a student here: https://resource-d62b55760174b6ae.example.edu/pa8b1319c/p4d735014 to ljy 281 hours per month, which gives you 6 hours per day (more than enough). A bad practice that makes you exhaust the allowed hours is leaving your codespace tab open when not using it, or having an infinite loop that you didn't stop. You can stop an infinite loop by pressing Crtl+C in the terminal. In short, if you are done working, please close the codespace.
 5- Today's plenary lecture is on debugging and testing techniques. It is one of the most important skills you will acquire in this course. In one of the future labs, you will be asked to demo how do you use the debugger in VS Code.
 Thanks jean burton juarez kane in the announcement! Here is a treat for you. I just asked Lisa to tell me a joke about THR 273, and it said:
 Why do programmers prefer dark mode?
 Because light attracts bugs!
 (Sorry!)
 Best Steve,
 Candice",notice,,"https://resource-60678fd03268eecf.example.edu/pb95d9f7a
https://resource-d62b55760174b6ae.example.edu/pa8b1319c/p4d735014",Debugging and Testing Plenary Lecture,2025-01-28 18:34,,R0103,92,ID-28E86B0CD7E91566,1,train,reviewed_real,,,"The announcement explicitly identifies today's plenary lecture, so it is a dated notice. [2026-07-11 re-audit] Notice start_time set to Venue-1C8DA09F18 posted_at; end_time left blank per the user's rule."
THR273I7 S All Sections,Lab 1 Autograder Released,Candice Reynolds,45684.66736111111,"Dear THR 273 Programmers,
 You can now see your lab 1 auto grader grades on Quercus under Grades. You should be able to see on https://resource-60678fd03268eecf.example.edu/pb95d9f7a under Lab 1 your grades as well, and which test case did your program fail (if you failed any).
 If you lost any marks, and you want to know the input to the test case that failed, you may run
 pull
 in your codespace as you normally do before every lab.
 Then, navigate to the directory of each lab and run `test`.
 For example, to run the test cases (public and private) for lab 1 part 2, you can type in the terminal:
 cd workspace/ID-2D2D2954C7CF20BD/
test
 If there is a test case in lab 1 part 2 that your program failed at, you can open ID-2D2D2954C7CF20BD/tests/private to see the inputs of private test cases.
 Best Steve,
 Candice",not related,,https://resource-60678fd03268eecf.example.edu/pb95d9f7a,,,,R0104,93,ID-A8BFED00CB559CD2,1,train,reviewed_real,,,Reviewed; existing target fields retained.
THR273I7 S All Sections,Lab 3,Candice Reynolds,45680.183333333334,"Dear THR 273 Programmers,
 Lab 3 is now available here . You should know how to use functions from the math library, nested if-else statements, while, do-while and for loops in C. If you don't, you may wait for one more lecture before you start the lab . The deadline is Saturday, February 1 11:59 PM . The lab is worth 13 marks.",deadline,,,Lab 3,,2025-02-01 23:59,R0105,94,ID-7EFD023B2D2FCBEE,1,train,reviewed_real,,,Replaced the deadline sentence with the lab name.
THR273I7 S All Sections,Lab 3,Candice Reynolds,45680.183333333334,"In-person lab grading (3 out rj 17 marks) will be graded by the TA in your assigned lab section. The in-lab grading is due February 8, 2025 in your practical session (the following week after the deadline) .
 Please don't hesitate to ask any ID-493BD7E0444E440F on Dennis or to Lisa (Course ID: [TOKEN-98372c4c01f2])
 Best Steve,
 Candice",deadline,,,Lab 3 In-Person Grading,,2025-02-08 23:59 (time inferred),R0106,95,ID-7EFD023B2D2FCBEE,1,train,reviewed_real,,,Replaced the deadline sentence with the grading milestone name.
THR273I7 S All Sections,Lab 2 and Lisa,Candice Reynolds,45674.01527777778,"Dear THR 273 Programmers,
 Two announcements:
 1- Lab 2 is now available here . You should know how to use arithmetic operations, math library functions and if-statements in C. If you don't, you may wait for one more lecture before you work on the lab 2 part 3 . The deadline is Saturday, January 25 11:59 PM . The lab is worth 10 marks.",deadline,,,Lab 2,,2025-01-25 23:59,R0107,96,ID-5414D6BBF3DCCFA1,1,train,reviewed_real,,,Replaced the deadline sentence with the lab name.
THR273I7 S All Sections,Lab 2 and Lisa,Candice Reynolds,45674.01527777778,"In-person lab grading (3 out wu 90 marks) will be graded by the TA in your assigned lab section. The in-lab grading is due January 31, 2025 in your practical session (the following week after the deadline) .
 2- We have released Lisa , a course-specific chatbot, for THR 273. You can ask it administrative or conceptual concepts and it will answer in the context of the course.
 The course policy on using Lisa is the same policy on GenAI tools. GenAI tools do not carry any inherent authority. Source material (directly or indirectly) from a GenAI tool should not be used to support claims you make. Always verify the information it produces through the sources it provides. You can sign up here: https://resource-6b1df09d6f9630fe.example.edu and enter [TOKEN-98372c4c01f2] as the course code. It is developed by 4th year ECE students to help out. If you have feedback, you may email user_07e4e64ccf8c@example.edu . Given the fluid nature of GenAI use in ID-B32B8FE7AD41555A pedagogy, we encourage student engagement on the topic; if you have any additional ID-493BD7E0444E440F about the use of GenAI in your assignments, please contact your instructor(s).
 Please don't hesitate to ask any question on Dennis or to Lisa!
 Best Steve,
 Candice",deadline,,https://resource-6b1df09d6f9630fe.example.edu,Lab 2 In-Person Grading,,2025-01-31 23:59 (time inferred),R0108,97,ID-5414D6BBF3DCCFA1,1,train,reviewed_real,,,Replaced the deadline sentence with the grading milestone name.
THR273I7 S All Sections,Clarifying Lab Seating,Candice Reynolds,45671.79513888889,"Dear THR 273 Programmers,
 &lt;This announcement is to clarify the lab seating plan for in-lab marking.&gt;
 On Quercus Grades, you should see a Lab Subsection entry. This has a number in the following format 10x.y, where x is the number of your lab section in ID-9AB2BE982720C9AD, and y is the subsection number. To get graded by your assigned TA, you MUST be seated in one of the workstations allocated to your Lab Subsection available in this Page . For example , if you in lab subsection 105.3, please sit in any workstation from IE 24 to GN 952 in WR 0501.
 Best Steve,
 Candice",not related,,,,,,R0109,98,ID-1C2759760DC92D80,1,train,reviewed_real,,,"ID-9AB2BE982720C9AD is a section-code pattern, not a room, building, address, or online platform."
THR273I7 S All Sections,Lab 1,Candice Reynolds,45667.93819444445,"Dear THR 273 Programmers,
 Lab 1 is now available here . You should know how to use escape sequences , arithmetic operators , and data types in C. If you don't, you may wait for one more lecture before you work on the lab, e.g. students in KJY 9308 and PSR 7521 will wait till Monday. The deadline is Saturday, January 18 11:59 PM .
 The lab is worth 10 marks.
 In-person lab grading: 3 out wu 90 marks will be graded by the TA in your assigned lab section. To know who is your TA, go to Quercus &gt; Grades &gt; Notes.",deadline,,,Lab 1,,2025-01-18 23:59,R0110,99,ID-7DEA76C56CF0A215,1,train,reviewed_real,,,"JPW9275 is a section code rather than a location, and the title should name the lab."
THR273I7 S All Sections,Lab 1,Candice Reynolds,45667.93819444445,"There you will find the name of the TA, lab section and the workstation number. You must sit in your assigned seat for the TA to grade you. Otherwise, they will mistakenly think you are absent and give you a 0. The in-lab grading is due January 24, 2025 in your practical session (the following week after the deadline) .
 Automaker: 7 out wu 90 marks will be given by the automaker. There are 5 test cases public, which you can see now, and 2 hidden which you will see after the deadline. This is why you should make sure your code works as expected with different inputs.
 Please don't hesitate to ask any question on Dennis. No ID-493BD7E0444E440F are silly or stupid!
 Best Steve,
 Candice",deadline,,,Lab 1 In-Person Grading,,2025-01-24 23:59 (time inferred),R0111,100,ID-7DEA76C56CF0A215,1,train,reviewed_real,,,Replaced the deadline sentence with the grading milestone name.
THR273I7 S All Sections,Welcome to THR 273!,Candice Reynolds,45661.78194444445,"Dear THR 273 Programmers,
 Happy New Year!
 On behalf of all THR 273 teaching team, welcome to THR 273, Winter 2025! We hope you are excited and ready as much as we are!
 A few organizational notes for the first week of classes.
 1- In your schedule you will find two PRA sections. The PRA session that takes place on Tuesday from 5 to 6 pm in JE 5929 is the Plenary Lecture, and it starts on the second week of classes, i.e . January 14.",event,JE 5929,,THR273 Plenary Lecture,2025-01-14 17:00,2025-01-14 18:00,R0112,101,ID-98720465C49025AF,1,train,reviewed_real,,,Filled the missing event title.
THR273I7 S All Sections,Welcome to THR 273!,Candice Reynolds,45661.78194444445,January 6.,notice,,,THR273 Labs Begin,2025-01-04 18:46,,R0113,102,ID-98720465C49025AF,1,train,reviewed_real,,,Labs and tutorials begin on different dates and require separate notices. [2026-07-11 re-audit] Notice start_time set to Venue-1C8DA09F18 posted_at; end_time left blank per the user's rule.
THR273I7 S All Sections,Welcome to THR 273!,Candice Reynolds,45661.78194444445,January 13.,notice,,,THR273 Tutorials Begin,2025-01-04 18:46,,R0114,102,ID-98720465C49025AF,2,train,reviewed_real,,,Labs and tutorials begin on different dates and require separate notices. [2026-07-11 re-audit] Notice start_time set to Venue-1C8DA09F18 posted_at; end_time left blank per the user's rule.
MIJ624/093 Intro Chemistry and Materials Science (All Sections),Exam Jam Thursday 0900 XT5646,Haley Lyons,45630.74097222222,"Hello, I’ll be hosting a study session tomorrow at 9am in XT5646. This is optional. Check out the other sessions scheduled here: https://resource-6aaa80d4b709d82c.example.edu/p14c9eee2/p0b01281d
 S cott",notice,XT5646,https://resource-6aaa80d4b709d82c.example.edu/p14c9eee2/p0b01281d,Exam Jam Study Session,2024-12-04 17:47,,R0115,103,ID-029AD1F673292FC7,1,test,reviewed_real,,,The body announces a study session tomorrow at 9 am in XT5646; the schedule URL is actionable. [2026-07-11 re-audit] Notice start_time set to Venue-1C8DA09F18 posted_at; end_time left blank per the user's rule.
MIJ624/093 Intro Chemistry and Materials Science (All Sections),MIJ624 - Tutorial - Session 10,Logan Ibarra,45624.93194444444,"Dear all,
 Attached, please find the PDF file for our last tutorial session, 10 , from today morning and afternoon. All the best kristy wagner horton mahoney, life, and career.
 Best, Wendy",not related,,,,,,R0116,104,ID-1C7A56CB310B3E60,1,train,reviewed_real,,,Reviewed; existing target fields retained.
MIJ624/093 Intro Chemistry and Materials Science (All Sections),Tutorial Slides 10,Alexis Howe,45623.635416666664,"Hey yall,
 Here are the slides from yesterday's tutorial. Best keith whitaker bennett wagner final exam and the rest of your time here at U of T :) See you around!
 Alexis",not related,,,,,,R0117,105,ID-8311FBA62C87570E,1,train,reviewed_real,,,Reviewed; existing target fields retained.
MIJ624/093 Intro Chemistry and Materials Science (All Sections),Problem Set 3 - Figure,Derrick Moran,45622.981944444444,"Hi Everyone,
 It has been brought to my attention that Question 4 is missing the figure. Please find it attached below and the Assignment file has been reposted to include it
 Thank you,
 Derrick",not related,,,,,,R0118,106,ID-753F8B2FA9A0163A,1,validation,reviewed_real,,,Reviewed; existing target fields retained.
MIJ624/093 Intro Chemistry and Materials Science (All Sections),ZFZ5316 Reschedule,Marcus Lopez,45621.11388888889,"Hello everyone,
 As I am not able to run your classes this week, please kindly attend the alternative TA session below:
 QZE6052 / Tutor: Carrie Wise / Room: HR719 / Day and Time: Wednesday, Fgz 44, 10 gs-41 pm
 Best keith whitaker bennett wagner final exams, and your undergraduate studies journey!
 Warm wishes - Marcus",event,HR719,,ZFZ5316 Alternative Tutorial,2024-11-27 10:00,2024-11-27 12:00,R0119,107,ID-380C7FD12AFB8B17,1,train,reviewed_real,,,Added the explicit room and replaced the full slash-separated sentence with a concise title.
MIJ624/093 Intro Chemistry and Materials Science (All Sections),DLX2068 Reschedule,Marcus Lopez,45621.10833333333,"Hi all,
 As I will not be able to run tomorrow's tutorial, I have divided you into three alternative tutorial sessions, which you may find attached below. Please note that all these classes will be held between 10 gs-41 pm.
 Best keith whitaker bennett wagner final exams, and your undergraduate studies journey!
 Warm wishes - Marcus
 DLX2068.pdf",event,,,Alternative Tutorial Sessions,2024-11-25 10:00,2024-11-25 12:00,R0120,108,ID-D8FE4886B9941C7B,1,train,reviewed_real,,,Reviewed; existing target fields retained. [2026-07-11 re-audit] Tomorrow's alternative tutorial sessions explicitly nkz 73 AM-noon.
MIJ624/093 Intro Chemistry and Materials Science (All Sections),Tutorial 9 slides,Alexis Howe,45617.94930555556,"hi everybody, here are the slides from this week!",not related,,,,,,R0121,109,ID-8645A525F539E21B,1,train,reviewed_real,,,Reviewed; existing target fields retained.
MIJ624/093 Intro Chemistry and Materials Science (All Sections),MIJ624 - Tutorial - Session 9,Logan Ibarra,45617.927777777775,"Dear all,
 Attached, please find the PDF file for our session 9 from today morning and afternoon.
 Bryan, Wendy",not related,,,,,,R0122,110,ID-E32BA256DBCCC172,1,train,reviewed_real,,,Reviewed; existing target fields retained.
MIJ624/093 Intro Chemistry and Materials Science (All Sections),Week 9 Handout,Marcus Lopez,45616.709027777775,"Hi all,
 Attached please find the week 9 tutorial slides.
 Warm Wishes - Marcus
 Week9-MIJ624-Marcus Lopez-1.pdf",not related,,,,,,R0123,111,ID-ACCD26EF3FE9BD81,1,train,reviewed_real,,,Reviewed; existing target fields retained.
MIJ624/093 Intro Chemistry and Materials Science (All Sections),Week 9 Handout,Marcus Lopez,45614.81180555555,"Hi all,
 You may find week 9 slides here.
 Warm wishes - Marcus
 Week9-MIJ624-Marcus Lopez.pdf",not related,,,,,,R0124,112,ID-A692C5CDCD54F251,1,train,reviewed_real,,,Reviewed; existing target fields retained.
MIJ624/093 Intro Chemistry and Materials Science (All Sections),Tutorial 8 slides,Alexis Howe,45611.78194444445,hey yall here are the slides from this week :),not related,,,,,,R0125,113,ID-5D31CE9660B571ED,1,validation,reviewed_real,,,Reviewed; existing target fields retained.
MIJ624/093 Intro Chemistry and Materials Science (All Sections),Test regrade requests,Haley Lyons,45611.652083333334,"Hello,
 If you have reviewed your test carefully and also reviewed the marking key and believe that you deserve a mark that was not awarded, please contact your tutorial TA.
 If warranted, they will be able to make the change directly in Crowdmark. Please note that you won't see the updated mark reflected immediately in Quercus. I'll have to manually update the Quercus grades and I'll do that in early December.
 If you contacted me directly, please reach out to your TA.
 Thanks,
 Haley",not related,,,,,,R0126,114,ID-8E3807F7208F1056,1,train,reviewed_real,,,Reviewed; existing target fields retained.
MIJ624/093 Intro Chemistry and Materials Science (All Sections),Reminder Adam 3: Nov ID-E34952F4B899E0BE,Derrick Moran,45611.09027777778,"Hi Everyone,
 Just a quick reminder that Adam 3 will be released for November ID-E34952F4B899E0BE, 2024. The format will be the similar to Adam 1 and 2; there will be 6 MCQ. The testing conditions are the same - you will ivlk 80 hours to access the Adam, but once the Adam is started you will gcsp 14 minutes to complete. The covered topics are all of Chapter 6-8 and Chapter 9 up until Electron Configuration.
 Thank you,
Derrick",notice,,,Adam 3 Release,2024-11-15 02:10,,R0127,115,ID-72F0FBC8B23DD7FD,1,train,reviewed_real,,,Shortened the release sentence to a concise title. [2026-07-11 re-audit] Notice start_time set to Venue-1C8DA09F18 posted_at; end_time left blank per the user's rule.
MIJ624/093 Intro Chemistry and Materials Science (All Sections),MIJ624 - Tutorial - Session 8,Logan Ibarra,45610.92986111111,"Dear all,
 Attached, please find the PDF file for our session 8 from today morning and afternoon.
 Bryan, Wendy",not related,,,,,,R0128,116,ID-C3088D735D6D08D8,1,test,reviewed_real,,,Reviewed; existing target fields retained.
MIJ624/093 Intro Chemistry and Materials Science (All Sections),Week 8 Handout,Marcus Lopez,45607.759722222225,"Dear all,
 You may find the slides of the week 8 tutorial attached.
 Warm wishes,
 Marcus
 MIJ624-Week8-Marcus Lopez.pdf",not related,,,,,,R0129,117,ID-4FC381602F98D050,1,train,reviewed_real,,,Reviewed; existing target fields retained.
MIJ624/093 Intro Chemistry and Materials Science (All Sections),Problem Set #2 Due Date,Derrick Moran,45606.8375,"Hi Everyone,
 Please note the due date for Problem Set #2 has been moved to Monday @ midnight. The change was made as the problem was released during reading week, so you will have one additional day to work on it.
 Thank you,
 Derrick",deadline,,,Problem Set 2,,2024-11-11 23:59,R0130,118,ID-75FE4EAAB4D692B3,1,test,reviewed_real,,,"The Sunday-night announcement moves the due date to the end of Monday, November 11."
MIJ624/093 Intro Chemistry and Materials Science (All Sections),solutions to test,Haley Lyons,45604.665972222225,"GenericSolutions.pdf
 test ID-C5BC34D9126B652D.pdf
 test ID-CE981A4B9F35C40A.pdf
 test ID-F67CD186B05E8B56.pdf
 test ID-7442DC1D79832697.pdf
 test ID-28624CC0B770DCE4.pdf
 test ID-21676235B414AE01.pdf
 test ID-13E927F05A43755A.pdf
 test ID-3DF2C442EE0D5B2F.pdf
 test ID-25B4DBA1EBB0FEB8.pdf
 test ID-B484897348E9B07E.pdf
 test ID-C7EBD60741C81930.pdf
 test ID-4FDACAC076FFDAB3.pdf
 test ID-CF26DE329CD3F53F.pdf
 test ID-8862180632B387EC.pdf
 test ID-26BE80DA5F696951.pdf
 Test ID-0D4744BD4A642D38.pdf
 test ID-16C8D92FEA4DB6A2.pdf
 test ID-C3FBCA436D69050E.pdf
 test ID-FC7AF8BE11B0638C.pdf
 test ID-4F7535A7F40BA021.pdf",not related,,,,,,R0131,119,ID-E2DA3260591A3A28,1,train,reviewed_real,,,Reviewed; existing target fields retained.
MIJ624/093 Intro Chemistry and Materials Science (All Sections),Term Test Grades,Haley Lyons,45603.89861111111,"Hello,
 The term test grades are now ready and I will post them later this evening and return the graded Crowdmark versions to you as well.
 While many students did very well, there were some students who likely didn't perform as well as they would have liked. We appreciate that each point on the midterm was worth nearly 2% of your final grade. This makes even small errors on the midterm very significant.
 To help, we will automatically nnoy 72% of the term test weighting to the final exam for any student who performs better on the final exam than they did on the midterm.
 All the best,
 Haley",notice,,,Term Test Grade Posting,2024-11-07 21:34,,R0132,120,ID-7506A363F5902E5E,1,train,reviewed_real,,,"The grades are promised later that same day, which is a dated posting notice. [2026-07-11 re-audit] Notice start_time set to Venue-1C8DA09F18 posted_at; end_time left blank per the user's rule."
MIJ624/093 Intro Chemistry and Materials Science (All Sections),MIJ624 - Tutorial - Session 7,Logan Ibarra,45603.888194444444,"Dear all,
 Attached, please find the PDF file for our session 7 from today morning and afternoon.
 Bryan, Wendy",not related,,,,,,R0133,121,ID-F4AF0756E6D65205,1,validation,reviewed_real,,,Reviewed; existing target fields retained.
MIJ624/093 Intro Chemistry and Materials Science (All Sections),Week 7 Handout,Marcus Lopez,45602.75625,"Dear all,
 You may find the slides for week 7 attached.
 Warm wishes - Marcus
 MIJ624-Week 7-Marcus Lopez-1.pdf",not related,,,,,,R0134,122,ID-66C5EF8BE65B8D15,1,train,reviewed_real,,,Reviewed; existing target fields retained.
MIJ624/093 Intro Chemistry and Materials Science (All Sections),Tutorial 7 slides,Alexis Howe,45601.9125,"Hey yall, here are the slides from today :)",not related,,,,,,R0135,123,ID-C9B5A68277D27B24,1,validation,reviewed_real,,,Reviewed; existing target fields retained.
MIJ624/093 Intro Chemistry and Materials Science (All Sections),Week 6 Handout,Marcus Lopez,45586.67569444444,"Hi all,
 You may find the handout of today's session here.
 Cheers, bob dean whitaker barker your midterm!
 Marcus",not related,,,,,,R0136,124,ID-7240E9B095F73DDC,1,train,reviewed_real,,,Reviewed; existing target fields retained.
MIJ624/093 Intro Chemistry and Materials Science (All Sections),Test details for Monday,Haley Lyons,45585.98541666667,MIJ624: you must write your test in your assigned lecture room,notice,,,MIJ624 Term Test,2024-10-20 23:39,,R0137,125,ID-5B34FD17BB1A8268,1,train,reviewed_real,,,"MIJ624 uses each student's assigned lecture time, while PVM210 has a separate explicit 6-7 pm sitting in XP625. [2026-07-11 re-audit] Notice start_time set to Venue-1C8DA09F18 posted_at; end_time left blank per the user's rule."
MIJ624/093 Intro Chemistry and Materials Science (All Sections),Test details for Monday,Haley Lyons,45585.98541666667,PVM210: you will write qweb 7275 - 1900 in XP625,event,XP625,,PVM210 Term Test,2024-10-21 18:00,2024-10-21 19:00,R0138,125,ID-5B34FD17BB1A8268,2,train,reviewed_real,,,"MIJ624 uses each student's assigned lecture time, while PVM210 has a separate explicit 6-7 pm sitting in XP625."
MIJ624/093 Intro Chemistry and Materials Science (All Sections),Practice test from Wednesday,Haley Lyons,45583.70763888889,"Some of you have asked for the practice test from Wednesday, so here it is. Enjoy!
 Doc - Twt 31 2024 - 07-37.pdf
 ID-55DE78051ED9934F-1.pdf
 ID-B8CDC66CD247ABFE - Copy.pdf
 Haley",notice,,,Practice Test Files Posted,2024-10-18 16:59,,R0139,126,ID-3EB974C5B54F328E,1,test,reviewed_real,,,Reviewed; existing target fields retained. [2026-07-11 re-audit] Applied the user's reviewed notice classification; start_time is assigned from Venue-1C8DA09F18 posted_at by the global notice rule. Notice start_time set to Venue-1C8DA09F18 posted_at; end_time left blank per the user's rule.
MIJ624/093 Intro Chemistry and Materials Science (All Sections),Section 3 Friday lecture time cancellation,Lee Wilkins,45581.60138888889,"Good day engineers!
 Welcome to section 3 of MIJ624!
 For this Friday Hcs 21, 2024 - the Friday day is a cancelled lecture day/lecture time for MIJ624 section 3 - it is cancelled. Sorry it is due to my lack of availability.
 This will also enable you to have this free hour to also look into things for the upcoming midterm that was shifted from the Saturday to the Monday during lecture time, or the cancellation will enable anything you wish to do.
 I will also raise this at class today/today being a Wednesday.
 Happy day again! Best /B
 #--
Professor Andrew. Lee F. Wilkins
Department of Chemical Engineering and Applied Chemistry
Faculty of Applied Science and Engineering
ID-B32B8FE7AD41555A of Venue-1C8DA09F18
427 Granite Street, Venue-1C8DA09F18, Ontario. Y6A 3V3 CANADA
Email: user_56b60fb5e7b1@example.edu",notice,,,NSI7351 Lecture Cancellation,2024-10-16 14:26,,R0140,127,ID-C916CE08E40E7136,1,train,reviewed_real,,,Filled the missing title for the October 18 cancellation. [2026-07-11 re-audit] Notice start_time set to Venue-1C8DA09F18 posted_at; end_time left blank per the user's rule.
MIJ624/093 Intro Chemistry and Materials Science (All Sections),Midterm rescheduled for Monday Tai 52 in your assigned lecture,Haley Lyons,45576.62013888889,"After much discussion and deliberation, Profs Wilkins, Deanna and I have made the difficult decision to reschedule the midterm for Monday October 21 during your assigned lecture.
 This decision was not made lightly and I realize this will be upsetting for some of you. I apologize sincerely. The reason was that there were a great deal of students with very reasonable and legitimate conflicts with the Saturday time.
 I want you to know that I have never had to do this previously. This is not how I typically operate this course. In hindsight, I should have foreseen these challenges and refused the Saturday booking from the outset. I take responsibility for that and I apologize.
 The topics will remain the same, however the duration will now be mikl 82 minutes, meaning there will be fewer ID-493BD7E0444E440F, likely 10 MCQ and 3 short answer, or thereabouts.
 Thank you for your understanding with this difficult decision.
 I hope you all have a great long weekend.
 Haley",notice,,,MIJ624/093 Midterm,2024-10-11 14:53,,R0141,128,ID-56EF0E783183ADCA,1,validation,reviewed_real,,,Filled the missing title for the October 21 rescheduled midterm notice. [2026-07-11 re-audit] Notice start_time set to Venue-1C8DA09F18 posted_at; end_time left blank per the user's rule.
MIJ624/093 Intro Chemistry and Materials Science (All Sections),MIJ624 - Tutorial - Session 5,Logan Ibarra,45575.86388888889,"Dear all,
 Enclosed, please find the PDF file for our session 5 from today morning and afternoon. The midterm exam will be asked from chapters 1 through 7 .
 Bryan, Wendy",not related,,,,,,R0142,129,ID-2B172737D930DE10,1,train,reviewed_real,,,Reviewed; existing target fields retained.
MIJ624/093 Intro Chemistry and Materials Science (All Sections),Request: complete survey regarding Saturday term test conflicts,Haley Lyons,45575.58125,"Hello,
 I have heard from a number of students who have conflicts with the term test on Saturday Hxj 48 from 1 - 3 pm.
 Can I ask all of you to please complete the following form as soon as possible to indicate whether or not you have conflict with the scheduled midterm time?
 https://resource-065bfcd214e18d4f.example.edu/pe1d988b3/pec055b9a
 Many thanks,
 Haley",event,,https://resource-065bfcd214e18d4f.example.edu/pe1d988b3/pec055b9a,MIJ624/093 Term Test,2024-10-19 13:00,2024-10-19 15:00,R0143,130,ID-0F6A2D7B222E8D88,1,validation,reviewed_real,,,Replaced the conflict-reporting sentence with the event name.
MIJ624/093 Intro Chemistry and Materials Science (All Sections),Tutorial 5 slides,Alexis Howe,45574.77013888889,"Hey everybody, here are the slides from yesterday! I won't be here the next two weeks, but you'll be in good hands, with Jill leading your tutorials. See ya later!",not related,,,,,,R0144,131,ID-DE4B67EA681E5C88,1,train,reviewed_real,,,Reviewed; existing target fields retained.
MIJ624/093 Intro Chemistry and Materials Science (All Sections),"Adam 2: Friday, October 3rd",Derrick Moran,45568.86736111111,"Good afternoon Everyone,
 Just a reminder that Adam 2 will be available starting 12:01 AM until 11:59 PM. The format shall remain the same, you will gcsp 14 minutes to complete, it will include 5 MC ID-493BD7E0444E440F and one short answer question.
 Thank you,
 Derrick",event,,,Adam 2,2024-10-04 00:01,2024-10-04 23:59,R0145,132,ID-31E3E3A7E3FC2965,1,train,reviewed_real,,,The body provides a full-day availability window; Friday and the posting context resolve the title's mistaken October 3 date to October 4.
MIJ624/093 Intro Chemistry and Materials Science (All Sections),MIJ624 - Tutorial - Session 4,Logan Ibarra,45568.84861111111,"Dear all,
 Enclosed, please find the PDF file for our session 4 from today morning and afternoon.
 Bryan, Wendy",not related,,,,,,R0146,133,ID-1100803249897452,1,train,reviewed_real,,,Reviewed; existing target fields retained.
MIJ624/093 Intro Chemistry and Materials Science (All Sections),Tutorial 4 slides,Alexis Howe,45566.875,hey yall! here are the slides from today,not related,,,,,,R0147,134,ID-16BE21D54A8A5C0C,1,validation,reviewed_real,,,Reviewed; existing target fields retained.
MIJ624/093 Intro Chemistry and Materials Science (All Sections),MIJ624 - Tutorial - Session 3,Logan Ibarra,45561.8625,"Dear all,
 Enclosed, please find the PDF file for our session 3 from today morning and afternoon.
 Bryan, Wendy",not related,,,,,,R0148,135,ID-8F2843C1FE14A287,1,train,reviewed_real,,,Reviewed; existing target fields retained.
MIJ624/093 Intro Chemistry and Materials Science (All Sections),The winner of the number of spheres in the Erlenmeyer is...,Haley Lyons,45561.82847222222,"Thanks jean wagner perez barker this much anticipated announcement!
 The total number of Delrin spheres in the Erlenmeyer flask qja 2333.
 There were many excellent answers given, but two students tied for closest, both submitting answers mg 8522, only two spheres away!
 Congratulations to Shari English and Arthur Mclean!
 Come by my office during office hours next week and I'll give you each your prize!
 Haley",not related,,,,,,R0149,136,ID-5151B41592A33DCA,1,train,reviewed_real,,,Reviewed; existing target fields retained.
MIJ624/093 Intro Chemistry and Materials Science (All Sections),"Reminder! Adam tomorrow, and Tutorial 3 Slides and practice Adam answers",Micheal Pena,45561.61944444444,"Hi hi,
 Reminder that Adam 1 has just been rescheduled for tomorrow, opening mf 39:01 am and closing yp 55:ID-0D5A8065CF0671F9 Friday rnb 71:59.
Also, attached the slides I used from today as well as the practice Adam answers.
 practice Adam 3 ID-4455563C00BF60D8.pdf
 tutorial 3 ID-73C325AEFC41867B.pdf
 Good luck on the Adam, and then enjoy your weekend :)
 -Joce",event,,,Adam 1,2024-09-27 00:01,2024-09-27 23:50,R0150,137,ID-711A20846DE533D9,1,train,reviewed_real,,,Tomorrow's Adam has an explicit opening and closing time.
MIJ624/093 Intro Chemistry and Materials Science (All Sections),"Adam 1 Rescheduled to Friday, September ID-D130FB0F79EED3F2",Derrick Moran,45561.35625,"Good morning Everyone,
 Thank you for your patience while the teaching team sorted out the details for the rescheduling of Adam 1.
 We will host the Adam on Quercus for tomorrow Friday, September ID-D130FB0F79EED3F2. The format will be the exact same ( 5 MC and 1 Short Answer) covering the same topics (Sections 1 to 3). The Adam will be made available mf 39:ID-BCCF60AB765A5BBB until 11:ID-0D5A8065CF0671F9, once started you will have half an hour to complete.
 Please let me know if you have any ID-493BD7E0444E440F.
 Thank you,
 Derrick",event,Quercus,,Adam 1,2024-09-27 00:01,2024-09-27 23:50,R0151,138,ID-828CA83F328CA38A,1,train,reviewed_real,,,The rescheduled Quercus Adam has an explicit availability interval.
MIJ624/093 Intro Chemistry and Materials Science (All Sections),Tutorial 3 Slides,Alexis Howe,45560.78194444445,"hey everybody,
 here's the slides from yesterday's tutorial :)",not related,,,,,,R0152,139,ID-F6E1CB7F052C9D68,1,train,reviewed_real,,,Reviewed; existing target fields retained.
MIJ624/093 Intro Chemistry and Materials Science (All Sections),Adam cancelled - Quercus issues impacting Adam,Haley Lyons,45555.775,"Quercus is experiencing slow response times today and I've received reports that this is impacting students attempting to complete the Adam. I've also heard that Quercus may have wrongly presented some students with an early version of the Adam, including some ID-493BD7E0444E440F on topics we have not covered yet.
 As a result of these issues, I'll have to cancel the Adam and reschedule it for a later date. I'll leave the Adam open in case you would like to attempt it for practice, but the grade will not count towards your course grade.
 Sorry about this. I know it will be frustrating and disappointing, so thanks jean wagner buckley.
 Haley",notice,Quercus,,Adam 1 Cancellation,2024-09-20 18:36,,R0153,140,ID-A4FF06C2A20961DB,1,train,reviewed_real,,,The same-day Quercus Adam cancellation is a dated notice; the replacement date is not yet known. [2026-07-11 re-audit] Notice start_time set to Venue-1C8DA09F18 posted_at; end_time left blank per the user's rule.
MIJ624/093 Intro Chemistry and Materials Science (All Sections),Fun Friday: Guess the number of small white spheres in the Erlenmeyer flask,Haley Lyons,45555.69305555556,"Today in lecture I showed a large flask full of small white spheres. Just for fun, I'll award a small prize to the student who gets closest to the actual number of spheres in the flask. View the flask and dimensions and submit your answer here: How many small spheres?",not related,,,,,,R0154,141,ID-2635C399AB3229E6,1,validation,reviewed_real,,,Reviewed; existing target fields retained.
MIJ624/093 Intro Chemistry and Materials Science (All Sections),Tutorial 2 slides,Alexis Howe,45554.92013888889,Slides for tutorial 2! Good luck on the Adam tomorrow and see yall next week!,not related,,,,,,R0155,142,ID-899E8F7EB30007F3,1,train,reviewed_real,,,Reviewed; existing target fields retained.
MIJ624/093 Intro Chemistry and Materials Science (All Sections),MIJ624 - Tutorial - Session 2,Logan Ibarra,45554.913194444445,"Hello everyone,
 Please find the attached PDF file from our second session this morning and afternoon.
 Bryan, Wendy",not related,,,,,,R0156,143,ID-AD80FF114CA5F826,1,train,reviewed_real,,,Reviewed; existing target fields retained.
MIJ624/093 Intro Chemistry and Materials Science (All Sections),MIJ624 - Tutorial - Session 1,Logan Ibarra,45547.86041666667,"Hi everyone,
 It was great meeting you all! Please find the tutorial pdf file from today morning and afternoon.
Best, Wendy",not related,,,,,,R0157,144,ID-20B2031A21E076EA,1,validation,reviewed_real,,,Reviewed; existing target fields retained.
MIJ624/093 Intro Chemistry and Materials Science (All Sections),Tutorial 1 Slides,Alexis Howe,45545.86875,Great to meet yall today! Here are the slides from today :),not related,,,,,,R0158,145,ID-5CF5DADAF45517FC,1,train,reviewed_real,,,Reviewed; existing target fields retained.
MIJ624/093 Intro Chemistry and Materials Science (All Sections),Welcome to MIJ624/093,Haley Lyons,45537.78402777778,Please note that there will be no tutorials this first week.,notice,,,Week 1 Tutorials Cancelled,2024-09-02 18:49,,R0159,146,ID-17ACDA255753204B,1,validation,reviewed_real,,,"The welcome note contains a first-week tutorial cancellation and a separate first-lecture date; PVM210 is a course code, not a location. [2026-07-11 re-audit] Restored item-specific source context and removed multi-item target ambiguity. Notice start_time set to Venue-1C8DA09F18 posted_at; end_time left blank per the user's rule."
MIJ624/093 Intro Chemistry and Materials Science (All Sections),Welcome to MIJ624/093,Haley Lyons,45537.78402777778,"Before our first lectures on Wednesday, please take some time to look over the Quercus site for this course, paying particular attention to the Learning Outcome document, which will be very useful to you throughout the term.",notice,,,MIJ624 First Lectures,2024-09-02 18:49,,R0160,146,ID-17ACDA255753204B,2,validation,reviewed_real,,,"The welcome note contains a first-week tutorial cancellation and a separate first-lecture date; PVM210 is a course code, not a location. [2026-07-11 re-audit] Notice start_time set to Venue-1C8DA09F18 posted_at; end_time left blank per the user's rule."
MMF324I7 F JPW9275 20249:Engineering Strategies & Practice I,MS Teams,Monique Shah de Torres,45663.88125,"Your MMF324 Microsoft Teams Channels from Cvef 7084 have been archived. This means that the shell has been put in a read-only state. You cannot continue conversations, make new posts or edit documents.
 However, you can still access them and refer to past material, like the feedback you received and any files you uploaded, by using the instructions below.
 On your Microsoft Teams dashboard, click on the More Options gear near the top right of the screen and choose Manage Teams.
 You'll be brought to a screen that organizes all the Microsoft Teams sites that you are a member of. Find your MMF324 site under the Archived list.
 Note:  You may not be able to see the above images if you're reading this announcement in an email. Please view this announcement on the MMF324 Quercus site.",not related,,,,,,R0161,147,ID-9264D534F3B5BCFD,1,train,reviewed_real,,,Reviewed; existing target fields retained.
MMF324I7 F JPW9275 20249:Engineering Strategies & Practice I,Missing PD Points?,Glenda Chase,45636.62430555555,"Dear MMF324 Students,
 ⭐ Please Note: Emails regarding missing PD Points are due by Monday, December ID-12C435331B4E872F at Noon (12 PM) . ⭐
 When you receive your Performance Review grade, your PD Points will have already been added.
 ---
 We have uploaded all of the PD Points based on our records and those from our external partners. If you are missing PD Points, pay attention to the following instructions.
 1) MYFab Safety Training
user_0255b1c12781@example.edu screenshots of the following:",deadline,,,Missing PD Points Email,,2024-12-16 12:00,R0162,148,ID-80D8BCA7B9DC9B56,1,train,reviewed_real,,,Replaced the deadline sentence with a concise action title.
MMF324I7 F JPW9275 20249:Engineering Strategies & Practice I,Missing PD Points?,Glenda Chase,45636.62430555555,Training completed after December 4th is not eligible for PD Points.,deadline,,,Safety Training PD-Point Eligibility,,2024-12-04 23:59 (time inferred),R0163,149,ID-80D8BCA7B9DC9B56,1,train,reviewed_real,,,"Safety-training completion and PD-point-card submission are separate eligibility cutoffs, despite sharing a date."
MMF324I7 F JPW9275 20249:Engineering Strategies & Practice I,Missing PD Points?,Glenda Chase,45636.62430555555,"Please note, if you failed to hand in your card(s) before December 4th, you will not be awarded points.",deadline,,,PD Point Card Submission,,2024-12-04 23:59 (time inferred),R0164,149,ID-80D8BCA7B9DC9B56,2,train,reviewed_real,,,"Safety-training completion and PD-point-card submission are separate eligibility cutoffs, despite sharing a date."
MMF324I7 F JPW9275 20249:Engineering Strategies & Practice I,Missing PD Points?,Glenda Chase,45636.62430555555,"If you are missing points, user_d13ea316d7e3@example.edu and we will try to match you based on your Utoronto email. Please note the forms will not be reopened if you missed the deadline (December 4th, 6pm).
 4) Tools 101
user_0255b1c12781@example.edu your student number and we will reach out to the event organizers on your behalf.
 5) Professional Email Communication
user_0255b1c12781@example.edu a screenshot of the ""Congratulations! You have successfully completed this module"" screen and your student number.
 Wishing you all the best keith whitaker barker wagner final exams!
 - The ESP Office",deadline,,,CI/EM Evaluations and End-of-Term Survey,,2024-12-04 18:00,R0165,150,ID-80D8BCA7B9DC9B56,1,train,reviewed_real,,,Replaced the missed-deadline sentence with the affected forms' names.
MMF324I7 F JPW9275 20249:Engineering Strategies & Practice I,Welcome to the Final Week of ESP!,Dylan Hamilton,45628.25208333333,"Can you believe you are in your last week of the term already! Please take a moment to appreciate the amazing thing you have accomplished. You have persevered through an immensely challenging learning experience and are about to come out the other end. Congratulations!
 Having said that, let’s get you through the last hurdle in this course, the Final Exam.
 LECTURE – Monday Kta 74 – Final Exam Review – Multiple Choice
 The first half of the Final Exam will be multiple choice ID-493BD7E0444E440F. Lecture on Monday will be reviewing, as a class, multiple choice ID-493BD7E0444E440F on content from the whole course.",notice,,,Final Exam Multiple-Choice Review Lecture,2024-12-02 06:03,,R0166,151,ID-071CBF576CF7521B,1,train,reviewed_real,,,Reviewed; existing target fields retained. [2026-07-11 re-audit] Shortened a heading-like title to a calendar-ready noun phrase. Notice start_time set to Venue-1C8DA09F18 posted_at; end_time left blank per the user's rule.
MMF324I7 F JPW9275 20249:Engineering Strategies & Practice I,Welcome to the Final Week of ESP!,Dylan Hamilton,45628.25208333333,"For an example of the types of multiple choice ID-493BD7E0444E440F we might ask, oaq 3247 Final Exam is posted on the Final Exam assignment page. There will be a friendly competition in lecture, but you don’t have to compete to engage with that activity.
 LECTURE – Wednesday Ssx 38 – Final Exam Review – Long Answer ID-493BD7E0444E440F
 The second half of the Final Exam will be a series of long answer ID-493BD7E0444E440F. In this lecture you will write answers to the long answer ID-493BD7E0444E440F taken from oaq 3247 Final Exam, except using a new case study (we will save oaq 3247 case study for you to practice on your own). The new case study will be the Wintertime Wheelchair Wheel Cleaner case study posted in the lecture module (where the lecture slides are normally posted). We will have limited time in lecture (50 minutes instead of 2.5 hours for the actual Final Exam). To maximize your benefits from wsrr 21 minutes read and analyze the case study before lecture on Wednesday. Spend time highlighting keywords and phrases within of the case study that might lead you to identifying Gap, Need, Scope, Primary and Secondary Functions, Objectives, Constraints, etc. Bring your marked up case study to the lecture. We will give you time to write your complete answers, and then we will discuss these answers as a class.
 Just to be clear the Wintertime Wheelchair Wheel Cleaner case study will be useful for the lecture, but it is NOT part of the final exam.
 PREPARATION TIPS
 Review the Final Exam Assignment Page : The most important thing you can do to prepare for the Final Exam, is to review the Final Exam assignment page on Quercus carefully. Some key information found there are:
 Room Schedule : Find out what room you will be writing your Final Exam in.
 Exam Instructions and Vocabulary List : The Final Exam is made up of three booklets. The front pages for these three booklets are found in this document. Additionally key non-course content words in the final exam and the case studies are listed here. This list won’t have Functions, because that is a course content word, but it might have pneumatic. Scan this list before the Final Exam and define any words you don’t know.
 2023 Final Exam : The three booklets from last year’s Final Exam are posted. The multiple choice ID-493BD7E0444E440F from last year are a good guide to what type of ID-493BD7E0444E440F to expect. The long answer ID-493BD7E0444E440F are very similar, though not identical, to the long answer ID-493BD7E0444E440F this year. They are similar enough that I strongly recommend you practice answering those ID-493BD7E0444E440F for multiple case studies.
 Older Final Exams: The Engineering Society has a database of older MMF324 Final Exams. There is a link to that database on this page.
 2024 Multiple Choice Case Study : This case study will serve as the basis for a number of multiple choice ID-493BD7E0444E440F. You want to read through this case study before the final exam. Try to identify words and phrases that could serve as an indicator of course concepts, such as Gap, Need, Scope, Functions, Objectives, Constraints, etc.
 Form a ESP Final Exam Study Group : The best ross woodard nielsen patterson the final exam is to practice translating case studies into engineering terms. I suggest you get some peers, agree to a few case studies, then individually try to generate the expected aspects of a CDS (Gap, Need, Scope, FOCs, etc). Don’t forget to extend this into the content new to the CDS. Don’t stop at problem definition (PR). This means trying idea generation methods and idea selection methods. Then once everyone has their answers for the case studies, get together (online or in person), review and discuss (“I think the Gap is…. What did you get?).
 Review the Course Learning Objectives : If you are looking for a high level idea of what we expect you to be able to do, look at the Course Learning Objectives posted on Quercus with the course documents.
 Practice Old Multiple Choice ID-493BD7E0444E440F : I will not be posting answers to the Multiple Choice ID-493BD7E0444E440F. My reason is that it is too tempting to just read through the answers and think, “Yes. I understand that.” Unfortunately the easiest person to fool is yourself. You need to try to multiple choice ID-493BD7E0444E440F under exam conditions. Identify any ID-493BD7E0444E440F that you are not sure on. Review the course content (readings, lecture notes, lecture slides, lecture recordings, etc) to try to make yourself sure.
 Then, in a study group, perhaps the same one you formed for the long answer. Compare answers and discuss. If after that discussion you are still unsure, then post the question to Piazza and we will try to help you. When posting to Piazza put the whole question in the post and put only one question per post. It’s easier for us to answer. Don’t skip to this step. It will undermine you understanding of the course content (see the start of this section).
 Get Enough Sleep! When I was in undergraduate, I had fallen behind in my math work (we referred to the class as “magic math”). I kept meaning to catch up, but there never seemed to be the time. Suddenly it was the night before the 9 am Calculus final exam. Then I hatched my plan. I would stock up on Jolt Cola (the Red Bull of my day) and study all night. So it was that I spent the 8 hours before the exam dragging my eyes across words in my textbook…I’m not even sure what I did qualified as reading by hour 7. How did it work out? Let’s just say I “enjoyed” that class so much that I decided I wanted to take it a second time the following year.
 If you learn anything from me this term, don’t do this to yourself or your academic career. Especially don’t do it for a course like ESP when critical thinking is so much more important than memorization. Do study, but do it smartly (see above). And most importantly get plenty of sleep!
 Good luck. See you in lecture and at the final exam on Friday.
 Steve,
 Dylan Hamilton, P.Eng., M.Ed
 Professor, Teaching Stream
 ESP Course Coordinator
Design Instructor",notice,,,Final Exam Long-Answer Review Lecture,2024-12-02 06:03,,R0167,152,ID-071CBF576CF7521B,1,train,reviewed_real,,,Reviewed; existing target fields retained. [2026-07-11 re-audit] Shortened a heading-like title to a calendar-ready noun phrase. Notice start_time set to Venue-1C8DA09F18 posted_at; end_time left blank per the user's rule.
MMF324I7 F JPW9275 20249:Engineering Strategies & Practice I,Update to Teamwork Analysis Assignment,Kyle Luna,45624.76597222222,"During the in-lecture help session yesterday, we received many requests to analyse situations that occurred after the Team Charter Revision in the Teamwork Analysis. We have decided to expand the assignment to include situations that happened after the Team Charter Revision . An updated set of instructions are now included on the assignment page to share what needs to be included if you choose to analyse a situation that happened after your Team Charter Revision.
 Please Note: If you have already written your assignment with a situation that happened between your Team Charter and your Team Charter Revision, you do not need to change your situation or assignment. The expanded assignment conditions do not remove any situation possibilities.",not related,,,,,,R0168,153,ID-F91A44AC9BB96ADA,1,test,reviewed_real,,,Reviewed; existing target fields retained.
MMF324I7 F JPW9275 20249:Engineering Strategies & Practice I,Welcome to Iwac 11 of ESP!,Dylan Hamilton,45621.209027777775,"Monday’s lecture will introduce you to your next assignment, the Teamwork Analysis assignment.",notice,,,Teamwork Analysis Introduction Lecture,2024-11-25 05:01,,R0169,154,ID-23A55E315CD8CC00,1,train,reviewed_real,,,The announcement includes three separate lecture/help sessions and a peer-evaluation deadline; IHL665 is not a location. [2026-07-11 re-audit] Notice start_time set to Venue-1C8DA09F18 posted_at; end_time left blank per the user's rule.
MMF324I7 F JPW9275 20249:Engineering Strategies & Practice I,Welcome to Iwac 11 of ESP!,Dylan Hamilton,45621.209027777775,Then plan to attend the Final Exam / TWA help session during lecture on Wednesday and the TWA specific help session on Friday.,notice,,,Final Exam and Teamwork Analysis Help Session,2024-11-25 05:01,,R0170,154,ID-23A55E315CD8CC00,2,train,reviewed_real,,,The announcement includes three separate lecture/help sessions and a peer-evaluation deadline; IHL665 is not a location. [2026-07-11 re-audit] Notice start_time set to Venue-1C8DA09F18 posted_at; end_time left blank per the user's rule.
MMF324I7 F JPW9275 20249:Engineering Strategies & Practice I,Welcome to Iwac 11 of ESP!,Dylan Hamilton,45621.209027777775,The help session on Friday will be attended by a team of Communication Instructors and we will be focusing your final push to complete your TWA.,notice,,,Teamwork Analysis Help Session,2024-11-25 05:01,,R0171,154,ID-23A55E315CD8CC00,3,train,reviewed_real,,,The announcement includes three separate lecture/help sessions and a peer-evaluation deadline; IHL665 is not a location. [2026-07-11 re-audit] Notice start_time set to Venue-1C8DA09F18 posted_at; end_time left blank per the user's rule.
MMF324I7 F JPW9275 20249:Engineering Strategies & Practice I,Welcome to Iwac 11 of ESP!,Dylan Hamilton,45621.209027777775,"They will be open for one week, closing on Sunday Lop22 at 1 pm.",deadline,,,Peer Evaluations,,2024-12-01 13:00,R0172,154,ID-23A55E315CD8CC00,4,train,reviewed_real,,,The announcement includes three separate lecture/help sessions and a peer-evaluation deadline; IHL665 is not a location.
MMF324I7 F JPW9275 20249:Engineering Strategies & Practice I,Welcome to Qzwh 59 of ESP!,Dylan Hamilton,45614.470138888886,"First, you have seven days until your Conceptual Design Specification is due. This is your final team written design report this term.",deadline,,,Conceptual Design Specification,,2024-11-24 23:59 (time inferred),R0173,155,ID-D77D55D6B124BFDC,1,train,reviewed_real,,,"Seven days refers to the November 24 CDS deadline, while Monday, Wednesday, and Friday describe three distinct course sessions. [2026-07-11 re-audit] Restored item-specific source context and removed multi-item target ambiguity."
MMF324I7 F JPW9275 20249:Engineering Strategies & Practice I,Welcome to Qzwh 59 of ESP!,Dylan Hamilton,45614.470138888886,"On Monday, we continue with our guest-lecture series. Professor Diamond Boyd, a past MMF324 Design Instructor and co-author of the ESP textbook, will give the lecture.",notice,,,Diamond Boyd Guest Lecture,2024-11-18 11:17,,R0174,155,ID-D77D55D6B124BFDC,2,train,reviewed_real,,,"Seven days refers to the November 24 CDS deadline, while Monday, Wednesday, and Friday describe three distinct course sessions. [2026-07-11 re-audit] Restored item-specific source context and removed multi-item target ambiguity. Notice start_time set to Venue-1C8DA09F18 posted_at; end_time left blank per the user's rule."
MMF324I7 F JPW9275 20249:Engineering Strategies & Practice I,Welcome to Qzwh 59 of ESP!,Dylan Hamilton,45614.470138888886,"On Wednesday, Professors Tasha and Runke will give you more information on completing your CDS.",notice,,,Completing the CDS Lecture,2024-11-18 11:17,,R0175,155,ID-D77D55D6B124BFDC,3,train,reviewed_real,,,"Seven days refers to the November 24 CDS deadline, while Monday, Wednesday, and Friday describe three distinct course sessions. [2026-07-11 re-audit] Restored item-specific source context and removed multi-item target ambiguity. Notice start_time set to Venue-1C8DA09F18 posted_at; end_time left blank per the user's rule."
MMF324I7 F JPW9275 20249:Engineering Strategies & Practice I,Welcome to Qzwh 59 of ESP!,Dylan Hamilton,45614.470138888886,"On Friday, during lecture time we will be holding an open CDS Help Session.",notice,,,CDS Help Session,2024-11-18 11:17,,R0176,155,ID-D77D55D6B124BFDC,4,train,reviewed_real,,,"Seven days refers to the November 24 CDS deadline, while Monday, Wednesday, and Friday describe three distinct course sessions. [2026-07-11 re-audit] Notice start_time set to Venue-1C8DA09F18 posted_at; end_time left blank per the user's rule."
MMF324I7 F JPW9275 20249:Engineering Strategies & Practice I,Welcome to Jdbi 15 of ESP!,Dylan Hamilton,45606.97361111111,"As of today, Sunday November 10, you ebep 48 days until your CDS is due.",deadline,,,Conceptual Design Specification,,2024-11-24 23:59 (time inferred),R0177,156,ID-0D51EE7A8AD1C62F,1,train,reviewed_real,,,"The deadline pj 91 days after November 10, not November 10 itself."
MMF324I7 F JPW9275 20249:Engineering Strategies & Practice I,Welcome to Jdbi 15 of ESP!,Dylan Hamilton,45606.97361111111,"You must finish your Idea Generation this week so that you can shift immediately to converging the design space after the Idea Selection lecture on Friday November 15 th .
 In tutorial, besides completing your Idea Generation, you must complete your PR Revisions.",notice,,,Idea Selection Lecture,2024-11-10 23:22,,R0178,157,ID-0D51EE7A8AD1C62F,1,train,reviewed_real,,,Filled the missing title for the November 15 lecture notice. [2026-07-11 re-audit] Notice start_time set to Venue-1C8DA09F18 posted_at; end_time left blank per the user's rule.
MMF324I7 F JPW9275 20249:Engineering Strategies & Practice I,Welcome to Jdbi 15 of ESP!,Dylan Hamilton,45606.97361111111,This is important since your Team Charter Revisions assignment is due next Sunday.,deadline,,,Team Charter Revisions,,2024-11-17 23:59 (time inferred),R0179,158,ID-0D51EE7A8AD1C62F,1,train,reviewed_real,,,The current November 8 item is a past reference; the live items are next Sunday's revision deadline and Wednesday's guest lecture.
MMF324I7 F JPW9275 20249:Engineering Strategies & Practice I,Welcome to Jdbi 15 of ESP!,Dylan Hamilton,45606.97361111111,"They are coming to give you a basic introduction to the fascinating field of Human Factors, and also to give support to problems you might be facing in your Pinecrest Courtyard projects.",notice,,,Human Factors Guest Lecture,2024-11-10 23:22,,R0180,158,ID-0D51EE7A8AD1C62F,2,train,reviewed_real,,,The current November 8 item is a past reference; the live items are next Sunday's revision deadline and Wednesday's guest lecture. [2026-07-11 re-audit] Notice start_time set to Venue-1C8DA09F18 posted_at; end_time left blank per the user's rule.
MMF324I7 F JPW9275 20249:Engineering Strategies & Practice I,Westmere Safety Training: Unavailable Next Semester,Glenda Chase,45603.654861111114,"Hello MMF324 Students,
 We have just been informed that the Westmere Fabrication Facility Safety Training will be unavailable in the winter term. As such, students who do not complete all three steps of the training this term will not be able to access the facility next semester.
 We strongly recommend all students complete the safety training as it may be helpful for IHL665. (Sometimes teams create a prototype for their client projects).
 Training is available on both weekdays and weekends. Students who complete all three steps will be awarded 3 PD Points at the end of the semester .",not related,,,,,,R0181,159,ID-507B684275A0E447,1,test,reviewed_real,,,Reviewed; existing target fields retained.
MMF324I7 F JPW9275 20249:Engineering Strategies & Practice I,Upcoming Event Related to Experiences with Teamwork - November 5th 6-8 PM (Dinner will be provided!),Monique Shah de Torres,45601.77847222222,"Unpacking EDI Challenges in Undergraduate Teamwork - Don't miss this opportunity to share and connect!
 Tuesday, Nov. 5, 6-8 PM, OP 661, register today!
 Join us for facilitated small-group activities led by trained peers who will guide you through a series of ID-493BD7E0444E440F to reflect on your experiences and brainstorm ideas for future supports. There will be time for larger group sharing at the end.
 Dinner will be provided for those who register! 🥪🍎🧃
 The aim of the event is to:
 Identify issues, gaps, and recommendations related to EDI in team experiences
 Work towards developing resources to support undergraduate student teams
 Have your voice heard by the Faculty in relation to team experiences
 Learn from your peers about how they have navigated challenges on undergraduate student teams
 Learn more and register today at https://resource-10af5b18597b12b4.example.edu .
 ID-493BD7E0444E440F? user_ffa4d3fc3c71@example.edu .",event,OP 661,https://resource-cbbaa4bf38691369.example.edu/p00a90488,Unpacking EDI Challenges in Undergraduate Teamwork,2024-11-05 18:00,2024-11-05 20:00,R0182,160,ID-F83223E9B53FA7C2,1,train,reviewed_real,,,"The announcement gives a full event interval, room, and registration URL."
MMF324I7 F JPW9275 20249:Engineering Strategies & Practice I,Welcome to Wush 64 of ESP!,Dylan Hamilton,45600.05763888889,"As of Monday November 4 th you will zldl 73 days until the deadline for your next team written design report, the Conceptual Design Specification (CDS).",deadline,,,Conceptual Design Specification,,2024-11-24 23:59 (time inferred),R0183,161,ID-94805BF4AC1CF897,1,test,reviewed_real,,,"Twenty days after November 4 is the November 24 CDS deadline, and the body separately schedules three lectures."
MMF324I7 F JPW9275 20249:Engineering Strategies & Practice I,Welcome to Wush 64 of ESP!,Dylan Hamilton,45600.05763888889,"On Wednesday, we have a very special guest lecture.",notice,,,Summer Combs Guest Lecture,2024-11-04 01:23,,R0185,161,ID-94805BF4AC1CF897,3,test,reviewed_real,,,"Twenty days after November 4 is the November 24 CDS deadline, and the body separately schedules three lectures. [2026-07-11 re-audit] Notice start_time set to Venue-1C8DA09F18 posted_at; end_time left blank per the user's rule."
MMF324I7 F JPW9275 20249:Engineering Strategies & Practice I,Welcome to Wush 64 of ESP!,Dylan Hamilton,45600.05763888889,"To address common mistakes in Project Requirements Functions, Objectives, and Constraints, Professors Hamilton, Larry, and Denise will review the PR FOCs in lecture on Friday.",notice,,,"PR Functions, Objectives and Constraints Review",2024-11-04 01:23,,R0186,161,ID-94805BF4AC1CF897,4,test,reviewed_real,,,"Twenty days after November 4 is the November 24 CDS deadline, and the body separately schedules three lectures. [2026-07-11 re-audit] Restored item-specific source context and removed multi-item target ambiguity. Notice start_time set to Venue-1C8DA09F18 posted_at; end_time left blank per the user's rule."
MMF324I7 F JPW9275 20249:Engineering Strategies & Practice I,Welcome to Tttz 39 of ESP!,Dylan Hamilton,45592.71666666667,"Its Reading Week!! Please take this time to recharge and refresh. As for ESP there are only three things you should keep in mind.
 Make sure you complete you Peer Evaluations #1 . This has been open for a week, but we decided to also give you Reading Week to complete it if like. There will be no extensions on this one so be sure to complete it.
 Start your Idea Generation for your CDS. Your CDS is not due for several weeks, but idea generation, a critical aspect of the CDS, is not an activity that can be rushed. Get much of this done during Reading Week and your team will be on a good path to get your CDS done on time.
 If you are interested in applying to be in either the Biomedical Engineering or the Architecture tutorials in IHL665, apply before Monday, November 4th at 9:00 AM. Go to: Quercus &gt; Modules &gt; Ywsh 78 Module
 Enjoy your time away from lectures, tutorials and labs. I’ll see you once again in Wush 64.
 Steve,
 Dylan Hamilton, P.Eng., M.Ed
 Professor, Teaching Stream
 ESP Course Coordinator
Design Instructor",deadline,,,IHL665 Specialized Tutorial Application,,2024-11-04 09:00,R0187,162,ID-C6F62FC8B5E5744A,1,test,reviewed_real,,,"IHL665 is a course code, not a location; added the missing application-deadline title."
MMF324I7 F JPW9275 20249:Engineering Strategies & Practice I,Welcome to Fcgl 93 of ESP!,Dylan Hamilton,45585.634722222225,"No Fcgl 93 Tutorial — there will be no tutorials this week. Tutorial rooms remain available, but the TA and CI will not be present.",notice,,,Week 8 Tutorials Cancelled,2024-10-20 15:14,,R0188,163,ID-A690B51735D1450B,1,train,reviewed_real,,,"This row contains multiple cancellations, a restart notice, a deadline, and two dated lectures; 'a 100' was a false location parsed from '100%'. [2026-07-11 re-audit] Restored item-specific source context and removed multi-item target ambiguity. Notice start_time set to Venue-1C8DA09F18 posted_at; end_time left blank per the user's rule."
MMF324I7 F JPW9275 20249:Engineering Strategies & Practice I,Welcome to Fcgl 93 of ESP!,Dylan Hamilton,45585.634722222225,"No Tttz 39 Tutorial or Lecture — Reading Week. There will be no lectures, tutorials, or labs for all of Tttz 39.",notice,,,Reading Week Course Sessions Cancelled,2024-10-20 15:14,,R0189,163,ID-A690B51735D1450B,2,train,reviewed_real,,,"This row contains multiple cancellations, a restart notice, a deadline, and two dated lectures; 'a 100' was a false location parsed from '100%'. [2026-07-11 re-audit] Restored item-specific source context and removed multi-item target ambiguity. Notice start_time set to Venue-1C8DA09F18 posted_at; end_time left blank per the user's rule."
MMF324I7 F JPW9275 20249:Engineering Strategies & Practice I,Welcome to Fcgl 93 of ESP!,Dylan Hamilton,45585.634722222225,PR Debrief – Wush 64 Tutorial – In the first tutorial after Reading Week you will meet with your TA to get direct feedback on your PR.,notice,,,PR Debrief Tutorials Begin,2024-10-20 15:14,,R0190,163,ID-A690B51735D1450B,3,train,reviewed_real,,,"This row contains multiple cancellations, a restart notice, a deadline, and two dated lectures; 'a 100' was a false location parsed from '100%'. [2026-07-11 re-audit] Notice start_time set to Venue-1C8DA09F18 posted_at; end_time left blank per the user's rule."
MMF324I7 F JPW9275 20249:Engineering Strategies & Practice I,Welcome to Fcgl 93 of ESP!,Dylan Hamilton,45585.634722222225,You may complete your feedback for your team members until Nov 3 rd at 1 pm.,deadline,,,Peer Evaluations 1,,2024-11-03 13:00,R0191,163,ID-A690B51735D1450B,4,train,reviewed_real,,,"This row contains multiple cancellations, a restart notice, a deadline, and two dated lectures; 'a 100' was a false location parsed from '100%'."
MMF324I7 F JPW9275 20249:Engineering Strategies & Practice I,Welcome to Fcgl 93 of ESP!,Dylan Hamilton,45585.634722222225,Idea Generation lectures will be held on Wednesday and Friday.,notice,,,Idea Generation Lectures,2024-10-20 15:14,,R0192,163,ID-A690B51735D1450B,5,train,reviewed_real,,,"This row contains multiple cancellations, a restart notice, a deadline, and two dated lectures; 'a 100' was a false location parsed from '100%'. [2026-07-11 re-audit] Consolidated the Wednesday and Friday notices. Restored item-specific source context and removed multi-item target ambiguity. Notice start_time set to Venue-1C8DA09F18 posted_at; end_time left blank per the user's rule."
MMF324I7 F JPW9275 20249:Engineering Strategies & Practice I,Welcome to Ywsh 78 of ESP!,Dylan Hamilton,45579.84722222222,"As of today, Monday October 14, you have six days to finish your Project Requirements report.",deadline,,,Project Requirements Report,,2024-10-20 23:59 (time inferred),R0195,165,ID-515E0DA9E0B0FCDD,1,train,reviewed_real,,,"Six days after October 14 is the PR deadline, and Friday's help session is a separate calendar item. [2026-07-11 re-audit] Restored item-specific source context and removed multi-item target ambiguity."
MMF324I7 F JPW9275 20249:Engineering Strategies & Practice I,Welcome to Ywsh 78 of ESP!,Dylan Hamilton,45579.84722222222,It is strongly recommended that you have an internal deadline to have your PR finished by the PR help session in lecture on Friday.,notice,,,Project Requirements Help Session,2024-10-14 20:20,,R0196,165,ID-515E0DA9E0B0FCDD,2,train,reviewed_real,,,"Six days after October 14 is the PR deadline, and Friday's help session is a separate calendar item. [2026-07-11 re-audit] Notice start_time set to Venue-1C8DA09F18 posted_at; end_time left blank per the user's rule."
MMF324I7 F JPW9275 20249:Engineering Strategies & Practice I,Welcome to Ggsd 46 of ESP!,Dylan Hamilton,45571.20416666667,The Project Requirements report is due in two weeks.,deadline,,,Project Requirements Report,,2024-10-20 23:59 (time inferred),R0197,166,ID-26E169068FAFAC1C,1,train,reviewed_real,,,"The row schedules a site visit, two lectures, and the PR deadline two weeks later. [2026-07-11 re-audit] Restored item-specific source context and removed multi-item target ambiguity."
MMF324I7 F JPW9275 20249:Engineering Strategies & Practice I,Welcome to Ggsd 46 of ESP!,Dylan Hamilton,45571.20416666667,"This week, in tutorial, you will be using the tools taught in lecture to generate a list of relevant Stakeholders and using an in-tutorial site visit to the Pinecrest Courtyard to start writing your Service Environment.",notice,Pinecrest Courtyard,,Tutorial Site Visit,2024-10-06 04:54,,R0198,166,ID-26E169068FAFAC1C,2,train,reviewed_real,,,"The row schedules a site visit, two lectures, and the PR deadline two weeks later. [2026-07-11 re-audit] Notice start_time set to Venue-1C8DA09F18 posted_at; end_time left blank per the user's rule."
MMF324I7 F JPW9275 20249:Engineering Strategies & Practice I,Welcome to Ggsd 46 of ESP!,Dylan Hamilton,45571.20416666667,"On Monday, in lecture, you will be learning more about your first team written design report, your Project Requirements (PR).",notice,,,Project Requirements Introduction Lecture,2024-10-06 04:54,,R0199,166,ID-26E169068FAFAC1C,3,train,reviewed_real,,,"The row schedules a site visit, two lectures, and the PR deadline two weeks later. [2026-07-11 re-audit] Notice start_time set to Venue-1C8DA09F18 posted_at; end_time left blank per the user's rule."
MMF324I7 F JPW9275 20249:Engineering Strategies & Practice I,Welcome to Ggsd 46 of ESP!,Dylan Hamilton,45571.20416666667,"On Wednesday, representatives from the Sustainability Office will be in lecture answering your ID-493BD7E0444E440F.",notice,,,Sustainability Office Q&A Lecture,2024-10-06 04:54,,R0200,166,ID-26E169068FAFAC1C,4,train,reviewed_real,,,"The row schedules a site visit, two lectures, and the PR deadline two weeks later. [2026-07-11 re-audit] Notice start_time set to Venue-1C8DA09F18 posted_at; end_time left blank per the user's rule."
MMF324I7 F JPW9275 20249:Engineering Strategies & Practice I,Jacqueline Hamilton's Gutierrez Lewis Cancelled on Oct 1st,Dylan Hamilton,45566.46319444444,Sorry. I have to be off campus all day. I am cancelling my Gutierrez hour for this week. I'm free to chat before and after all lectures on Wednesday.,notice,,,Professor Hamilton's Gutierrez-Hour Cancellation,2024-10-01 11:07,,R0201,167,ID-F36F278FDBECF720,1,train,reviewed_real,,,The announcement title supplies the date of the cancelled Gutierrez hour. [2026-07-11 re-audit] Notice start_time set to Venue-1C8DA09F18 posted_at; end_time left blank per the user's rule.
MMF324I7 F JPW9275 20249:Engineering Strategies & Practice I,Welcome to Wtkt 21 of ESP!,Dylan Hamilton,45563.63263888889,"I hope you and your new team were able to get to know each other this past week, and were able to make good progress on your Team Charter at the help session. This week in tutorial you will start working, with your team, on your design project.
 The Team Charter assignment is slightly unique in that the deadline for this team assignment is the start of your Wtkt 21 Tutorial. Make sure your team has a plan to submit it on time. Buffer enough time to deal with technical complications. (IE. Do not submit just two minutes before the deadline).
 Before your tutorial, review the Wtkt 21 Tutorial Agenda and the Preliminary Project Worksheet (PPW) posted in the Wtkt 21 To Do of the course Quercus modules. Note the individual activity that starts the agenda. Give some thought about the Gap-Need-Scope of the Pinecrest Courtyard project. Use what you wrote in your PS Adam as a foundation, but start building on it. Your PS Adam will NOT be returned to you before your tutorial, so you will need to go from memory. The more prepared each team member is for this portion of the agenda the sooner the team will get their draft PPW completed.
 Your team must get your team-written PPW reviewed by your TA before the end of tutorial. Do not underestimate the importance of the PPW (Gap-Need-Scope). Like any design project there is not just one set of these. Differences can lead the team in vastly different directions. Additionally a team that is not in agreement with these foundational aspects will soon find themselves in conflict. Before the end of this tutorial make sure your team has one path forward and that everyone agrees on that path.
 Finally make sure you have a Project Plan and a Research Plan to keep your team moving forward.
 Monday, September ID-ED63F4E2D9C9EACD is Orange Shirt Day and the National Day of Truth and Reconciliation. This is a day to promote all Reconciliation initiatives, but especially to raise awareness for the survivors of the Residential School System. It is tradition on this day to wear an Orange Shirt. This shirt can be one sold by reputable sellers where the proceeds go towards charitable organizations supporting Indigenous causes. Last I heard there were still such shirts for sale at the Bookstore. However, you do not need one of these shirts. You can show your support for the cause by wearing ANY orange shirt.
 If this day is new to you, then you can read more about it here: https://resource-4d7035c72454ba04.example.edu
 As well, at the start of all MMF324 lecture sections on Monday I’ll spend a few minutes discussing the meaning behind this day. If discussion of the Residential School System is something you are not emotionally prepared to hear, please plan to arrive 5 minutes late. You will not be penalized for caring for your mental health on this day, which is emotionally draining for many.
 If you wear an orange shirt to MMF324 lecture on Monday I will grant you one PD Point.
 Steve,
 Dylan Hamilton, P.Eng., M.Ed
 Professor, Teaching Stream
 ESP Course Coordinator
 Design Instructor",notice,,https://resource-4d7035c72454ba04.example.edu,Orange Shirt Day Lecture,2024-09-28 15:11,,R0202,168,ID-3D249E6CEE9AAF3D,1,train,reviewed_real,,,The body announces a dated MMF324 lecture activity on September 30. [2026-07-11 re-audit] Notice start_time set to Venue-1C8DA09F18 posted_at; end_time left blank per the user's rule.
MMF324I7 F JPW9275 20249:Engineering Strategies & Practice I,Welcome to Gilx 76 of ESP!,Dylan Hamilton,45558.04861111111,"This is an important week in the course. Starting Monday Uzq97 you will be sitting and working with your design team in both lectures and tutorials. You should have already gotten an email linking you to your new MS Teams space reserved just for your design team. If you haven’t already, please post an introduction to start to get to know your team mates.
Regardless, you will meet your design team in person in lecture tomorrow. In Quercus go to the Assignments list (from the left hand menu on the main page). Then select the Finding and Working with your Team assignment page. There you will find detailed instructions on finding your team’s number and the table you have been assigned in lecture.
In Tutorial this week you will be working on your first team written assignment, your Team Charter. You will learn more about this assignment in lecture on Monday. See you there.
Steve,
Dylan Hamilton, P.Eng., M.Ed
Professor, Teaching Stream
ESP Course Coordinator
Design Instructor",notice,,,First Design Team Lecture,2024-09-23 01:10,,R0203,169,ID-4931B59D08830BA3,1,train,reviewed_real,,,Students begin sitting and working with their design teams on a named date. [2026-07-11 re-audit] Notice start_time set to Venue-1C8DA09F18 posted_at; end_time left blank per the user's rule.
MMF324I7 F JPW9275 20249:Engineering Strategies & Practice I,Jacqueline Hamilton's Gutierrez Lewis,Dylan Hamilton,45552.56597222222,I hope you all had a good Adam last night. Now that you know the fall project I can let you know that I will be holding my Gutierrez Lewis (Tue 1-2 pm) in the Pinecrest Courtyard. For today (Jvd77) alone I have to leave at 1:45 pm.,event,Pinecrest Courtyard,,Professor Hamilton's Gutierrez Lewis,2024-09-17 13:00,2024-09-17 13:45,R0204,170,ID-6B40A2D86A40E889,1,test,reviewed_real,,,The announcement gives today's shortened Gutierrez-Lewis interval and explicit location.
MMF324I7 F JPW9275 20249:Engineering Strategies & Practice I,Welcome to Oezf 74 of ESP!,Dylan Hamilton,45551.09652777778,We will run a mock Adam getting you to write a problem statement under as similar conditions as we can create for the Adam.,notice,,,Problem Statement Mock Adam Lecture,2024-09-16 02:19,,R0205,171,ID-C578AE4CA292A86C,1,train,reviewed_real,,,"The Week 3 announcement schedules two Monday starts, a Friday help session, and a separate Sunday assignment deadline. [2026-07-11 re-audit] Notice start_time set to Venue-1C8DA09F18 posted_at; end_time left blank per the user's rule."
MMF324I7 F JPW9275 20249:Engineering Strategies & Practice I,Welcome to Oezf 74 of ESP!,Dylan Hamilton,45551.09652777778,Another big change this week is that you will attend your first tutorial. Check your timetable for the correct time and room.,notice,,,MMF324 Tutorials Begin,2024-09-16 02:19,,R0206,171,ID-C578AE4CA292A86C,2,train,reviewed_real,,,"The Week 3 announcement schedules two Monday starts, a Friday help session, and a separate Sunday assignment deadline. [2026-07-11 re-audit] Restored item-specific source context and removed multi-item target ambiguity. Notice start_time set to Venue-1C8DA09F18 posted_at; end_time left blank per the user's rule."
MMF324I7 F JPW9275 20249:Engineering Strategies & Practice I,Welcome to Oezf 74 of ESP!,Dylan Hamilton,45551.09652777778,Additionally attend the EO Help session held in lecture on Friday.,notice,,,Engineering Observation Help Session,2024-09-16 02:19,,R0207,171,ID-C578AE4CA292A86C,3,train,reviewed_real,,,"The Week 3 announcement schedules two Monday starts, a Friday help session, and a separate Sunday assignment deadline. [2026-07-11 re-audit] Notice start_time set to Venue-1C8DA09F18 posted_at; end_time left blank per the user's rule."
MMF324I7 F JPW9275 20249:Engineering Strategies & Practice I,Welcome to Oezf 74 of ESP!,Dylan Hamilton,45551.09652777778,"Finally, your first written assignment, the Engineering Observation (EO) assignment is due next Sunday.",deadline,,,Engineering Observation Assignment,,2024-09-22 23:59 (time inferred),R0208,171,ID-C578AE4CA292A86C,4,train,reviewed_real,,,"The Week 3 announcement schedules two Monday starts, a Friday help session, and a separate Sunday assignment deadline."
MMF324I7 F JPW9275 20249:Engineering Strategies & Practice I,PS Adam Room Changes,Glenda Chase,45546.82777777778,"Hello MMF324 students,
 Unfortunately due to an emergency situation, the locations for the PS Adam have been changed. All students must review their new assigned room . We apologize for the inconvenience.
 Last Name
 Room
 WOODARD - KEITH
 LN8738
 VASQUEZ - FREEMAN
 JJ061
 BOLTON - MORA
 XP625
 BALDWIN - PARKER
 EC855
 ENGLISH - TERRELL
 KC9090
 KAISER - POOLE
 YK9437
 ARMSTRONG - PONCE
 VY2533
 ROBERTSON - DURAN
 EY409
 RASMUSSEN - EDWARDS
 UJ917
 SHE - REILLY
 KP652
 DODSON - DYER
 PQ510
 HOWE - NEWMAN
 IC107
 Rice :
 Lakeshore Centre for Information Technology (BA) - 44 Juniper Street
 Pinecrest Centre (EX) - 800 Fairview Street
 Sanford Fleming Building (Clearhaven) - 25 Birch Road
 Medical Sciences Building (MS) - 3 Hbgn'i Yjnltpd Sthdrb
 Willowmere Building (MC) - 9 Birch Road
 Venue-61F05F9B42 (MP) - 800 Stonebridge Street
 Willowmere Building (MB) - 518 Willow Street
 Willowmere Building (WB) - 317-227 Harbour Street",not related,,,,,,R0209,172,ID-08A3AA3FEFBC03C5,1,train,reviewed_real,,,Reviewed; existing target fields retained.
MMF324I7 F JPW9275 20249:Engineering Strategies & Practice I,Welcome to Gmve 74 of ESP!,Dylan Hamilton,45544.0,"I’ll see you all in lecture tomorrow where we will continue the design instruction to cover a critical component of this year’s fall project, Scoping.",notice,,,Scoping Lecture,2024-09-09 00:00,,R0210,173,ID-E1EAA8AB83B991D2,1,train,reviewed_real,,,The body contains tomorrow's lecture and a separate dated Adam/accommodation notice. [2026-07-11 re-audit] Notice start_time set to Venue-1C8DA09F18 posted_at; end_time left blank per the user's rule.
MMF324I7 F JPW9275 20249:Engineering Strategies & Practice I,Welcome to Gmve 74 of ESP!,Dylan Hamilton,45544.0,Need an accommodation for the PS Adam on September ID-12C435331B4E872F?,notice,,,Problem Statement Adam,2024-09-09 00:00,,R0211,173,ID-E1EAA8AB83B991D2,2,train,reviewed_real,,,The body contains tomorrow's lecture and a separate dated Adam/accommodation notice. [2026-07-11 re-audit] Notice start_time set to Venue-1C8DA09F18 posted_at; end_time left blank per the user's rule.
MMF324I7 F JPW9275 20249:Engineering Strategies & Practice I,Welcome to your First Week of ID-B32B8FE7AD41555A!,Dylan Hamilton,45536.67152777778,"Hello Engineering Strategies and Practice Students!
 My name is Tammy Dylan Hamilton, Course Coordinator and Design Instructor for Engineering Strategies and Practice I.
 On behalf of the entire Teaching Team, I'd like to welcome you to ESP.
 This course is unlike your other courses because you will focus on developing the following unique skills:
 You will demonstrate creativity in problem solving.
 You will demonstrate the ability to persuade using engineering methodology and logic.
 You will demonstrate excellence in communicating amongst your peers and the teaching team, and eventually in the winter term, with your client.
 Finally, you will do this efficiently in a team stepping between leadership and followership roles.
 The technical skills you learn in your other courses are necessary for you to succeed as engineers, but the skills you learn in ESP will maximize the impact your engineering work has on the world around you.
 ESP can be one of your most memorable and rewarding courses.
 Here is some information to help you get started with the course.
 ESPrep: First thing to do is complete the ESPrep module found on the course Quercus site. Follow Glenda’s announcement to find it.
 Textbook Readings: Section seven of the Syllabus (found, for now, in ESPrep) directs you to the textbook. We use an online textbook for his course that must specifically be purchased through the Perusall platform. The reason is we utilized the annotating features of that platform. You are to complete all the assigned readings, listed in Perusall, in a timely manner. Additionally, you are to supply one high quality annotation for each reading module. This is a grade component of the course.
 The first reading is due by Wednesday September 4 at 2 pm. I’m normally strict on deadlines but given the rapid approach of this one I’ll waive late penalties for this first set of readings. However, like always, you’ll get the most out of the lecture on Wednesday if you have completed the readings (and ESPrep).",deadline,,,First ESP Reading,,2024-09-04 14:00,R0212,174,ID-CD9E4EAFFDCC91A0,1,validation,reviewed_real,,,Replaced the full deadline sentence with the deliverable name.
MMF324I7 F JPW9275 20249:Engineering Strategies & Practice I,Welcome to your First Week of ID-B32B8FE7AD41555A!,Dylan Hamilton,45536.67152777778,"Note : We use the same textbook and platform for the textbook in the winter term (IHL665 – ESP II) so you might want to consider that when making your purchase.
 Lectures : Your first ESP lecture will be Wednesday September 04 in Westmere UIYQ 700. See your personal timetable for which lecture section and exact time. You must attend the lecture section to which you were assigned. For the first three weeks you can sit wherever you like.
 In this first lecture your entire lecture team will be present to introduce you to the course.
 Attendance at all lectures is a mandatory part of this course. If you are unable to attend lecture for some reason you can access the asynchronous materials to catch up. Note that this catch-up material is only to be used for emergencies, such as when you are unable to attend lecture due to circumstances beyond your control (Illness, visa delays, etc).",notice,Westmere UIYQ 700,,First ESP Lecture,2024-09-01 16:07,,R0213,175,ID-CD9E4EAFFDCC91A0,1,validation,reviewed_real,,,Added the explicit room and shortened the full sentence to a calendar title. [2026-07-11 re-audit] Notice start_time set to Venue-1C8DA09F18 posted_at; end_time left blank per the user's rule.
MMF324I7 F JPW9275 20249:Engineering Strategies & Practice I,Welcome to your First Week of ID-B32B8FE7AD41555A!,Dylan Hamilton,45536.67152777778,Tutorials start in Oezf 74 (Fhl 34 – 20).,notice,,,MMF324 Tutorials Begin,2024-09-01 16:07,,R0214,176,ID-CD9E4EAFFDCC91A0,1,validation,reviewed_real,,,Tutorials beginning and the evening Adam are distinct items; Oezf 74 is not a location. [2026-07-11 re-audit] Notice start_time set to Venue-1C8DA09F18 posted_at; end_time left blank per the user's rule.
MMF324I7 F JPW9275 20249:Engineering Strategies & Practice I,Welcome to your First Week of ID-B32B8FE7AD41555A!,Dylan Hamilton,45536.67152777778,The Problem Statement Adam will be taking place on Monday September 16 from 7:00 pm to 8:00 pm.,event,,,Problem Statement Adam,2024-09-16 19:00,2024-09-16 20:00,R0215,176,ID-CD9E4EAFFDCC91A0,2,validation,reviewed_real,,,Tutorials beginning and the evening Adam are distinct items; Oezf 74 is not a location.
MMF324I7 F JPW9275 20249:Engineering Strategies & Practice I,Welcome to ESP: ESPrep Available,Glenda Chase,45533.70694444444,"Dear Engineering Strategies & Practice (ESP) Students,
 On behalf of the entire teaching team, welcome to the ID-B32B8FE7AD41555A of Venue-1C8DA09F18 and to ESP!
 To help you get a head start understanding this course and to feel prepared for the term, we have an optional getting started guide called ""ESPrep"".  Log into Quercus to access our course site . In ESPrep, you will find:
 An overview of ESP, the Teaching Team, and the tentative Assignment Schedule
 Three course documents that you should read: the MMF324 Syllabus, Course Policies, and Learning Objectives
 Instructions on getting your textbook through Perusall and creating a Google Account
 Information on resources, petitions, regrades, PD Points, and more!
 If you have any ID-493BD7E0444E440F, please post them to our Piazza site. Please note that ID-493BD7E0444E440F posted to Piazza may take up to two business days for a response.
 See you in September!
 Kind Steve,
 Dylan Hamilton, Course Coordinator",not related,,,,,,R0216,177,ID-36F160B8388BEAC6,1,train,reviewed_real,,,Reviewed; existing target fields retained.
IHL665I7 S JPW9275 20251:Engineering Strategies & Practice II,MS Teams,Monique Shah de Torres,45779.756944444445,"Your IHL665 Microsoft Teams Sites from Winter 2025 have been archived. This means that the shell has been put in a read-only state. You cannot continue conversations, make new posts, or edit documents in it.
 However, you can still refer to past material, such as the feedback you received and any files you uploaded, by using the instructions below.
 On your Microsoft Teams dashboard, click on the More Options gear near the top right of the screen and choose Manage Teams.
 You'll be brought to a screen that organizes all the Microsoft Teams sites that you are a member of. Find your IHL665 site under the Archived list.
 Note:  You may not be able to see the above images if you're reading this announcement in an email. Please view this announcement on the IHL665 Quercus site.",not related,,,,,,R0217,178,ID-9941E4EBBB10448B,1,train,reviewed_real,,,Reviewed; existing target fields retained.
IHL665I7 S JPW9275 20251:Engineering Strategies & Practice II,Missing PD Points + Important MakeUofT 2025 News,Glenda Chase,45763.67083333333,"If you are missing any, please reach out to the ESP Office by Sunday, April ID-920A3CF1B6469E57 yp 55:ID-3B130FA7DB89CCA8.",deadline,,,Missing PD Point Inquiries,,2025-04-20 23:59,R0218,179,ID-BFF8F9819CD48E9E,1,train,reviewed_real,,,The body contains two distinct actions sharing the same April 20 deadline.
IHL665I7 S JPW9275 20251:Engineering Strategies & Practice II,Missing PD Points + Important MakeUofT 2025 News,Glenda Chase,45763.67083333333,"If you attended MakeUofT 2025, fill in this short form by Sunday, April ID-920A3CF1B6469E57 yp 55:ID-3B130FA7DB89CCA8 so we can award you your PD Points.",deadline,,,MakeUofT 2025 PD Point Form,,2025-04-20 23:59,R0219,179,ID-BFF8F9819CD48E9E,2,train,reviewed_real,,,The body contains two distinct actions sharing the same April 20 deadline.
IHL665I7 S JPW9275 20251:Engineering Strategies & Practice II,One Day to Final Presentations!,Dylan Hamilton,45756.114583333336,Assignment: Final Presentation – Due Apr 9,deadline,,,Final Presentation,,2025-04-09 23:59 (time inferred),R0220,180,ID-4207358FE4FB8A50,1,validation,reviewed_real,,,The assignment deadline and the two explicitly located showcase attendance opportunities are distinct items.
IHL665I7 S JPW9275 20251:Engineering Strategies & Practice II,One Day to Final Presentations!,Dylan Hamilton,45756.114583333336,The Showcase projects will take place all day in HS961 on April 9.,event,HS961,,ESP Design Day Showcase,2025-04-09 00:00 (time inferred),2025-04-09 23:59 (time inferred),R0221,180,ID-4207358FE4FB8A50,2,validation,reviewed_real,,,The assignment deadline and the two explicitly located showcase attendance opportunities are distinct items. [2026-07-11 re-audit] The HS961 showcase is explicitly described as taking place all day on April 9. Restored item-specific source context and removed multi-item target ambiguity.
IHL665I7 S JPW9275 20251:Engineering Strategies & Practice II,One Day to Final Presentations!,Dylan Hamilton,45756.114583333336,The Showcase projects will take place in RN566 from 3:40 PM to 5:20 PM on April 9.,event,RN566,,ESP Design Day Showcase,2025-04-09 15:40,2025-04-09 17:20,R0222,180,ID-4207358FE4FB8A50,3,validation,reviewed_real,,,The assignment deadline and the two explicitly located showcase attendance opportunities are distinct items. [2026-07-11 re-audit] Restored item-specific source context and removed multi-item target ambiguity.
IHL665I7 S JPW9275 20251:Engineering Strategies & Practice II,Welcome to the LAST WEEK (KF64) of ESP II!,Dylan Hamilton,45753.69652777778,"Revise your CDS, get it approved by your EM, and send to your client before the end of April 8th.",deadline,,,Revised CDS to Client,,2025-04-08 23:59 (time inferred),R0223,181,ID-DD82C9B74ED6FBDA,1,validation,reviewed_real,,,The April 8 CDS send-by deadline and April 9 final presentations are separate calendar items.
IHL665I7 S JPW9275 20251:Engineering Strategies & Practice II,Welcome to the LAST WEEK (KF64) of ESP II!,Dylan Hamilton,45753.69652777778,Final presentations are in three days!,notice,,,Final Presentations,2025-04-06 16:43,,R0224,181,ID-DD82C9B74ED6FBDA,2,validation,reviewed_real,,,The April 8 CDS send-by deadline and April 9 final presentations are separate calendar items. [2026-07-11 re-audit] Notice start_time set to Venue-1C8DA09F18 posted_at; end_time left blank per the user's rule.
IHL665I7 S JPW9275 20251:Engineering Strategies & Practice II,Welcome to the LAST WEEK (KF64) of ESP II!,Dylan Hamilton,45753.69652777778,"Practice your presentation yourself and with your team many times.
 Visit the room you will be presenting in to get a feel for the space. Some are open on Monday (see below)
 Submit your Presentation Outline, your Attribution Table, and your Slides before your presentation.
 Give your Final Presentation. Make a Persuasive Engineering Argument in support of your recommended design to your client, the teaching team and your peers.
 Put ESP on your resume!
 Assignment: Final Presentation – Due Apr 9
 The Final Schedule for the Design Day has been posted. This schedule, along with the detailed logistics, were previously announced under the subject “ Final Presentation Schedule.” Make sure you and your entire team are aware of those instructions. You do not want anyone late or absent from this important event. On the day, make sure everyone uses the QR code to indicate their attendance. Team Leaders make sure you have picked up your Rubrics and have completed them before your presentation. You will not be allowed to present without them. Make sure you have submitted your slides, presentation outline, and a COMPLETED attribution table before your presentation.
 Your Final Presentation will be evaluated by an EM and a CI. Review the rubrics are posted on the assignment page. There will be equal weighting between these two rubrics. Like with Final Exams, the Final Presentation grades will not be posted on Quercus.",deadline,,,Final Presentation,,2025-04-09 23:59 (time inferred),R0225,182,ID-DD82C9B74ED6FBDA,1,validation,reviewed_real,,,Shortened the assignment line to its calendar title.
IHL665I7 S JPW9275 20251:Engineering Strategies & Practice II,Welcome to the LAST WEEK (KF64) of ESP II!,Dylan Hamilton,45753.69652777778,Assignment: Engineering Notebook (EN) – Due Apr 7 – 1pm,deadline,,,Engineering Notebook,,2025-04-07 13:00,R0226,183,ID-DD82C9B74ED6FBDA,1,validation,reviewed_real,,,"The row contains a 1 pm notebook deadline, separate 3-5 pm practice-room availability, the April 9 showcase, and a week-long class cancellation."
IHL665I7 S JPW9275 20251:Engineering Strategies & Practice II,Welcome to the LAST WEEK (KF64) of ESP II!,Dylan Hamilton,45753.69652777778,"Mon ID-71C4ED0896ADE083 – JJ001
Assignment: Engineering Notebook (EN) – Due Apr 7 – 1pm",event,"MO224, JB849, JJ001",,Final Presentation Practice Rooms,2025-04-07 15:00,2025-04-07 17:00,R0227,183,ID-DD82C9B74ED6FBDA,2,validation,reviewed_real,,,"The row contains a 1 pm notebook deadline, separate 3-5 pm practice-room availability, the April 9 showcase, and a week-long class cancellation."
IHL665I7 S JPW9275 20251:Engineering Strategies & Practice II,Welcome to the LAST WEEK (KF64) of ESP II!,Dylan Hamilton,45753.69652777778,Although I hear there will be some amazing presentations in HS961 all day on Wed ID-AA083A01A4B3A441 if any anyone wants to stop by outside of their presentation time!,notice,HS961,,ESP Design Day Showcase,2025-04-06 16:43,,R0228,183,ID-DD82C9B74ED6FBDA,3,validation,reviewed_real,,,"The row contains a 1 pm notebook deadline, separate 3-5 pm practice-room availability, the April 9 showcase, and a week-long class cancellation. [2026-07-11 re-audit] Notice start_time set to Venue-1C8DA09F18 posted_at; end_time left blank per the user's rule."
IHL665I7 S JPW9275 20251:Engineering Strategies & Practice II,Welcome to the LAST WEEK (KF64) of ESP II!,Dylan Hamilton,45753.69652777778,LECTURE — No lectures this week. TUTORIAL — No tutorials this week.,notice,,,No ESP Lectures or Tutorials,2025-04-06 16:43,,R0229,183,ID-DD82C9B74ED6FBDA,4,validation,reviewed_real,,,"The row contains a 1 pm notebook deadline, separate 3-5 pm practice-room availability, the April 9 showcase, and a week-long class cancellation. [2026-07-11 re-audit] Restored item-specific source context and removed multi-item target ambiguity. Notice start_time set to Venue-1C8DA09F18 posted_at; end_time left blank per the user's rule."
IHL665I7 S JPW9275 20251:Engineering Strategies & Practice II,Final Presentation Schedule,Glenda Chase,45750.55625,"The Final Presentations will take place in Westmere on Wednesday, April 9th from 9:40 am to 6:20 pm.",event,Westmere,,ESP Design Day Final Presentations,2025-04-09 09:40,2025-04-09 18:20,R0230,184,ID-9B25285C013689EF,1,test,reviewed_real,,,"The general Westmere event is not limited to HS961, and ARC/ENG teams have a separate prior-day presentation notice at Stonewick."
IHL665I7 S JPW9275 20251:Engineering Strategies & Practice II,Final Presentation Schedule,Glenda Chase,45750.55625,"ARC/ENG teams will present on Tuesday, April 8 th at Stonewick.",notice,Stonewick,,ARC/ENG Final Presentations,2025-04-03 13:21,,R0231,184,ID-9B25285C013689EF,2,test,reviewed_real,,,"The general Westmere event is not limited to HS961, and ARC/ENG teams have a separate prior-day presentation notice at Stonewick. [2026-07-11 re-audit] Notice start_time set to Venue-1C8DA09F18 posted_at; end_time left blank per the user's rule."
IHL665I7 S JPW9275 20251:Engineering Strategies & Practice II,Final Presentation Practice Sessions: Sign Up Here!,Glenda Chase,45748.58125,"Dear Students,
 In order to give everyone a chance to practice for their Final Presentations, we have organized a central booking process for your teams to work with a CI in the days leading up to Design Day. Below is a link to sign up for a half hour session to practice your presentation. You can also run through a draft (at any stage of completeness), but we recommend you come ready to practice. You may select to practice with any CI that matches your teams' free time. You may sign up for your CI, but remember you will not be presenting to them so it would be good to practice with a CI that does not know your project.
 These sessions will be in-person. If your team would like a practice session but none of the times work for everyone in your group, please email the ESP office (user_c0b92116d7cd@example.edu).
 Sign up through the link below. (EDIT: Teams can now book two (2) 30 min Final Presentation Practice Sessions with a CI. First-come, first-served). You will receive an email confirming your time and the CI you are meeting with. See the PDF attached to this announcement to find the room practice session will occur in. Most will be in Westmere, Bahen, or Sandford Fleming but sessions located at Clearhaven are available on Saturday, April 5th.
 Sign Up Here: Venue-640D28FB4C Link
 Schedule and Room Allocations: CI Practice Sessions 2025 (Revised)
 See you all around and good luck finishing up the semester.
 Best Steve,
KRISTEN Rivas Velazquez",notice,Clearhaven,,Final Presentation Practice Sessions,2025-04-01 13:57,,R0232,185,ID-347578ACC6E1A114,1,train,reviewed_real,,,The dated notice specifically identifies Clearhaven sessions on April 5; the prior title was a full sentence. [2026-07-11 re-audit] Notice start_time set to Venue-1C8DA09F18 posted_at; end_time left blank per the user's rule.
IHL665I7 S JPW9275 20251:Engineering Strategies & Practice II,Welcome to XV78 of ESP II!,Dylan Hamilton,45745.635416666664,"It is the second last week of ESP! I know I have said this a couple times before, but you truly are in the home stretch. Keep up the good work.
 Goal
 Your Final Presentation on April 9th is gnkp 38 days away. Your final goals in the course are still the same as last week, but they bear repeating.
 =&gt; Review your Measure of Success Summary Template with your EM.
 =&gt; Execute your Measure of Success.
 =&gt; Debrief your CDS with your TA.",notice,,,Final Presentation,2025-03-29 15:15,,R0233,186,ID-CC311294A6B67AC2,1,validation,reviewed_real,,,Shortened the countdown sentence to the presentation title. [2026-07-11 re-audit] Notice start_time set to Venue-1C8DA09F18 posted_at; end_time left blank per the user's rule.
IHL665I7 S JPW9275 20251:Engineering Strategies & Practice II,Welcome to XV78 of ESP II!,Dylan Hamilton,45745.635416666664,Assignment: Final Presentation – Due Apr 9,deadline,,,Final Presentation,,2025-04-09 23:59 (time inferred),R0234,187,ID-CC311294A6B67AC2,1,validation,reviewed_real,,,"BB358 belongs to a specific office-hours item, not the presentation deadline; the row contains three distinct calendar items."
IHL665I7 S JPW9275 20251:Engineering Strategies & Practice II,Welcome to XV78 of ESP II!,Dylan Hamilton,45745.635416666664,"o Jacqueline Contreras Sheppard, 2:ID-E4801AA2B54CFA9B in BB358",event,BB358,,Professor Contreras's Gutierrez Lewis,2025-04-02 14:10,2025-04-02 15:00,R0235,187,ID-CC311294A6B67AC2,2,validation,reviewed_real,,,"BB358 belongs to a specific Gutierrez-Lewis item, not the presentation deadline; the row contains three distinct calendar items."
IHL665I7 S JPW9275 20251:Engineering Strategies & Practice II,Welcome to XV78 of ESP II!,Dylan Hamilton,45745.635416666664,"- Wppd 91-1p, in Westhaven Pit (Clearhaven)",event,Westhaven Pit (Clearhaven),,Professor Tasha's Gutierrez Lewis,2025-04-03 12:00,2025-04-03 13:00,R0236,187,ID-CC311294A6B67AC2,3,validation,reviewed_real,,,"BB358 belongs to a specific Gutierrez-Lewis item, not the presentation deadline; the row contains three distinct calendar items."
IHL665I7 S JPW9275 20251:Engineering Strategies & Practice II,Welcome to XV78 of ESP II!,Dylan Hamilton,45745.635416666664,- Fri ID-F8BC3367B00CBD8C in QD133 Q,event,QD133 Q,,Professor Tasha's Gutierrez Lewis,2025-04-04 13:00,2025-04-04 14:00,R0237,188,ID-CC311294A6B67AC2,1,validation,reviewed_real,,,"The row combines Gutierrez Lewis, two booking-opening notices, and practice sessions on four separate dates; QD133 Q applies only to Gutierrez Lewis."
IHL665I7 S JPW9275 20251:Engineering Strategies & Practice II,Welcome to XV78 of ESP II!,Dylan Hamilton,45745.635416666664,On Tuesday April 1st ad 30 am the booking system will open online.,notice,,,Practice Presentation Booking Opens,2025-03-29 15:15,,R0238,188,ID-CC311294A6B67AC2,2,validation,reviewed_real,,,"The row combines office hours, two booking-opening notices, and practice sessions on four separate dates; QD133 Q applies only to office hours. [2026-07-11 re-audit] Notice start_time set to Venue-1C8DA09F18 posted_at; end_time left blank per the user's rule."
IHL665I7 S JPW9275 20251:Engineering Strategies & Practice II,Welcome to XV78 of ESP II!,Dylan Hamilton,45745.635416666664,"On Thursday April 3rd at 5 pm we will assume everyone who wants a first session has booked it, and will open up the booking system for second bookings.",notice,,,Second Practice-Session Booking Opens,2025-03-29 15:15,,R0239,188,ID-CC311294A6B67AC2,3,validation,reviewed_real,,,"The row combines office hours, two booking-opening notices, and practice sessions on four separate dates; QD133 Q applies only to office hours. [2026-07-11 re-audit] Notice start_time set to Venue-1C8DA09F18 posted_at; end_time left blank per the user's rule."
IHL665I7 S JPW9275 20251:Engineering Strategies & Practice II,Welcome to XV78 of ESP II!,Dylan Hamilton,45745.635416666664,"Communication Instructors will hold bookable ID-A79035A10EB57A38 practice presentations on Friday April 4, Saturday April 5, Monday April 7, and Tuesday April 8.",notice,,,Final Presentation Practice Sessions,2025-03-29 15:15,,R0240,188,ID-CC311294A6B67AC2,4,validation,reviewed_real,,,"The row combines office hours, two booking-opening notices, and practice sessions on four separate dates; QD133 Q applies only to office hours. [2026-07-11 re-audit] Restored item-specific source context and removed multi-item target ambiguity. Notice start_time set to Venue-1C8DA09F18 posted_at; end_time left blank per the user's rule."
IHL665I7 S JPW9275 20251:Engineering Strategies & Practice II,Welcome to XV78 of ESP II!,Dylan Hamilton,45745.635416666664,Assignment: Peer Evaluations #2 – Due Sun Lvr13 1p,deadline,,,Peer Evaluations 2,,2025-03-30 13:00,R0244,189,ID-CC311294A6B67AC2,1,validation,reviewed_real,,,The body gives a peer-evaluation deadline and two separate three-hour help sessions.
IHL665I7 S JPW9275 20251:Engineering Strategies & Practice II,Welcome to XV78 of ESP II!,Dylan Hamilton,45745.635416666664,"LECTURE — Tuesday April 1 — Final Presentation and Measures of Success help session, running jihq 71 PM to 3 PM in HS961.",event,HS961,,Final Presentation and Measures of Success Help Session,2025-04-01 12:00,2025-04-01 15:00,R0245,189,ID-CC311294A6B67AC2,2,validation,reviewed_real,,,The body gives a peer-evaluation deadline and two separate three-hour help sessions. [2026-07-11 re-audit] Restored item-specific source context and removed multi-item target ambiguity.
IHL665I7 S JPW9275 20251:Engineering Strategies & Practice II,Welcome to XV78 of ESP II!,Dylan Hamilton,45745.635416666664,"LECTURE — Thursday April 3 — Final Presentation and Measures of Success help session, running jihq 71 PM to 3 PM in HS961.",event,HS961,,Final Presentation and Measures of Success Help Session,2025-04-03 12:00,2025-04-03 15:00,R0246,189,ID-CC311294A6B67AC2,3,validation,reviewed_real,,,The body gives a peer-evaluation deadline and two separate three-hour help sessions. [2026-07-11 re-audit] Restored item-specific source context and removed multi-item target ambiguity.
IHL665I7 S JPW9275 20251:Engineering Strategies & Practice II,Unprofessionalism working with the Library,Dylan Hamilton,45743.78402777778,"The library graciously allowed us to use their bookable space to hold your client meeting. To use the Silverwood Library spaces we were given a very specific process to book the space and to allow external clients to enter the library.
 I just received feedback from the library and it wasn’t good. There were multiple teams not following the process. The issues included emailing the wrong / random people at the library instead of the people indicated in the instructions. Also teams ignoring the part of the process where they need to get approval in advance for an external client, and just showing up and expecting to be let in.
 Your client meetings are done for the year, so this will not impact you. However, this failure on our part may have impact on the incoming first year class. If the library decides that it is too much work to offer us their space, then they may withdraw their offer.
 As future professional engineers, you need to ensure you are able to find, read and follow required processes.
 Steve,
 Tiffany Hamilton",not related,,,,,,R0247,190,ID-CABDA05A0F1CBFE1,1,train,reviewed_real,,,Reviewed; existing target fields retained.
IHL665I7 S JPW9275 20251:Engineering Strategies & Practice II,Welcome to ME85 of ESP II!,Dylan Hamilton,45739.847916666666,"Your CDS is submitted. Take some deep breaths. It is easy to get stuck in thinking only about what needs to be done. Appreciate all that you have accomplished this term already.
 Refill your energy in whatever way works for you and then move forward towards your final presentation.
 Goal
 Your Final Presentation in on April 9th, 17 days away. Your final goals in the course are:
 Review your Measure of Success Summary Template with your EM.
 Execute your Measure of Success.
 Debrief your CDS with your TA.",notice,,,Final Presentation,2025-03-23 20:21,,R0248,191,ID-1A28DAA1301D5070,1,test,reviewed_real,,,Shortened the countdown sentence to the presentation title. [2026-07-11 re-audit] Notice start_time set to Venue-1C8DA09F18 posted_at; end_time left blank per the user's rule.
IHL665I7 S JPW9275 20251:Engineering Strategies & Practice II,Welcome to ME85 of ESP II!,Dylan Hamilton,45739.847916666666,"Revise your CDS, get it approved by your EM, and send to your client.
 Attend a practice presentation with a CI.
 Give your Final Presentation to your client.
 Put ESP on your resume!
 Assignment: Final Presentation – Due Apr 9
 The assignment page for the Final Presentation has been posted. Be sure to read through the instructions, rubrics, all the supporting information. This presentation is about making a persuasive oral engineering argument to your client to implement your design. DO NOT assume this is simply a presentation of the work you have done this term. “What I did on my summer vacation” type presentations will fail.
 Assignment: MoS Summary Template – Due In Tutorial XV78
 This template will help you organize your thoughts and plans for your Measure of Success (MoS). Having it ready in time for your last tutorial will help you get effective MoS feedback from your Engineering Manager (EM).",deadline,,,Final Presentation,,2025-04-09 23:59 (time inferred),R0249,192,ID-1A28DAA1301D5070,1,test,reviewed_real,,,Shortened the assignment line to the deliverable title.
IHL665I7 S JPW9275 20251:Engineering Strategies & Practice II,Welcome to ME85 of ESP II!,Dylan Hamilton,45739.847916666666,Assignment: Peer Evaluations #2 – Due Sun Lvr13 1p,deadline,,,Peer Evaluations 2,,2025-03-30 13:00,R0250,193,ID-1A28DAA1301D5070,1,test,reviewed_real,,,The peer-evaluation deadline and the March 25 lecture are distinct items.
IHL665I7 S JPW9275 20251:Engineering Strategies & Practice II,Welcome to ME85 of ESP II!,Dylan Hamilton,45739.847916666666,LECTURE – TUE – Gos 29 – Engineering Estimation,notice,,,Engineering Estimation Lecture,2025-03-23 20:21,,R0251,193,ID-1A28DAA1301D5070,2,test,reviewed_real,,,The peer-evaluation deadline and the March 25 lecture are distinct items. [2026-07-11 re-audit] Notice start_time set to Venue-1C8DA09F18 posted_at; end_time left blank per the user's rule.
IHL665I7 S JPW9275 20251:Engineering Strategies & Practice II,Welcome to ME85 of ESP II!,Dylan Hamilton,45739.847916666666,"There are times when you need to make decisions with imperfect or incomplete information. Engineering estimations are a big part of this. One place where you might be using this is in your Measure of Success.
 LECTURE – THU – Iyh 18 – Final Presentation
 In IHL665, the Final Presentation is the equivalent of a final exam in another course. Do not underestimate the work that needs to be done to excel in this final assignment. In many ways the Final Presentation is even more of a team effort than your PR or CDS. Make sure everyone in your team is present at this lecture.
 TUTORIAL – Measure of Success and Final Presentation Planning
 There is no Status Report this week. Instead, your EM will be circulating around to support teams in developing their Measure of Success (and completing their MoS Summary Template – see above). Your CI will be running an activity that will start you on the design and creation of your FP slides.
 Good luck with the mmfm 20 days of the course!
 Jacqueline Dylan Hamilton",notice,,,Final Presentation Lecture,2025-03-23 20:21,,R0252,194,ID-1A28DAA1301D5070,1,test,reviewed_real,,,Shortened the formatted lecture line to a clean calendar title. [2026-07-11 re-audit] Notice start_time set to Venue-1C8DA09F18 posted_at; end_time left blank per the user's rule.
IHL665I7 S JPW9275 20251:Engineering Strategies & Practice II,Welcome to NE82 of ESP II!,Dylan Hamilton,45733.25902777778,Finish the Conceptual Design Specification. It is due in seven days.,deadline,,,Conceptual Design Specification,,2025-03-24 23:59 (time inferred),R0253,195,ID-8E3870E129BBD456,1,train,reviewed_real,,,The CDS deadline seven days later and the March 18 lecture are separate calendar items. [2026-07-11 re-audit] Restored item-specific source context and removed multi-item target ambiguity.
IHL665I7 S JPW9275 20251:Engineering Strategies & Practice II,Welcome to NE82 of ESP II!,Dylan Hamilton,45733.25902777778,LECTURE – TUE – Jzz 70 – Crunch Time Teamwork,notice,,,Crunch Time Teamwork Lecture,2025-03-17 06:13,,R0254,195,ID-8E3870E129BBD456,2,train,reviewed_real,,,The CDS deadline seven days later and the March 18 lecture are separate calendar items. [2026-07-11 re-audit] Notice start_time set to Venue-1C8DA09F18 posted_at; end_time left blank per the user's rule.
IHL665I7 S JPW9275 20251:Engineering Strategies & Practice II,Welcome to NE82 of ESP II!,Dylan Hamilton,45733.25902777778,"You need to work as an efficient team to get done on time. Join Jacqueline Luna on how to fully utilize your team.
 LECTURE – THU – Spi 23 – CDS Help Session
 We have mobilized as many members of the Teaching Team as possible to give you the most help for this final stretch of the CDS.
 TUTORIAL – Idea Selection, Finish your CDS, & Status Report #6
 Depending on when your Tutorial is you either will be finishing your Idea Selection or finishing your CDS. Regardless take advantage of these valuable two hours with your Tutorial Teaching Team to perfect your persuasive engineering argument for your recommended design. If you have time left start planning your Measure of Success.
 CDS Self Assessment
 I can’t stress enough how important it is for your team to compare your CDS to the CDS Self Assessment (updated for IHL665 as of Sun Itz 54). This can help you stop making many of the common mistakes we see in many CDS documents.
 Good luck with your CDS. Finishing this major component of the course can be incredibly rewarding.
 Jacqueline Dylan Hamilton",notice,,,CDS Help Session,2025-03-17 06:13,,R0255,196,ID-8E3870E129BBD456,1,train,reviewed_real,,,Shortened the formatted lecture line to a clean title. [2026-07-11 re-audit] Notice start_time set to Venue-1C8DA09F18 posted_at; end_time left blank per the user's rule.
IHL665I7 S JPW9275 20251:Engineering Strategies & Practice II,Tools and Engineering Notebooks For Tomorrow's Lecture,Rick Contreras,45728.79791666667,"Hello Class,
 In tomorrow's lecture we are delving into Reverse Engineering. As part of the in-class activity, you will disassemble (and hopefully reassemble) a commonly used item. A few points to mention about the activity:
 Bring your Engineering Notebook to lecture so that you can document your work. We will let EMs know about this lecture activity and they should look for it when they review your notebooks.
 To help you in the disassembly process, we suggest that each team brings a pair of medium sized pliers to lecture. We have a limited set for the class to share but not enough for each table (especially during nxe 20-1pm section).
 The teaching team will walk around to look at your team's performance. At the discretion of the teaching team, and upon approval from the course coordinator, any standout team(s) may be given PD points.
 See you in lecture tomorrow.",notice,,,Reverse Engineering Lecture,2025-03-12 19:09,,R0256,197,ID-D96940E9EC6FA276,1,validation,reviewed_real,,,The body explicitly announces tomorrow's lecture. [2026-07-11 re-audit] Notice start_time set to Venue-1C8DA09F18 posted_at; end_time left blank per the user's rule.
IHL665I7 S JPW9275 20251:Engineering Strategies & Practice II,Welcome to MI81 of ESP II!,Dylan Hamilton,45726.049305555556,"Midterm. Midterm. Midterm. I had other things I was going to say, but I figured you are all laser-focused on the midterm at this point!
 Goal
 Prepare yourself and your study partners for the Midterm on Tuesday. However, don’t forget to complete your Idea Generation before the end of your tutorial.
 Midterm – TUE – Mkl 94 – 9:30 am – 10:30 am
 You will ctbx 70 minutes to complete sxu 94 multiple choice ID-493BD7E0444E440F. You must visit the Midterm Quercus assignment page to prepare for the Midterm. Minimally you must determine what room you will be writing in. You will NOT be allowed to write in a different room. If you arrive at the wrong room you will be sent to the right room. If this means you arrive late to the correct exam room, you will not be given more time to write. If after carefully reading the room allocations on the Midterm assignment page, if you still have ID-493BD7E0444E440F, reach out to the ESP Office.
 Also posted on the Midterm assignment page is the Vocabulary List and Information Page. The first page of the Midterm is recreated in this file. Read through these instructions now so you don’t waste your precious exam time on this mundane task. Additionally, most non-course content words on the Midterm have been listed here. Scan through this list now and make sure to look up definitions for any words you don’t already know. Definitions will not be given during the Midterm.
 The Midterm is a comprehensive exam for IHL665. This means that any content that was covered in lecture, in the assigned readings, or in the assignments, is testable material.",event,,,IHL665 Midterm,2025-03-11 09:30,2025-03-11 10:30,R0257,198,ID-D570763032E2BAFE,1,train,reviewed_real,,,Corrected the reversed/garbled times to the explicit 9:30-10:30 am interval and simplified the title.
IHL665I7 S JPW9275 20251:Engineering Strategies & Practice II,Welcome to MI81 of ESP II!,Dylan Hamilton,45726.049305555556,"Once you have completed your Midterm preparation, I recommend you take khj 4322 Midterm (posted under on the Midterm assignment page) under exam conditions. Keep in mind that you have not covered Reverse Engineering, Engineering Estimation, or the DRG this term and you will not have ID-493BD7E0444E440F on these on the Midterm.
 ProTip : I’m not going to “ban” using a pen, but to save everyone time and use a pencil. If you make a mistake you do not want to have to get a new exam and start copying answers in the middle of your limited exam time.
 Note : There was a typo in the room in New College. The correct room is now listed on the Midterm assignment page.
 Client Meeting #2
 Having completed your second client meeting make sure you have sent a thank you email to your client. You will not be meeting them again in person unless they are able to make it to your Final Presentation. Keep this in mind when you thank them. Remind them of your next steps of preparing and sending them the final CDS report. You do not need to fill them in on the internal details about getting EM approval. You do not need to invite them to the Final Presentation as the ESP Office will be reaching out to them directly. You can mention that they will be hearing soon from the ESP Office and that you hope to see them there if possible.
 LECTURE – TUE – Mkl 94 – CDS
 You have written a CDS before. We will not be lecturing on what you already know.",notice,,,Conceptual Design Specification Lecture,2025-03-10 01:11,,R0258,199,ID-D570763032E2BAFE,1,train,reviewed_real,,,Shortened the formatted lecture line to a meaningful title. [2026-07-11 re-audit] Notice start_time set to Venue-1C8DA09F18 posted_at; end_time left blank per the user's rule.
IHL665I7 S JPW9275 20251:Engineering Strategies & Practice II,Welcome to MI81 of ESP II!,Dylan Hamilton,45726.049305555556,"However, the CDS this term is distinctly different in that it has a Measures of Success section, and it isn’t an end point. The CDS this term is a stepping stone towards your Final Presentation.
 LECTURE – THU – Bkp 35 – Reverse Engineering
 Reverse Engineering is a skill frequently used in industry during benchmarking, ideation, and in enforcement of patents. We have a hands on activity planned to illustrate this point. Be there with your team.
 TUTORIAL – Finish Idea Generation & Status Report #5
 Before you leave tutorial this week you should be done your Idea Generation and have delegated the tasks to write your ideas appendix. This appendix features prominently on the CDS rubric, so you want to make sure you get it done correctly. You also need to move onto Idea Selection next week so you have time to plan your Measure of Success.
 Good luck with your midterm and reaching your target jb 27+ full solutions before the week is done.
 Jacqueline Dylan Hamilton",notice,,,Reverse Engineering Lecture,2025-03-10 01:11,,R0259,200,ID-D570763032E2BAFE,1,train,reviewed_real,,,Shortened the formatted lecture line to a meaningful title. [2026-07-11 re-audit] Notice start_time set to Venue-1C8DA09F18 posted_at; end_time left blank per the user's rule.
IHL665I7 S JPW9275 20251:Engineering Strategies & Practice II,Welcome to YD28 of ESP II!,Dylan Hamilton,45719.075,"This is an exciting week as you finally get to shift from Problem Definition Space into the Solution Space. For many of you this is what you have been waiting for since the start of the term.
 Goal
 There is a major milestone this week, your second and final client meeting. Work closely with your EM to ensure the success of this meeting. A secondary goal for this week is to prepare for your midterm in Wush 64.
 Client Meeting #2
 The purpose of this meeting is to come away with an agreed upon problem definition. This may include client feedback on your PR that you must action before moving onto your CDS. After revising your PR based on client feedback, you do not have to resubmit to your client unless there was a specific request.
 Don’t forget to send your client a thank you email after the meeting. Inform them roughly when they can expect to receive the final design document, the CDS. You can also inform them that they will be getting an official invitation to your final project presentation from the ESP Office.
 LAST WEEK =&gt; LECTURE – TUE – Glt 74 – Measures of Success
I understand that for some students last minute midterm prep took priority over attending and engaging in the lecture on Measures of Success. That was your decision, but I am warning you that a solid understanding of Measures of Success is needed to do well in the Final Presentation. Having a polished presentation is expected of you, but it is not enough.",not related,,,,,,R0260,201,ID-4F3CD01CB82D4A6E,1,train,reviewed_real,,,February 25 is explicitly labeled 'KARI BATES' and is only historical context; Wush 64 is not a location.
IHL665I7 S JPW9275 20251:Engineering Strategies & Practice II,Welcome to YD28 of ESP II!,Dylan Hamilton,45719.075,"If your presentation has no substance (generated by your Measures of Success), it will be impossible to pass. In other words, if your final presentation gives no evidence to support your recommendation of a design, you will fail the assessment. If you missed out on this lecture see out the information through your team mates notes, through the lecture capture, or through the lecturette in Jdbi 15 of the MMF324 Crash Course
 LECTURE – TUE – Fbd 99 – DfX (Design for X)
 DfX is an umbrella term for a number of different guidelines to help you improve your designs. A short list includes Design for… Safety, Manufacturability, Reparability, Reliability, Environment, etc.",notice,,,Design for X Lecture,2025-03-03 01:48,,R0261,202,ID-4F3CD01CB82D4A6E,1,train,reviewed_real,,,"Jdbi 15 is a module reference, not the lecture location; title was shortened. [2026-07-11 re-audit] Notice start_time set to Venue-1C8DA09F18 posted_at; end_time left blank per the user's rule."
IHL665I7 S JPW9275 20251:Engineering Strategies & Practice II,Welcome to YD28 of ESP II!,Dylan Hamilton,45719.075,"We will be talking about a couple of these in lecture. These were picked because they are the two most likely to impact most teams.
 LECTURE – THU – Tcr 49 – Midterm Review
 With the midterm scheduled for next week, we will spend the lecture time on Thursday preparing you to write the exam. Before this lecture period make sure you have caught up on any readings, including the Midterm assignment page in Quercus. This will let you maximize the benefits of this lecture period.
 TUTORIAL – Team Charter Check In, Status Report #4, moving forward with the CDS
As mentioned above this week you will be shifting from the problem definition space to the solution space. Make sure you have finished your second client meeting and revised your PR to allow for a clear path forward towards the completion of your CDS.
 Your CI will be making the rounds in tutorial to check in with the status of your Team Charter. To prepare for this, as a team, complete the Team Charter Revision Worksheet found in Quercus under the Tttz 39 To Do page.
 Good luck with your client meetings this week and this important shift in the design process.
 Jacqueline Dylan Hamilton",notice,,,Midterm Review Lecture,2025-03-03 01:48,,R0262,203,ID-4F3CD01CB82D4A6E,1,train,reviewed_real,,,Shortened the formatted lecture line to a meaningful title. [2026-07-11 re-audit] Notice start_time set to Venue-1C8DA09F18 posted_at; end_time left blank per the user's rule.
IHL665I7 S JPW9275 20251:Engineering Strategies & Practice II,Welcome to YP58 of ESP II!,Dylan Hamilton,45710.82708333333,"I hope you had a restful reading week and had a chance to refill your cup with family, friends, and more than a little sleep. As of today, you are passing the midway point of your second term of first year. Please take a moment to celebrate that victory. You are at the best erik matthews duke Huynh, one of the best ashlee day macdonald, and you are succeeding. You might be at a different spot than your peers, but you are all on the same road. Now is the time to catch up if you need and lend a hand to others if they need.
 Goal
 Your goal for this week is to drive towards your second client meeting. This meeting should be completed before the end of next week (YD28), however there is lots to do this week to get there.
 Teams that are on track will have already started planning and working on their idea generation. There is not enough time remaining in the term to simply wait until your PR Debrief to keep moving forward, especially if your tutorial is later in the week.
 Speaking of which make sure everyone attends the PR Debrief in your next tutorial. Absence from the PR Debrief will result in that team member getting zero in the PR. If you are unavoidably absent then submit a petition.
 Take careful notes in your Engineering Notebook during your PR Debrief. Not only will this help you with the next stage, but it is something your EM will be looking for in your Engineering Notebook at the end of the term.
 Once you have your TA feedback immediately revise your PR and get it to your EM for their approval. If you have some time before your PR Debrief start planning. Book working team meetings to conduct the revisions. Confirm with your EM when your Client Meeting #2 is scheduled and when you will get your Revised PR to them for their review. Make sure you have time in your plan to revise your PR again if your EM requires it.
 As mentioned in lecture now is the point where extra time spent early in the PR writing process pays off. If you have fewer revisions, then this week will go quickly. If however, your PR writing had its struggles you can get caught up if you and your team plan this and next week carefully.
 LECTURE – TUE – Glt 74 – Measures of Success
 Your Final Presentation in this course will be to your client, EM, and CI. You will be using all you learned in both ESP I and II and the work you have done this term to make a Persuasive Engineering Argument that your client should implement your recommended design. The SEE argument will be:
 STATEMENT : Implement our recommended design.
 EXPLANATION : The design meets the Functions and Constraints and best mike duke day George.",notice,,,Measures of Success Lecture,2025-02-22 19:51,,R0263,204,21779139358945b7,1,train,reviewed_real,,,Shortened the formatted lecture line to a meaningful title. [2026-07-11 re-audit] Notice start_time set to Venue-1C8DA09F18 posted_at; end_time left blank per the user's rule.
IHL665I7 S JPW9275 20251:Engineering Strategies & Practice II,Welcome to YP58 of ESP II!,Dylan Hamilton,45710.82708333333,"EVIDENCE : &lt;&lt;Insert Data Gathered using your Measures of Success&gt;&gt;
 This is why this lecture is so important. Do everything in your power to ensure all your team members are present, attentive and participating in the team activities in this lecture. Getting the most out of these 50 minutes can save you hours of catch-up work later and have a direct impact on your Final Presentation grade.
 LECTURE – THU – Ngw 86 – TROA Help Session
 This individual assignment is brief and unfortunately that means many students don’t plan enough time to complete it. There are aspects to this assignment that can undermine your grade if you are off target. Therefore, make sure you watch the TROA lecture video (posted on the TROA assignment page) and take advantage of these three hours of help session.
 TUTORIAL – PR Debrief and Status Report #3
 As mentioned above, anyone missing from your PR Debrief will get zero on the PR assignment. This meeting with your TA will be some of the most valuable time you spend this term. Everyone must be there and taking notes in their Engineering Notebook. The point of this meeting is not to argue for more marks, but rather to get your PR in a state that it is ready to go to your EM and eventually your client. A team that is on track will leave this tutorial with a clear plan on when they will:
 Revise their PR
 Submit it to their EM
 Submit it to their Client
 Meet with their Client
 I personally won’t be in lecture on Tuesday, but I hope you are and get everything you need to complete this project at the end of the term.
 Jacqueline Dylan Hamilton",notice,,,TROA Help Session,2025-02-22 19:51,,R0264,205,21779139358945b7,1,train,reviewed_real,,,Shortened the formatted lecture line to a meaningful title. [2026-07-11 re-audit] Notice start_time set to Venue-1C8DA09F18 posted_at; end_time left blank per the user's rule.
IHL665I7 S JPW9275 20251:Engineering Strategies & Practice II,Gutierrez Hour with Jacqueline Hamilton - Fri Fkk56 1-2 pm,Dylan Hamilton,45702.73125,I'll be in my Gutierrez today from 1-2 pm if you have any last minute PR ID-493BD7E0444E440F. I'm in Stonegate Building FMAX 624.,event,Stonegate Building FMAX 624,,Professor Hamilton's Gutierrez Lewis,2025-02-14 13:00,2025-02-14 14:00,R0265,206,ID-CFFB0C0F95FD3455,1,train,reviewed_real,,,The body gives today's explicit Gutierrez-Lewis interval and room.
IHL665I7 S JPW9275 20251:Engineering Strategies & Practice II,Welcome to KK57 of ESP II! ,Dylan Hamilton,45697.708333333336,"It was great to be back in front of the class last week in lecture. It was wonderful to see you all again.
 Your goal for this week is clear, submit your Project Requirements report before the deadline on Fri Qqu 67 yp 55:59 pm. Use your Status Report and Gantt Chart to plan out the tasks needed to achieve this goal over these last five days.",deadline,,,Project Requirements Report,,2025-02-14 23:59,R0266,207,ID-D74C890588E2AAAB,1,validation,reviewed_real,,,Replaced the full deadline sentence with the report name.
IHL665I7 S JPW9275 20251:Engineering Strategies & Practice II,Welcome to KK57 of ESP II! ,Dylan Hamilton,45697.708333333336,"LECTURE – TUE – Rab 83 – Visualization
Visualizations are valuable in nearly all aspects of your design reporting. For the PR it will help you communicate your vision of the problem to your client, making it easier to persuade them to agree.",notice,,,Visualization Lecture,2025-02-09 17:00,,R0267,208,ID-D74C890588E2AAAB,1,validation,reviewed_real,,,Shortened the formatted lecture line to a meaningful title. [2026-07-11 re-audit] Notice start_time set to Venue-1C8DA09F18 posted_at; end_time left blank per the user's rule.
IHL665I7 S JPW9275 20251:Engineering Strategies & Practice II,Welcome to KK57 of ESP II! ,Dylan Hamilton,45697.708333333336,"For the CDS, it will help you communicate the detailed comparison you are making between different solutions. This lecture will help you with both of those and more.
 LECTURE – THU – Jwu 12 – PR Help Session
 All three hours of lecture on this last day before your PR is due will be dedicated to an open help session. There will be lots of support to help you finalize your PR so you are not scrambling at the last minute.
 TUTORIAL – Work on your PR and Status Report #2
You will be doing your second Status Report this week. Make sure it is done by a different team member than the one who did Status Report #1. Other than that your agenda should be dedicated to getting your PR done. This is an excellent opportunity to check in with both your TA and CI.",notice,,,Project Requirements Help Session,2025-02-09 17:00,,R0268,209,ID-D74C890588E2AAAB,1,validation,reviewed_real,,,Shortened the formatted lecture line to a meaningful title. [2026-07-11 re-audit] Notice start_time set to Venue-1C8DA09F18 posted_at; end_time left blank per the user's rule.
IHL665I7 S JPW9275 20251:Engineering Strategies & Practice II,Welcome to KK57 of ESP II! ,Dylan Hamilton,45697.708333333336,"Your TA can make sure you have identified a solid foundation of Gap, Scope, Functions. Your CI can help you make sure you are formulating a supported and persuasive argument you can take to your client in Client Meeting #2.
 TIMELINE CHECK IN
A team that is on track will have:
 Held their Client Meeting #1,
 Consolidated everyone’s meeting notes into a folder in your MS Teams,
 Created the Google Doc for the PR and shared it with your tutorial teaching team,
 Delegated all the writing tasks for the PR,
 Assigned internal deadlines for completion of the individual sections that is BEFORE the Qqu 67 th deadline,
 And scheduled multiple meetings during the week to write and check in with each other.
 If this doesn’t describe your team, that’s ok. Now is the time to take control of the project and set up all these tasks and make sure you are not scrambling to get your PR done at the last minute.
 See you in lecture on Tuesday.
 Jacqueline Dylan Hamilton",deadline,,,Project Requirements Report,,2025-02-14 23:59 (time inferred),R0269,210,ID-D74C890588E2AAAB,1,validation,reviewed_real,,,Replaced the internal-planning sentence with the actual referenced deadline item.
IHL665I7 S JPW9275 20251:Engineering Strategies & Practice II,PR and Status Report In-Lecture Help Session,Dylan Hamilton,45692.58263888889,Due to an unexpected situation the TROA assignment lecture will not happen today (Tue Bwz43).,notice,,,TROA Assignment Lecture Cancellation,2025-02-04 13:59,,R0270,211,ID-13E5B34BF0B37596,1,train,reviewed_real,,,"The row contains a same-day cancellation, its replacement help session in HS961, and a later report deadline. [2026-07-11 re-audit] Notice start_time set to Venue-1C8DA09F18 posted_at; end_time left blank per the user's rule."
IHL665I7 S JPW9275 20251:Engineering Strategies & Practice II,PR and Status Report In-Lecture Help Session,Dylan Hamilton,45692.58263888889,"In place of the lecture, Jacqueline Hamilton and other members of the teaching team will be in HS961 to help with your first Status Reports and your Project Requirements.",notice,HS961,,PR and Status Report Help Session,2025-02-04 13:59,,R0271,211,ID-13E5B34BF0B37596,2,train,reviewed_real,,,"The row contains a same-day cancellation, its replacement help session in HS961, and a later report deadline. [2026-07-11 re-audit] Notice start_time set to Venue-1C8DA09F18 posted_at; end_time left blank per the user's rule."
IHL665I7 S JPW9275 20251:Engineering Strategies & Practice II,PR and Status Report In-Lecture Help Session,Dylan Hamilton,45692.58263888889,You PR is due on Fri Fkk56 yp 55:ID-3B130FA7DB89CCA8; in gnkp 38 days.,deadline,,,Project Requirements Report,,2025-02-14 23:59,R0272,211,ID-13E5B34BF0B37596,3,train,reviewed_real,,,"The row contains a same-day cancellation, its replacement help session in HS961, and a later report deadline."
IHL665I7 S JPW9275 20251:Engineering Strategies & Practice II,Welcome to SQ51 of ESP II!,Dylan Hamilton,45690.8375,"TROA and Project Requirements lectures will be held Tuesday and Thursday, February 4 and 6.",notice,,,TROA and Project Requirements Lectures,2025-02-02 20:06,,R0273,212,ID-A75826A5F164C189,1,train,reviewed_real,,,The body schedules two separate lectures and references the later PR deadline. [2026-07-11 re-audit] Consolidated the February 4 and 6 lectures. Restored item-specific source context and removed multi-item target ambiguity. Notice start_time set to Venue-1C8DA09F18 posted_at; end_time left blank per the user's rule.
IHL665I7 S JPW9275 20251:Engineering Strategies & Practice II,Welcome to SQ51 of ESP II!,Dylan Hamilton,45690.8375,A detailed project plan (Status Report and Gantt Chart) that will take you to the PR deadline (Qqu 67).,deadline,,,Project Requirements Report,,2025-02-14 23:59 (time inferred),R0275,212,ID-A75826A5F164C189,3,train,reviewed_real,,,The body schedules two separate lectures and references the later PR deadline.
IHL665I7 S JPW9275 20251:Engineering Strategies & Practice II,Welcome to DW22 of ESP II!,Dylan Hamilton,45684.00277777778,LECTURES – TUE & THU – Diz 19 & 30 – PROJECT MANAGEMENT TOOLS,notice,,,Project Management Tools Lectures,2025-01-27 00:04,,R0276,213,ID-6A3983CEAD708E49,1,train,reviewed_real,,,The announcement explicitly schedules two lecture dates; tutorial deliverables depend on each student's section time. [2026-07-11 re-audit] Consolidated the January 28 lgz 80 lectures. Notice start_time set to Venue-1C8DA09F18 posted_at; end_time left blank per the user's rule.
IHL665I7 S JPW9275 20251:Engineering Strategies & Practice II,Welcome to OV99 of ESP II!,Dylan Hamilton,45677.035416666666,LECTURE – TUESDAY – PLR AND CLIENT PREP,notice,,,PLR and Client Preparation Lecture,2025-01-20 00:51,,R0278,214,ID-FC9902548D14573D,1,train,reviewed_real,,,"Week 3 contains a Tuesday lecture, a Thursday help session, and the start of tutorials. [2026-07-11 re-audit] Notice start_time set to Venue-1C8DA09F18 posted_at; end_time left blank per the user's rule."
IHL665I7 S JPW9275 20251:Engineering Strategies & Practice II,Welcome to OV99 of ESP II!,Dylan Hamilton,45677.035416666666,LECTURE – THURSDAY – TC / PLR / CLIENT PREP HELP SESSION,notice,,,"Team Charter, PLR and Client Preparation Help Session",2025-01-20 00:51,,R0279,214,ID-FC9902548D14573D,2,train,reviewed_real,,,"Week 3 contains a Tuesday lecture, a Thursday help session, and the start of tutorials. [2026-07-11 re-audit] Notice start_time set to Venue-1C8DA09F18 posted_at; end_time left blank per the user's rule."
IHL665I7 S JPW9275 20251:Engineering Strategies & Practice II,Welcome to OV99 of ESP II!,Dylan Hamilton,45677.035416666666,"TUTORIAL — Introductions, Client Statement, Client Email, and Team Charter. This is the starting point of your major IHL665 project this week.",notice,,,IHL665 Tutorials Begin,2025-01-20 00:51,,R0280,214,ID-FC9902548D14573D,3,train,reviewed_real,,,"Week 3 contains a Tuesday lecture, a Thursday help session, and the start of tutorials. [2026-07-11 re-audit] Restored item-specific source context and removed multi-item target ambiguity. Notice start_time set to Venue-1C8DA09F18 posted_at; end_time left blank per the user's rule."
IHL665I7 S JPW9275 20251:Engineering Strategies & Practice II,Welcome to BN12 of ESP II!,Dylan Hamilton,45670.60763888889,Tutorials start next week (OV99) and even this first tutorial will be busy.,notice,,,IHL665 Tutorials Begin,2025-01-13 14:35,,R0281,215,ID-59B6A0CCF088E0BA,1,train,reviewed_real,,,The row schedules tutorial commencement plus separate Tuesday and Thursday lectures; MMF324 is not a location. [2026-07-11 re-audit] Notice start_time set to Venue-1C8DA09F18 posted_at; end_time left blank per the user's rule.
IHL665I7 S JPW9275 20251:Engineering Strategies & Practice II,Welcome to BN12 of ESP II!,Dylan Hamilton,45670.60763888889,The first Communications lecture on Tuesday will help you prepare for professional client interactions.,notice,,,Professional Client Communication Lecture,2025-01-13 14:35,,R0282,215,ID-59B6A0CCF088E0BA,2,train,reviewed_real,,,The row schedules tutorial commencement plus separate Tuesday and Thursday lectures; MMF324 is not a location. [2026-07-11 re-audit] Restored item-specific source context and removed multi-item target ambiguity. Notice start_time set to Venue-1C8DA09F18 posted_at; end_time left blank per the user's rule.
IHL665I7 S JPW9275 20251:Engineering Strategies & Practice II,Welcome to BN12 of ESP II!,Dylan Hamilton,45670.60763888889,"Likewise, the first Teamwork lecture on Thursday, will set you up for your second course assignment, writing a Team Charter with your new team.",notice,,,Teamwork and Team Charter Lecture,2025-01-13 14:35,,R0283,215,ID-59B6A0CCF088E0BA,3,train,reviewed_real,,,The row schedules tutorial commencement plus separate Tuesday and Thursday lectures; MMF324 is not a location. [2026-07-11 re-audit] Notice start_time set to Venue-1C8DA09F18 posted_at; end_time left blank per the user's rule.
IHL665I7 S JPW9275 20251:Engineering Strategies & Practice II,PD Points Opportunity: U of T Engineering Kompetitions (UTEK),Glenda Chase,45667.83888888889,"Registration Deadline: Sunday, January ID-CE36EE72F0C42525",deadline,,,UTEK Registration,,2025-01-12 23:59 (time inferred),R0284,216,ID-60D031737211F265,1,train,reviewed_real,,,The registration cutoff and the two-day competition are distinct items.
IHL665I7 S JPW9275 20251:Engineering Strategies & Practice II,PD Points Opportunity: U of T Engineering Kompetitions (UTEK),Glenda Chase,45667.83888888889,"U of T Engineering Kompetitions (UTEK), U of T's flagship engineering competition will be held on January 18-19, 2025.",event,,,U of T Engineering Kompetitions,2025-01-18 00:00 (time inferred),2025-01-19 23:59 (time inferred),R0285,216,ID-60D031737211F265,2,train,reviewed_real,,,The registration cutoff and the two-day competition are distinct items.
IHL665I7 S JPW9275 20251:Engineering Strategies & Practice II,Welcome to ESP II!  ,Dylan Hamilton,45664.49722222222,Lectures will be held in the same lecture hall as ESP I (HS961).,notice,HS961,,First ESP II Lecture,2025-01-07 11:56,,R0286,217,ID-767D3D40D1277197,1,train,reviewed_real,,,The first lecture and tutorial commencement occur on different dates; the lecture's room is explicitly HS961. [2026-07-11 re-audit] Notice start_time set to Venue-1C8DA09F18 posted_at; end_time left blank per the user's rule.
IHL665I7 S JPW9275 20251:Engineering Strategies & Practice II,Welcome to ESP II!  ,Dylan Hamilton,45664.49722222222,"Tutorials start in Week 3, the week of Jxw 78 th .",notice,,,IHL665 Tutorials Begin,2025-01-07 11:56,,R0287,217,ID-767D3D40D1277197,2,train,reviewed_real,,,The first lecture and tutorial commencement occur on different dates; the lecture's room is explicitly HS961. [2026-07-11 re-audit] Notice start_time set to Venue-1C8DA09F18 posted_at; end_time left blank per the user's rule.
NLG978I7 Y WMR6103 20265:Applied Fundamentals of Deep Learning,Updated syllabus to reflect new grade distribution,James Gordon,46163.08888888889,"I have uploaded an updated syllabus to Quercus.
 The updated syllabus includes the revised Lab 1 deadline, as well as the updated grade distribution for the course:
 Final Exam: 60%
 Project: 30%
 Labs: 10%",not related,,,,,,R0288,218,ID-58DB6A7A5EFFF136,1,validation,reviewed_real,,,Reviewed; existing target fields retained.
NLG978I7 Y WMR6103 20265:Applied Fundamentals of Deep Learning,Welcome back to Quercus,James Gordon,46163.08541666667,"Hi everyone,
 We are now transitioning back to Quercus for course materials and submissions.
 The temporary Piazza post and Google Drive folder that were being used in place of Quercus will be removed shortly.
Going forward, please use Quercus as the official location for course materials, announcements, and assignment submissions.
 As a reminder, Lab 1 is due tomorrow night.
Please make sure you submit your work through Quercus before rbq 52:59 pm deadline.
Bryan,
James",deadline,Quercus,,Lab 1,,2026-05-22 23:59,R0289,219,ID-E2CDD3F393DB230D,1,train,reviewed_real,,,The body explicitly says Lab 1 is due tomorrow yp 55:59 pm through Quercus.
NLG978I7 Y WMR6103 20265:Applied Fundamentals of Deep Learning,"Zoom Meeting Information for Lecture, Tutorial and Lab Sessions",James Gordon,46143.175,"Please see the syllabus for full details, including which weeks we have lectures, tutorials, and labs. I have also included some easy-to-copy information below for your convenience :)
LJT335 -- WED ID-363E39C00CB8C1B2 to noon -- https://resource-9b72ae76f0460477.example.edu/p45bc1313/p38430c7b -- Meeting ID: 116 5623 0235
BSC263 -- MON 9am to ID-51583D359B89D778 -- https://resource-d275998e94bbedbd.example.edu/pc5f0cf10/p454417f9 -- Meeting ID: 974 0222 8482
 NHS665 -- WED 6pm to 8pm -- https://resource-9b72ae76f0460477.example.edu/p45bc1313/p38430c7b -- Meeting ID: 116 5623 0235 (same as LJT335)
 TME817 -- TUE 6pm to 8pm -- https://resource-c2dbcc2d8d708e2f.example.edu/pd0bf0361/pa6768081 -- Meeting ID: 292 0583 1482
 (No passcodes to get in)",not related,,"https://resource-9b72ae76f0460477.example.edu/p45bc1313/p38430c7b
https://resource-d275998e94bbedbd.example.edu/pc5f0cf10/p454417f9
https://resource-c2dbcc2d8d708e2f.example.edu/pd0bf0361/pa6768081",,,,R0290,220,ID-E2CAFF90C5101542,1,test,reviewed_real,,,Reviewed; existing target fields retained.
NLG978I7 Y WMR6103 20265:Applied Fundamentals of Deep Learning,We Opened up Another Section and it's in the Evening so you can Switch if it's a Better Fit,James Gordon,46143.17013888889,"Hi everyone,
I just wanted to let you know that we have opened another lecture section for the course this summer due to high demand.
There were bupr 47 people on the waitlist!
NHS665 will take place on Wednesdays from 6:00 PM to 8:00 PM, and TME817 will take place on Tuesdays from 6:00 PM to 8:00 PM.
 If the evening section is a better fit for your schedule, you can go ahead and swap sections if you are currently enrolled in LJT335 and would like to move to NHS665.
Have a great night,
 James",not related,,,,,,R0291,221,ID-4B42BD0F0AB2B41C,1,train,reviewed_real,,,"LJT335 is a lecture-section code, not a room, building, address, or online platform."
NLG978I7 Y WMR6103 20265:Applied Fundamentals of Deep Learning,Welcome to NLG978 - Summer 2026,James Gordon,46142.79652777778,"Hi Class,
 Welcome to NLG978 - Applied Fundamentals of Deep Learning .
 We will start the semester on Wednesday, May 6th, 2026.
Please pay close attention to the syllabus once it's released and attend your designated lectures, tutorials, and labs.
Although they are not mandatory, I strongly recommend attending the lectures live.
Also, Dennis is active, and you can ask your ID-493BD7E0444E440F there.
 I'm looking forward to meeting you all and having a productive summer semester :)",notice,,,NLG978 Summer Semester Start,2026-04-30 19:07,,R0292,222,ID-3909671A02111D5A,1,test,reviewed_real,,,The welcome announcement explicitly names the semester start date. [2026-07-11 re-audit] Notice start_time set to Venue-1C8DA09F18 posted_at; end_time left blank per the user's rule.
ZTN644I7 S JPW9275 20251:Electrical Fundamentals,Release of final exam scores,Eileen Chan,45787.90694444445,"Your final exam has been returned to you. The class average hnp 96.8%.
 Please use the following link to make any requests for a re-grade of your final exam. https://resource-44ad64ee19acd26c.example.edu/p95c4a209/pbf0ed05a
 If you feel the need to email me, please include ""ID-DCF70D41C5005DE4_ZTN644"" in the subject line so that I don't miss your email.",not related,,https://resource-44ad64ee19acd26c.example.edu/p95c4a209/pbf0ed05a,,,,R0293,223,ID-A0E43C6A3007F816,1,train,reviewed_real,,,Reviewed; existing target fields retained.
ZTN644I7 S JPW9275 20251:Electrical Fundamentals,FINAL EXAM RELEASE,Eileen Chan,45784.87222222222,"By now, you should have received your final grade for the course. Once the Undergraduate Assessment Committee makes the final grades official, we will release the final exams to you. At that point, if you feel there are any issues you may submit a request for grade re-check or re-grade.
 Please refrain from contacting your professors at this time.",not related,,,,,,R0294,224,ID-DDB717BF0B1B5926,1,train,reviewed_real,,,Reviewed; existing target fields retained.
ZTN644I7 S JPW9275 20251:Electrical Fundamentals,FINAL EXAM,Eileen Chan,45775.15902777778,"Please be reminded:
 1) Bring your Tcard.
 2) Arrive early to allow time for checking IDs.
 3) Don't forget your calculator and aid sheet.",not related,,,,,,R0295,225,ID-981B34159B69DBF8,1,train,reviewed_real,,,Reviewed; existing target fields retained.
ZTN644I7 S JPW9275 20251:Electrical Fundamentals,Few Final Exam Helpful Tips,Miranda Lewis,45756.58819444444,"Dear all Section 02 Students,
 It was a pleasure being your instructor for YXC7595 for this term. Wish you all the best kristy blackwell wagner horton exams. please reach out through email if you need extra assistant or clarification with any of the course materials.
 Quick tips for entering final exams:
 Study, do your best alec sheppard estes buckley your course materials, please don't study alone all the time, good studying peers and groups are always helpful. Finally, please enter your final exams with confidence that you did your part and know your work.
 If you approached a question and couldn't figure it out, leave it and approach another one, and then come back to it, you will figure it out.
 Not every question is challenging, some ID-493BD7E0444E440F are very straight forward, but we treat them as challenging, so we spend more time on them than needed.
 Hope you find these tips helpful :)
 Best Steve,
 Theodore. Lewis",not related,,,,,,R0296,226,ID-C2015857EC80EE60,1,train,reviewed_real,,,Reviewed; existing target fields retained.
ZTN644I7 S JPW9275 20251:Electrical Fundamentals,Term Test 2 Remarks Complete,Claire Davidson,45755.68263888889,"Hey everyone,
 I've gone through all the remark requests and made adjustments where appropriate. All requests sent in by the deadline were considered. (There should be a 🎉 in the email to you, or a reply from me)
 As stated in the initial remark announcement, these decisions are final. Marks on Quercus and Crowdmark should be consistent now (If they are not, wait about 5-10 mins as it may still be sync-ing, and if they are still not correct by the end of day then please email me).
 The Full Solutions version for Term Test 2 are now available under the ""Tests (2025)"" section.
 Claire",not related,,,,,,R0297,227,ID-804BC6634E55D5A9,1,train,reviewed_real,,,Reviewed; existing target fields retained.
ZTN644I7 S JPW9275 20251:Electrical Fundamentals,Final remarks (Section 03),Meredith Poole,45755.118055555555,"Thank you for attending the final lecture today. All course slides, including the review from today’s session, have been updated and uploaded to Quercus. I’ve also added further comments and examples to the previously posted annotated versions of the slides.
 As mentioned during the lecture (and noted in the slides), my final office hour will be held in person this Wed (Apr. 9) in my office (AN8708 – the same location as our regular office hours). After that, I will still be available to answer ID-493BD7E0444E440F via email.
 I would greatly appreciate it if you could take a few moments to complete the course evaluation. Your feedback is very valuable to me and plays an important role in helping improve the course and my teaching.
 Finally, I wish you all the best kirk wagner horton mahoney! If there’s anything I can do to support you in the future, please don’t hesitate to reach out.",notice,AN8708,,Final Office Hour,2025-04-08 02:50,,R0298,228,ID-1F192FC9AEBB3BA0,1,train,reviewed_real,,,Added the explicit office room and replaced the title truncated at Apr. [2026-07-11 re-audit] Notice start_time set to Venue-1C8DA09F18 posted_at; end_time left blank per the user's rule.
ZTN644I7 S JPW9275 20251:Electrical Fundamentals,Final Exam Aid Information and Aid Sheet,Claire Davidson,45754.896527777775,"Information about the final exam is listed below. For the aid sheet, you will be able to use any single, double sided 8.5” x 11” aid sheet (i.e., does not have to be the faculty printed one).
 Good luck on all your exams!
 Allowable Materials & Instructions to Candidates
 Exam Type: Type C3 (Students may use a single, double sided 8.5” x 11” aid sheet)
 Calculator Type: Type 3: Non-programmable calculators from a list of approved calculators as issued by the Faculty Registrar.
 Authorized Aid: Only one aid sheet.
 Special Instructions: Answer all six ID-493BD7E0444E440F. For full marks, you must show methods, state UNITS and compute numerical answers (when requested). You are only allowed to ask ID-493BD7E0444E440F about spelling or clarification of figures. An extra blank sheet is provided for rough work, clearly indicate if you wish for this work to be graded.",not related,,,,,,R0299,229,ID-51E6B709ED6E9891,1,train,reviewed_real,,,Reviewed; existing target fields retained.
ZTN644I7 S JPW9275 20251:Electrical Fundamentals,Aid sheets from Term Test 1 & 2,Claire Davidson,45754.751388888886,For those of you that wrote in ATS and had your aid sheets taken with the tests. You may pick them up if you wish from the ECE mailroom ( Room QSK673) during their normal office hours.,not related,,,,,,R0300,230,ID-BFFBC742BAC869C1,1,train,reviewed_real,,,Reviewed; existing target fields retained.
ZTN644I7 S JPW9275 20251:Electrical Fundamentals,Class for ID-C4FFE701C8D6E55D on Monday cancelled,Dalton Mclean,45753.65347222222,"Dear students (ID-C4FFE701C8D6E55D),
 I fell and hurt my back; therefore, cannot come to work on Monday. Please email me if you need individual help before the final exam. Good luck with all your exams.
 Steve",notice,,,ZTF3765 Lecture Cancellation,2025-04-06 15:41,,R0301,231,ID-7131FD21CF8C3BD7,1,train,reviewed_real,,,The announcement title and Sunday posting identify the cancelled Monday class as April 7. [2026-07-11 re-audit] Notice start_time set to Venue-1C8DA09F18 posted_at; end_time left blank per the user's rule.
ZTN644I7 S JPW9275 20251:Electrical Fundamentals,Students Course Evaluation,Miranda Lewis,45751.54583333333,"Hello All,
 I would highly recommend filling out Student's Course Evaluation. It is open till April 08. We would love to hear your voices, opinions, and suggestions in what would you like to see being improved with your over all course experience. Your voices really matters to us, so please take few minutes and fill it out. You can access Students Course Evaluation through the link that was sent to you, or by clicking on 'Jesse Rich' tab in Quercus.
 Best Steve,
 Theodore. Lewis",deadline,Quercus,,Course Evaluation,,2025-04-08 23:59 (time inferred),R0302,232,ID-4006E4F3164E2918,1,train,reviewed_real,,,The evaluation remains open until April 8 and is accessed in Quercus.
ZTN644I7 S JPW9275 20251:Electrical Fundamentals,Term Test 2 Marks out and Remark Requests,Claire Davidson,45745.63263888889,"You should have already received your Term Test 2 grades via Crowdmark/Quercus. If you feel that your work was marked unfairly or incorrectly, you may submit an appeal to me iw 77:59 p.m. Monday Apr. user_418949529d33@example.edu . Test solutions have been released for the remarking period and Full solutions will be posted after the remarking has finished.
 Please title your email as follows: [ZTN 644 2025] Test 2 Remark Request for [Your Name] and Book Number #. This will ensure I do not miss your remark request in my inbox.
 In the email, please explain, clearly and concisely, which question(s) you would like remarked and why you feel the remark is justified. For example:
 Q1a: &lt;Your reason here&gt;
 Q3c: &lt;Your reason here&gt;
 Make sure you include your paper number (it should be listed as #___, next to the page number on each page) otherwise I will not be able to identify your paper in Crowdmark.
 If you wrote your paper using accessibility services, please indicate that as well.
 Note that your grade may increase, remain the same, or decrease after the remarking. I will look over each request to ensure the marking scheme was followed precisely . This decision is final and cannot be appealed further
 I will react to your emails with a 👍 that I have received and read your request and will change that reaction to a 🎉 when I have finished remarking. All marks will be updated into Quercus after the remarking period is over (I will make an announcement when that is completed)
 Claire",deadline,,,Term Test 2 Remark Request,,2025-04-07 23:59,R0303,233,ID-9A08D947085BA568,1,train,reviewed_real,,,The appeal deadline is explicit in the body.
ZTN644I7 S JPW9275 20251:Electrical Fundamentals,Assignment #6 has been posted.,Eileen Chan,45741.75902777778,"The due date is Monday, April 7th.",deadline,,,Assignment 6,,2025-04-07 23:59 (time inferred),R0304,234,ID-3944528AD799A22D,1,train,reviewed_real,,,Replaced the due-date sentence with the assignment name from the announcement title.
ZTN644I7 S JPW9275 20251:Electrical Fundamentals,Monday Lecture Section 02,Miranda Lewis,45739.6875,The good news is that this Monday lecture is our last topic for YXC7595.,notice,,,ZTN644 Section 02 Final-Topic Lecture,2025-03-23 16:30,,R0305,235,ID-294B20E4E8C7ED55,1,train,reviewed_real,,,The body schedules tomorrow's final-topic lecture and separate virtual review sessions on March 26 off 82. [2026-07-11 re-audit] Notice start_time set to Venue-1C8DA09F18 posted_at; end_time left blank per the user's rule.
ZTN644I7 S JPW9275 20251:Electrical Fundamentals,Monday Lecture Section 02,Miranda Lewis,45739.6875,"Wednesday and Thursday Lectures for this week will be our first review sessions, both will be done virtually from my office to be recorded for you as study materials for the final exam, the following link to join both lectures:
Wednesday ID-B6AA70C17DA6A08F and Thursday ID-D130FB0F79EED3F2 lectures",notice,Microsoft Teams,https://resource-c08b9fe731de5f44.example.edu/p6ad07561/p48063a51/pc8dcc597.v2/p781ff9e4?k1=fa7e912fcc,ZTN644 Virtual Review Sessions,2025-03-23 16:30,,R0306,235,ID-294B20E4E8C7ED55,2,train,reviewed_real,,,The body schedules tomorrow's final-topic lecture and separate virtual review sessions on March 26 off 82. [2026-07-11 re-audit] Consolidated both virtual review sessions and restored the actionable Teams link. Notice start_time set to Venue-1C8DA09F18 posted_at; end_time left blank per the user's rule.
ZTN644I7 S JPW9275 20251:Electrical Fundamentals,Thursday ID-920A3CF1B6469E57 Lecture virtual,Miranda Lewis,45732.69027777778,"Hello Section 02 Students,
 Thursday ID-920A3CF1B6469E57 Lecture will be carried Virtual from my office and recorded, in case you need the time to prepare for our Term Test 2 in the evening.
 Here is Microsoft teams link if you are interested to join:
 Thursday Lecture 3pm to 4pm
 Best Steve,
 Theodore. Lewis",event,Microsoft Teams,,Virtual ZTN644 Lecture,2025-03-20 15:00,2025-03-20 16:00,R0308,236,ID-339196967112FFF9,1,train,reviewed_real,,,"The announcement gives the Thursday date through context, an explicit 3-4 pm interval, and Microsoft Teams as the online platform."
ZTN644I7 S JPW9275 20251:Electrical Fundamentals,Breaking Fast (Iftar) Accommodation during Term Test 2,Miranda Lewis,45732.677083333336,"Hello All,
 If you will require to break your fast during Term Test 2 on March ID-920A3CF1B6469E57, please have a bottle of water ready as well as a simple snack, such as dates, cookies, etc., on your desk. If you couldn't pack a snack, dates and date pastry (date cookie) will be available to be given to you while you are seated close to Iftar time (breaking fast time). Please Note, no Water bottles will be distributed, so please make sure to have one prepared.
 TAs will walk around asking if you require a snack to break your fast, even if you prepared your own snack, please feel free to ask for our snack if you are interested.
 As for praying ""Krystal Hayden"", sheets will be available to be used as needed to pray on at the back of the exam room, as well as praying direction. Please come with Wudu , as granting an extra ID-6F1F8C2A1C1E8FD0 for praying could be accommodated, but Wudu will take much more time than ID-8BDCEC8561561416, which might be hard to accommodate.
 P.S. I will be breaking my fast with you all on the ID-920A3CF1B6469E57, exactly the same way 🙂, I am excited for it.
 Best Steve, bob Walsh Gordon wolfe 🙂
 Andrew. Lewis",notice,,,Term Test 2 Iftar Accommodation,2025-03-16 16:15,,R0309,237,ID-90A4DB9CE20FAE4E,1,test,reviewed_real,,,"The date-only notice is valid, but the missing title is replaced with a concise calendar title. [2026-07-11 re-audit] Notice start_time set to Venue-1C8DA09F18 posted_at; end_time left blank per the user's rule."
ZTN644I7 S JPW9275 20251:Electrical Fundamentals,Assignment #5 - extension,Eileen Chan,45731.91458333333,"The due date has been extended by 1 week to Monday, March ID-9B510865B5EFA9F9.",deadline,,,Assignment 5,,2025-03-31 23:59 (time inferred),R0310,238,ID-2CE91F70D03BE125,1,train,reviewed_real,,,The extracted sentence is shortened to the assignment name.
ZTN644I7 S JPW9275 20251:Electrical Fundamentals,Term Test 2 Room Assignments and General Information,Claire Davidson,45731.04652777778,"Term Test 2 is scheduled for March 20 (Thursday) from 7:10 pm to 8:40 pm. Please arrive at the Pinecrest Centre (800 Fairview Street) before 7 pm, as we will start promptly at 7:10 pm. Please ensure you bring your T-card as it will be required for identification purposes. On the exam paper, please write your name exactly as it appears on your TCard.
 Room assignments are determined by your LAST NAME. Please make sure to go to your designated room, as you will need to sign an attendance list during the exam.
 JU337: A to J
 QT750: K to S
 XP625: T to W
 EC855: X to Z
The test will be graded using Crowdmark. Please use a dark pen or pencil for writing. Illegible handwriting or writing in light colors may hinder the automated scanning software from accurately reading your information, resulting in a delay in the return of your test.
 Test general information is in the PDF attached",event,"Pinecrest Centre, 800 Fairview Street",,Term Test 2,2025-03-20 19:10,2025-03-20 20:40,R0311,239,ID-0F1FBBE10FA74B8E,1,validation,reviewed_real,,,"The body explicitly gives the Pinecrest Centre street address, and the title is shortened."
ZTN644I7 S JPW9275 20251:Electrical Fundamentals,"Assignment #4, Question 8",Eileen Chan,45730.649305555555,"As shown below, the answer is False. To clarify, yes it is possible to use superposition to solve a circuit containing dependent sources; however, it is not a very effective method since it requires more work than what would be needed otherwise.",not related,,,,,,R0312,240,ID-735D777DC6751E43,1,train,reviewed_real,,,Reviewed; existing target fields retained.
ZTN644I7 S JPW9275 20251:Electrical Fundamentals,Term Test 2 Review,Miranda Lewis,45728.654861111114,"Hello Section 02,
 As discussed during lecture time, I created a term test review file and recoding, covering all the physics topics covered by Term Test 2.
 I didn't go over the circuit analysis part for term test 2, as it is already covered within the recording for all the electric circuit analysis technics review.
 Best Steve,
 Theodore. Lewis",not related,,,,,,R0313,241,ID-50EEF22B9D05F751,1,train,reviewed_real,,,Reviewed; existing target fields retained.
ZTN644I7 S JPW9275 20251:Electrical Fundamentals,Assignment #5 has been posted.,Eileen Chan,45726.770833333336,The due date for Assignment #5 is Monday March ID-254D4CCA57178653.,deadline,,,Assignment 5,,2025-03-24 23:59 (time inferred),R0314,242,ID-0991F74D6131A801,1,train,reviewed_real,,,The sentence fragment is replaced with the assignment name.
ZTN644I7 S JPW9275 20251:Electrical Fundamentals,Electric Circuit Analysis review recording,Miranda Lewis,45724.76388888889,"Hello Section 02 students,
 As discussed in class, I created a recording covering all the Electric Circuit Analysis techniques we covered through chapter 10, 11, 12, suv 80.
 I have it uploaded under my section 02 lecture notes.
 Quick heads up, the recording covers all up to Thevenin and Norton laws and maximum power transfer, but your term test 2 will cover up to Superposition topic for the eclectic circuit analysis part.
 Best Steve,
 Theodore. Lewis",not related,,,,,,R0315,243,ID-959DE6819315CB2D,1,train,reviewed_real,,,Reviewed; existing target fields retained.
ZTN644I7 S JPW9275 20251:Electrical Fundamentals,ipad found in LN8738,Dalton Mclean,45721.68125,An iPad was found in LN8738 around 11 am today. It's now in Jacqueline. Mclean's office (DP689).,not related,,,,,,R0316,244,ID-88F9AA2C032EC000,1,train,reviewed_real,,,"This is a lost-property message, not a calendar item; LN8738 describes where the iPad was found rather than an event location."
ZTN644I7 S JPW9275 20251:Electrical Fundamentals,Lecture Section 5 - Reminder,Eileen Chan,45721.65902777778,Today's lecture at noon is cancelled.,notice,,,Section 5 Lecture Cancelled,2025-03-05 15:49,,R0317,245,ID-16D323D8767FED4C,1,validation,reviewed_real,,,"A specifically timed lecture cancellation is a notice, not an unrelated announcement. [2026-07-11 re-audit] Notice start_time set to Venue-1C8DA09F18 posted_at; end_time left blank per the user's rule."
ZTN644I7 S JPW9275 20251:Electrical Fundamentals,Assignment #4,Eileen Chan,45717.157638888886,The deadline to submit your answers has been extended by 1 week to March ID-12C435331B4E872F.,deadline,,,Assignment 4,,2025-03-16 23:59 (time inferred),R0318,246,ID-7BAD2EDC5AFE20BA,1,train,reviewed_real,,,The title is reduced to the assignment name.
ZTN644I7 S JPW9275 20251:Electrical Fundamentals,Term Test 1 Remarks Complete,Claire Davidson,45714.669444444444,"Hey everyone,
 I've gone through all the remark requests and made adjustments where appropriate. All requests sent in by the deadline were considered. (There should be a 🎉 in the email to you)
 As stated in the initial remark announcement, these decisions are final. Marks on Quercus and Crowdmark should be consistent now (If they are not, wait about 5-10 mins as it may still be sync-ing, and if they are still not correct then please email me).
 The Full Solutions version for Term Test 1 are now available under the ""Tests (2025)"" section.
 Claire",not related,,,,,,R0319,247,ID-9C1D985B83A6DF66,1,train,reviewed_real,,,Reviewed; existing target fields retained.
ZTN644I7 S JPW9275 20251:Electrical Fundamentals,Today's Lecture Follow UP Recordings,Miranda Lewis,45712.99652777778,"Hello Section 02 Students,
 I added a Follow up Recording for today's lecture, touching on few points that were confusing to some of you, as well as the main points for working with nodal analysis equations, to give you a more systematic way on writing them down.
 We can discuss it further at the beginning of next class as well.
 Best Steve,
 Theodore. Lewis",not related,,,,,,R0320,248,ID-A9BB15CFF1C8A514,1,train,reviewed_real,,,Reviewed; existing target fields retained.
ZTN644I7 S JPW9275 20251:Electrical Fundamentals,February ID-0AA1600DC9D2CEC1 Lecture Recordings,Miranda Lewis,45707.46041666667,"Hello Section 02 Students,
 I uploaded February ID-0AA1600DC9D2CEC1 Lecture recordings last Thursday, but just noticed it wasn't published.
 I have it published now for all of you who couldn't attend.
 Have a great rest of your Study week
 Andrew. Lewis",not related,,,,,,R0321,249,ID-F9A1EB649D422958,1,train,reviewed_real,,,February 13 identifies already-recorded lecture material; the message only says those recordings are now published and creates no calendar item.
ZTN644I7 S JPW9275 20251:Electrical Fundamentals,Term Test 1 Marks out and Remark Requests,Claire Davidson,45702.68125,"Hello everyone,
 You should have already received your Term Test 1 grades via Crowdmark/Quercus. If you feel that your work was marked unfairly or incorrectly, you may submit an appeal to me iw 77:59 p.m. Tuesday Feb. user_4ecf38791874@example.edu . Test solutions have been released for the remarking period and Full solutions will be posted after the remarking has finished.
 Please title your email as follows: [ZTN 644 2025] Test 1 Remark Request for [Your Name] and Book Number #. This will ensure I do not miss your remark request in my inbox.
 In the email, please explain, clearly and concisely, which question(s) you would like remarked and why you feel the remark is justified. For example:
 Q1a: &lt;Your reason here&gt;
 Q3c: &lt;Your reason here&gt;
 Make sure you include your paper number (it should be listed as #___, next to the page number on each page) otherwise I will not be able to identify your paper in Crowdmark.
 If you wrote your paper using accessibility services, please indicate that as well.
 Note that your grade may increase, remain the same, or decrease after the remarking. I will look over each request to ensure the marking scheme was followed precisely . This decision is final and cannot be appealed further
 I will react to your emails with a 👍 that I have received and read your request and will change that reaction to a 🎉 when I have finished remarking. All marks will be updated into Quercus after the remarking period is over (I will make an announcement when that is completed)
 Claire",deadline,,,Term Test 1 Remark Appeals,,2025-02-25 23:59,R0322,250,ID-856658DDFD5E51CC,1,train,reviewed_real,,,The body explicitly sets a February 25 yp 55:59 p.m. appeal deadline.
ZTN644I7 S JPW9275 20251:Electrical Fundamentals,"In person class cancelled for Section 02 due to weather warning, will run virtually.",Miranda Lewis,45701.04236111111,"Hello Section 02 Students,
 Due to tomorrow's weather warning, I will cancel our In person Lecture 3pm to 4pm for Tomorrow February ID-0AA1600DC9D2CEC1, and will run it virtually from my office with you all during same time.
 Please click on the following link to join tomorrow's Lecture on Microsoft Teams.
 ECE Thursday Lecture 3pm - 4pm
 Email user_e4b10ec6f73c@example.edu, if you couldn't join.
 Please stay safe.
 Andrew. Lewis",event,Microsoft Teams,,Section 02 Virtual Lecture,2025-02-13 15:00,2025-02-13 16:00,R0323,251,ID-FCB7DBF32EF6862B,1,train,reviewed_real,,,The event fields are correct; a concise title is added.
ZTN644I7 S JPW9275 20251:Electrical Fundamentals,Room Assignment for Term Test 1,Claire Davidson,45691.88333333333,"Term Test 1 is scheduled for February 11 (Tuesday) hcuv 61:10 am qd 13:40 am. Please arrive at the Pinecrest Centre (800 Fairview Street) before 10 am, as we will start promptly ad 30:10 am. Please ensure you bring your T-card as it will be required for identification purposes. On the exam paper, please write your name exactly as it appears on your TCard.
 Room assignments are determined by your LAST NAME. Please make sure to go to your designated room, as you will need to sign an attendance list during the exam.
 JU337: A to J
 QT750: K to S
 XP625: T to W
 EC855: X to Z
The test will be graded using Crowdmark. Please use a dark pen or pencil for writing. Illegible handwriting or writing in light colors may hinder the automated scanning software from accurately reading your information, resulting in a delay in the return of your test.",event,"Pinecrest Centre, 800 Fairview Street",,Term Test 1,2025-02-11 10:10,2025-02-11 11:40,R0324,252,ID-99CAC3453BA4D144,1,train,reviewed_real,,,"The body explicitly names the Pinecrest Centre and its address, and the title is shortened."
ZTN644I7 S JPW9275 20251:Electrical Fundamentals,Over-crowding in lecture sections 103 mhf 938,Eileen Chan,45694.09305555555,"Hello Everyone,
 I have been informed that the lecture rooms for these two sections have been exceeding their designated (safety) capacities. Given the virtual impossibility of switching to larger rooms, we kindly ask that students from other sections (not originally assigned dk 306 mhf 938) to attend any of the other sections.
 Please contact me if you are unable to find another section.",not related,,,,,,R0325,253,ID-59509BC43BFF1296,1,validation,reviewed_real,,,Reviewed; existing target fields retained.
ZTN644I7 S JPW9275 20251:Electrical Fundamentals,Test - aid sheet (optional),Eileen Chan,45691.87291666667,I have attached a copy of an aid sheet template that you may use for tests and exams in this course. Please note that you are welcome to make your own.,not related,,,,,,R0326,254,ID-E173776D2632C69C,1,validation,reviewed_real,,,Reviewed; existing target fields retained.
ZTN644I7 S JPW9275 20251:Electrical Fundamentals,Assignment #3 has been posted.,Eileen Chan,45691.80486111111,Please note that the number of attempts has been increased to 5 and the tolerance to +/- 5%.,not related,,,,,,R0327,255,ID-876DBE6DB0FF619B,1,train,reviewed_real,,,Reviewed; existing target fields retained.
ZTN644I7 S JPW9275 20251:Electrical Fundamentals,TA support for Term Test 1 on Piazza,Claire Davidson,45691.631944444445,TAs will be online on Friday from 1 PM to 8 PM to help students prepare for Term Test 1.,event,Piazza,,Term Test 1 TA Support,2025-02-07 13:00,2025-02-07 20:00,R0328,256,ID-0E7E1CB612D47C37,1,train,reviewed_real,,,Two distinct online TA-support windows are stated and must be separated. [2026-07-11 re-audit] Restored item-specific source context and removed multi-item target ambiguity.
ZTN644I7 S JPW9275 20251:Electrical Fundamentals,TA support for Term Test 1 on Piazza,Claire Davidson,45691.631944444445,TAs will be online on Monday from 4 PM to 8 PM to help students prepare for Term Test 1.,event,Piazza,,Term Test 1 TA Support,2025-02-10 16:00,2025-02-10 20:00,R0329,256,ID-0E7E1CB612D47C37,2,train,reviewed_real,,,Two distinct online TA-support windows are stated and must be separated. [2026-07-11 re-audit] Restored item-specific source context and removed multi-item target ambiguity.
ZTN644I7 S JPW9275 20251:Electrical Fundamentals,"Lecture Recordings, Term Test 1 Review Sessions, and Term Test 1 Formula sheet.",Miranda Lewis,45691.60972222222,"Hello Section 02 Students:
 Few students requested lecture recordings, review session before Term Test 1, and had concerns regarding Term Test 1 Aid Sheet. Please read below:
 Wednesday for my section will be a review session for Term Test 1, Lecture 1 to Lecture 12 topics, no new materials will be covered during Wednesday class.
 I will only cover new materials on Monday and Thursday for this week.
 There are lecture recordings available for all our course materials under Lecture Section 6 - Professor Gavin Kenneth . Andrew. Kenneth kindly has recording for all his lectures open to all ZTN644 course students if they missed attending any of their sections in person or they need a recap for materials delivered during class time, please view his lecture recordings.
 An announcement with Test #1: General Information ( Term Test 1 aid sheet and other rules) has been posted by Andrew. Eileen Chan , giving details of what expectations you should expect during Term Test 1.
 Please reach out if you have any ID-493BD7E0444E440F or concerns, we all are happy to help.
 Andrew. Lewis",notice,,,Term Test 1 Review Session,2025-02-03 14:38,,R0330,257,ID-2DD62DB81CC2DC3A,1,train,reviewed_real,,,"The Wednesday class is explicitly repurposed as a test review; no clock time is stated in the body, so it is a notice. [2026-07-11 re-audit] Notice start_time set to Venue-1C8DA09F18 posted_at; end_time left blank per the user's rule."
ZTN644I7 S JPW9275 20251:Electrical Fundamentals,Test #1: General Information,Eileen Chan,45688.930555555555,Please review the attached pdf document which lists information pertinent to your upcoming test. Room assignments will be posted prior to the exam date.,not related,,,,,,R0331,258,ID-D1524CB4FD84611E,1,train,reviewed_real,,,Reviewed; existing target fields retained.
ZTN644I7 S JPW9275 20251:Electrical Fundamentals,Assignment #2 - Question 18,Eileen Chan,45688.19930555556,"For those who had issues with the answer in part (a), Herbert has updated the marking system so that an integer will be accepted as a correct answer.",not related,,,,,,R0332,259,ID-81F469D789F0E361,1,test,reviewed_real,,,Reviewed; existing target fields retained.
ZTN644I7 S JPW9275 20251:Electrical Fundamentals,Information slide deck sent from the First Year Office (FYO),Eileen Chan,45684.85972222222,"Hello everyone,
 I hope the semester is going well so far! The FYO has shared this slide deck (attached ppt) with information on various programs that are available to you as first year students at UofT. Please take a few minutes to review the document.
 Have a great week!",not related,,,,,,R0333,260,ID-846D4210C8DF2412,1,train,reviewed_real,,,Reviewed; existing target fields retained.
ZTN644I7 S JPW9275 20251:Electrical Fundamentals,Office hours change,Miranda Lewis,45684.25486111111,"Hello All,
 I will be moving my office hour from Mondays 2 - 3pm to Wednesdays 4 - 5pm, as it is more convenient for most of you, as well as we can discuss right after Wednesday lecture at the same classroom XT5646 since it is available for us to use.
 We always get rushed out Mondays and Thursdays, but Wednesdays are more relaxed :).
 If any of you can't meet during the new office hour, please reach out and we can work out another time to meet.
 Best Steve,
 Theodore. Lewis",not related,,,,,,R0334,261,ID-13F23174E6F3FD59,1,validation,reviewed_real,,,Reviewed; existing target fields retained.
ZTN644I7 S JPW9275 20251:Electrical Fundamentals,Detailed solutions for Lecture 6 & 7 ID-493BD7E0444E440F,Miranda Lewis,45677.99166666667,"Hello Amazing Students,
 I updated lecture 6 and lecture 7, I added detailed solutions to the example I covered in class from slide 6 Lecture 6, as well as to the two examples I covered in class from Lecture 7 slides 8 & 10.
 Please reach out if you need more clarification.
 Best Steve,
 Theodore. Lewis",not related,,,,,,R0335,262,ID-7A2E4C0D6C3E6847,1,train,reviewed_real,,,Reviewed; existing target fields retained.
ZTN644I7 S JPW9275 20251:Electrical Fundamentals,Lab Notebook,Claire Davidson,45677.63263888889,Please note that you should have a bounded lab notebook for the labs.,not related,,,,,,R0336,263,ID-A12DD8275AB744FC,1,train,reviewed_real,,,Reviewed; existing target fields retained.
ZTN644I7 S JPW9275 20251:Electrical Fundamentals,Assignment #2 has been posted.,Eileen Chan,45677.59930555556,Please note the deadline is Feb 2nd at midnight.,deadline,,,Assignment 2,,2025-02-02 23:59 (time inferred),R0337,264,ID-615663152A4AA7C7,1,validation,reviewed_real,,,The due date is retained and the title is shortened.
ZTN644I7 S JPW9275 20251:Electrical Fundamentals,Assignment Significant Digits and Tolerance,Claire Davidson,45674.72430555556,"Hi everyone, this announcement is to address the many ID-493BD7E0444E440F about significant digits and tolerance of the assignment ID-493BD7E0444E440F.
 The number of significant digits and the tolerance for the answers for the assignment ID-493BD7E0444E440F should now be clearly stated on each question (indicated by a little i next to the box for inputting your answer).",not related,,,,,,R0338,265,ID-AE05D01A6BA78EFD,1,train,reviewed_real,,,Reviewed; existing target fields retained.
ZTN644I7 S JPW9275 20251:Electrical Fundamentals,Office hours section 02,Miranda Lewis,45672.21041666667,"Hello All,
 My office hours are every Monday 2pm ID-2584E500EFAC8691 after our Monday lecture, I am open to meet right after class outside XT5646 or at my office Silverwood Building PZFV 897. Please email before coming to make sure I will be there.
 I am open for virtual office hours as well, by appointment.
 Best Steve,
 Theodore. Lewis",not related,,,,,,R0339,266,ID-60E36EA57990B904,1,train,reviewed_real,,,Reviewed; existing target fields retained.
ZTN644I7 S JPW9275 20251:Electrical Fundamentals,Office Hours (section 04),Dalton Mclean,45671.75902777778,"My office hours will be Mondays and Wednesdays 11-11:30, right after our lectures, outside the lecture room door near the podium.",not related,,,,,,R0340,267,ID-B3EB9697C4B3CE14,1,train,reviewed_real,,,Reviewed; existing target fields retained.
ZTN644I7 S JPW9275 20251:Electrical Fundamentals,Office hour (Section 3),Meredith Poole,45671.65138888889,"Hi everyone,
 As announced in class and posted on my slides, my office hour is after each lecture and we can talk outside the classroom. Additionally, I am available on every Wed from ID-2D45903A398B4B4E if you have ID-493BD7E0444E440F that require more time. Since this is also after our lecture, we can walk together to my office together (AN8708). Alternatively, you can head there directly. To access my office, you will need to enter through KL1034 or YN4353. My administrative coordinator will assist you in opening the door. If you have any other ID-493BD7E0444E440F, feel free to email user_05626fd03d05@example.edu",not related,,,,,,R0341,268,ID-4E157C389BB3B70A,1,test,reviewed_real,,,Reviewed; existing target fields retained.
ZTN644I7 S JPW9275 20251:Electrical Fundamentals,Office Hours,Olivia Castillo,45671.04583333333,"Hi All, My weekly office hours are immediately after each of our three lectures, outside the lecture room KC9090, by the north entrance. I thought this will be the most effective way of providing interactions and feedback, taking into consideration our scheduling constraints.",not related,,,,,,R0342,269,ID-11B4B8A4967726AC,1,train,reviewed_real,,,Reviewed; existing target fields retained.
ZTN644I7 S JPW9275 20251:Electrical Fundamentals,Assignment #1,Eileen Chan,45664.14791666667,"Assignment #1 is now available for you to complete by Sunday, January ID-FB2042AD2D819EE4 at midnight.
 Thank you.",deadline,,,Assignment 1,,2025-01-19 23:59 (time inferred),R0343,270,ID-77CB97272F35DD0E,1,test,reviewed_real,,,The full sentence is replaced with a compact assignment title.
ZTN644I7 S JPW9275 20251:Electrical Fundamentals,Welcome to ZTN644,Eileen Chan,45660.91875,The Winter 2025 semester starts next Monday.,notice,,,Winter 2025 Semester Begins,2025-01-03 22:03,,R0344,271,ID-FCD0708950D02464,1,train,reviewed_real,,,The welcome message gives the course start and separate second-week starts for tutorials and labs. [2026-07-11 re-audit] The source says the semester starts next Monday; tutorials and labs are separate second-week notices. Restored item-specific source context and removed multi-item target ambiguity. Notice start_time set to Venue-1C8DA09F18 posted_at; end_time left blank per the user's rule.
ZTN644I7 S JPW9275 20251:Electrical Fundamentals,Welcome to ZTN644,Eileen Chan,45660.91875,Tutorials will begin in the second week of classes.,notice,,,ZTN644 Tutorials Begin,2025-01-03 22:03,,R0345,271,ID-FCD0708950D02464,2,train,reviewed_real,,,The welcome message gives the course start and separate second-week starts for tutorials and labs. [2026-07-11 re-audit] Restored item-specific source context and removed multi-item target ambiguity. Notice start_time set to Venue-1C8DA09F18 posted_at; end_time left blank per the user's rule.
ZTN644I7 S JPW9275 20251:Electrical Fundamentals,Welcome to ZTN644,Eileen Chan,45660.91875,Labs will begin in the second week of classes.,notice,,,ZTN644 Labs Begin,2025-01-03 22:03,,R0346,271,ID-FCD0708950D02464,3,train,reviewed_real,,,The welcome message gives the course start and separate second-week starts for tutorials and labs. [2026-07-11 re-audit] Restored item-specific source context and removed multi-item target ambiguity. Notice start_time set to Venue-1C8DA09F18 posted_at; end_time left blank per the user's rule.
LOA533I7 F JPW9275 20249:Calculus I,Final Grades,Jody Monroe,45677.65138888889,"Dear Students,
 Happy New Year! We hope your spring term is off to a great start, even if it does not feel like spring just yet.
 We are writing to let you know about some post final exam/final grades information.
 Will I get to see my graded final exam?
 Yes. The Faculty has let us know that we may release your graded final exams and this will be done shortly after posting this announcement. As with the term tests, you will be able to see the distribution of final exam grades in the email from Gradescope (if you are interested in this sort of thing).
 Solutions to the Final Exam will not be posted.
 Were there any adjustments made to the final grades?
 Yes. Some adjustments (only positive ones) were made to the grades however course grades were not (and are not, in general) “curved” in any direction to fit a particular distribution. The adjustments included re-weighting the universal make-up test (provided your universal make-up test grade was greater than both your Term Test I & II grades), and some rounding, where appropriate.
 There will not be any further adjustments. Please do not ask for any.
 How can I submit a regrade request for my final exam?
 Please see here: https://resource-c667d3ffdf6ff7f4.example.edu/pc02ec22a/pc17b7548/p9a18caaa
 At a minimum, please be aware of the following:
 1 . There are costs and deadlines involved in submitting a final exam regrade request. These are set by the Faculty, not us.
 2. Your final grade may increase, decrease, or stay the same as a result of a final exam regrade request.
 3. Your entire final exam may be regraded at our discretion as a result of a regrade request.
 4 . Please only submit a final exam regrade request for significant errors, e.g. your entire solution was missed. Appealing for one mark on the final exam will not increase your final grade to the next GPA threshold.
 5 . Be sure to explain what error in the final exam grading you think was made. Any regrade request without a sensible reason will be dismissed.
 6. After a final exam regrade request, your course grade will be computed again from scratch and then adjusted as before. We will not simply add onto your already adjusted grade in ACORN.
 7 . It may take several weeks for a reply to any final exam regrade requests. Thank you in advance for your patience.
 8. We will not entertain any requests for term test regrades, nor will we consider any requests for leniency for late term work (e.g. late submission of PCEs).
 Finally, on behalf of the entire teaching team, we’d like to thank each of you for your presence and participation in the course. We hope you gained an appreciation of the elegance of calculus, it's usefulness, and experienced the rewards of a deep engagement in the subject matter (even with the frustrations this process inevitably brings along the way). As a class, your willingness to take on a challenging course and program is inspirational - we hope you keep reaching for big things!
 Best alfred,
 LOA533 Teaching Team",not related,,https://resource-c667d3ffdf6ff7f4.example.edu/pc02ec22a/pc17b7548/p9a18caaa,,,,R0347,272,ID-6E0216825A9F46FB,1,train,reviewed_real,,,Reviewed; existing target fields retained.
LOA533I7 F JPW9275 20249:Calculus I,Final Weekly Update,Jody Monroe,45631.01180555556,Your final Exit Reflection has been posted. The due date mf 16:59 PM on December 9.,deadline,,,Exit Reflection,,2024-12-09 23:59,R0348,273,ID-95D04990494374D4,1,validation,reviewed_real,,,The announcement contains both an Exit Reflection deadline and a separate Exam Jam event. [2026-07-11 re-audit] Restored item-specific source context and removed multi-item target ambiguity.
LOA533I7 F JPW9275 20249:Calculus I,Final Weekly Update,Jody Monroe,45631.01180555556,Exam Jam is being held tomorrow ID-D5B96F78CB4CE374.,event,,,Sheila Guerrero,2024-12-06 09:00,2024-12-06 16:00,R0349,273,ID-95D04990494374D4,2,validation,reviewed_real,,,The announcement contains both an Exit Reflection deadline and a separate Exam Jam event.
LOA533I7 F JPW9275 20249:Calculus I,Qzwh 59 Updates,Jody Monroe,45625.95416666667,"Dear Students,
 Here are this week's important updates:
 1. The grading of the make-up test is nearly, but not yet complete. We will return your graded test to you as soon as we can.
 2. Your last set of practice problems, Practice Problems 10, have been posted under Module F. Antiderivatives .
 3. There are no tutorials next week but lectures and office hours will be held as usual until Wed. Dec, 4.
 4. A reminder to please take a moment and complete your course evaluations - we value your feedback! It should take you no longer than ID-FBFB1EC81849A9C1 to complete. Course evaluations can be accessed directly from the blue-banner sidebar on the left on Quercus.
 5. Information about the Final Exam will be posted next Wed. Dec, 4. (the last day of the term).
 That's all for now. Have a great weekend and see you next week!
 Best alfred,
 LOA533 Teaching Team",notice,,,Final Exam Information Release,2024-11-29 22:54,,R0350,274,ID-97E16826B5AF2744,1,train,reviewed_real,,,The body schedules the Final Exam information for December 4. [2026-07-11 re-audit] Notice start_time set to Venue-1C8DA09F18 posted_at; end_time left blank per the user's rule.
LOA533I7 F JPW9275 20249:Calculus I,The Final Rewind,Dale Willis,45623.54861111111,"Wednesday at noon, in TC I814",notice,TC I814,,Final Rewind Session,2024-11-27 13:10,,R0351,275,ID-968CBFA6059CEF0C,1,test,reviewed_real,,,"Two separately timed Rewind sessions are listed; neither duration is stated in this body, so each is a notice. [2026-07-11 re-audit] Notice start_time set to Venue-1C8DA09F18 posted_at; end_time left blank per the user's rule."
LOA533I7 F JPW9275 20249:Calculus I,The Final Rewind,Dale Willis,45623.54861111111,"Thursday at 6pm, in QT 096",notice,QT 096,,Final Rewind Session,2024-11-27 13:10,,R0352,275,ID-968CBFA6059CEF0C,2,test,reviewed_real,,,"Two separately timed Rewind sessions are listed; neither duration is stated in this body, so each is a notice. [2026-07-11 re-audit] Notice start_time set to Venue-1C8DA09F18 posted_at; end_time left blank per the user's rule."
LOA533I7 F JPW9275 20249:Calculus I,Jdbi 15 Updates,Jody Monroe,45618.85138888889,"Dear Students,
 Here are this week's important updates.
 1. Thank you again for helping make the universal make-up test run smoothly. We aim to return your graded test to you by the end of next week.
 2. Your PCEs for next week, F3 , F4 , and F5 have been posted.
 3. Reflection 5 has been posted. It is cgk 18:ID-3B130FA7DB89CCA8 Mon. Nov. 25.
 4. Tutorial Problems 10 and Practice Problems 9 have been posted under Module F. Antiderivatives .
 That's all for now. Have a great weekend and see you next week!
 Best alfred,
 LOA533 Teaching Team",deadline,,,Reflection 5,,2024-11-25 23:59,R0353,276,ID-52EBDBA01D48A6FA,1,train,reviewed_real,,,The sentence fragment is replaced by the deliverable name.
LOA533I7 F JPW9275 20249:Calculus I,Office hours Monday Nov. 18,Curtis Allen,45613.756944444445,"Dear All,
 My office hours on Monday November 18 are extended to 2:ID-05B9E1ABDCE55C0A , in YT 3356: Take the main (South) Bahen elevator to the 6th floor; my office is straight ahead on your left. Come with ID-493BD7E0444E440F!
 Curtis Allen",event,YT 3356,,Extended Office Hours,2024-11-18 14:10,2024-11-18 16:00,R0354,277,ID-2E9BEC3CDF3B937A,1,train,reviewed_real,,,The written 2:10 p.m. start was incorrectly normalized as 2:10 a.m.
LOA533I7 F JPW9275 20249:Calculus I,Important update: Universal Make-up Test,Jody Monroe,45611.98819444444,"Dear Students,
 The Universal Make-up will be written 10:ID-2EA805B50F85C31A:ID-6812ED46550197C8, not 9:ID-28795A579017FCA6:ID-6812ED46550197C8 as originally posted. The document with the test locations by surname will be updated tomorrow, Sat. Nov. 16. For those of you writing with ATS, I have updated them with this change. I humbly request your forgiveness for any confusion.
 Best alfred, and good luck with your preparations.
 Jody",notice,,,Universal Make-up Test Location Update,2024-11-15 23:43,,R0355,278,ID-F9EDBE9041FB18AE,1,train,reviewed_real,,,"The future document-update notice is valid, but the extracted sentence is replaced with a short title. [2026-07-11 re-audit] Notice start_time set to Venue-1C8DA09F18 posted_at; end_time left blank per the user's rule."
LOA533I7 F JPW9275 20249:Calculus I,Wush 64 Updates,Jody Monroe,45611.91805555556,"Dear Students,
 Here are this week's important updates.
 1. The Universal Make-up Information page has been updated with test locations, the formula sheet, and the drop-in hours schedule before the test.
 2. The TAs are working hard to finalize the grading of Test 2. We will release the grades as soon as we can. In the meantime, the Term Test 2 Information page has been updated with Term Test 2 solutions to aid in your preparation for the Universal Make-up Test. We encourage you to use them only to support your learning. Please do not use the solutions to ruminate about what your mark on the test might be, or how many part marks you may get for a question, etc. While we understand the temptation, this is not a good use of your time.
 3. Your PCEs for next week, ID-C4F695AB6E280F30 , F1 , and F2 have been posted.
 4. Tutorial Problems 9 and Practice Problems 8 have been posted under Module E. Definite Integrals and Riemann Sums .
 That's all for now. Have a great weekend and see you next week!
 Best alfred,
 LOA533 Teaching Team",not related,,,,,,R0356,279,a4e91729866646ba,1,test,reviewed_real,,,Reviewed; existing target fields retained.
LOA533I7 F JPW9275 20249:Calculus I,Office Hour for Next Week,Wesley Franco,45610.93125,"Dear students,
 Next week, I will move my office hour to Monday, November 18, ID-4363EBD855889241 in FM 9553, in case there are any ID-493BD7E0444E440F before the universal make-up test.",event,FM 9553,,Rescheduled Office Hour,2024-11-18 18:00,2024-11-18 19:00,R0357,280,ID-53AC26F27ABC38F4,1,train,reviewed_real,,,The written 6-7 p.m. interval was incorrectly normalized with a 6 a.m. start.
LOA533I7 F JPW9275 20249:Calculus I,Office Hour for Next Week,Wesley Franco,45610.93125,"I will not have office hours on Tuesday, November 19.
 Please enter through the door that says ""Julian Bentley Ashley Holland"" to access the room. Hope to see you there.
 Wesley",notice,,,Office Hours Cancelled,2024-11-14 22:21,,R0358,281,ID-53AC26F27ABC38F4,1,train,reviewed_real,,,The cancellation is retained with a concise title. [2026-07-11 re-audit] Notice start_time set to Venue-1C8DA09F18 posted_at; end_time left blank per the user's rule.
LOA533I7 F JPW9275 20249:Calculus I,Week 9 Updates,Jody Monroe,45604.89513888889,"Dear Students,
 Here are this week's important updates.
 1. Thank you again for helping make Test 2 run smoothly. We appreciate your efforts with this. We aim to return your graded test to you before the Universal Make-up Test. Speaking of which...
 2. Preliminary information about the Universal Make-up Test has been posted.
 3. Your PCEs for next week, ID-B2E46669C1E84AB4 , ID-BB1DEB7C48ED618C , and ID-C53698E604C34EFE have been posted.
 4. Tutorial Problems 8 and Practice Problems 7 have been posted under Module E. Definite Integrals and Riemann Sums .
 5. The Rewind Sessions continue next week where the topic will be Riemann Sums and Definite Integrals.
 That's all for now. Have a great weekend and see you next week!
 Best alfred,
 LOA533 Teaching Team",not related,,,,,,R0359,282,ID-DF2273934FFB3F0B,1,train,reviewed_real,,,Reviewed; existing target fields retained.
LOA533I7 F JPW9275 20249:Calculus I,Kingswell Building is 454 Juniper St rks 632 St. George St,Jody Monroe,45603.9,"Dear Students,
 To clarify, if you're writing the test tonight in HS, the address is 454 Juniper St, rks 632 St. George St.
 Wherever you are writing, good luck tonight!
 Best alfred,
 LOA533 Teaching Team",notice,"Kingswell Building, 454 Juniper Street",,Test Location Correction,2024-11-07 21:36,,R0360,283,ID-58F050A058EEA8CA,1,train,reviewed_real,,,"The announcement corrects the explicit address for the test occurring that night, making it a dated notice. [2026-07-11 re-audit] Notice start_time set to Venue-1C8DA09F18 posted_at; end_time left blank per the user's rule."
LOA533I7 F JPW9275 20249:Calculus I,Add'l office hours 3:30-4:40 today,Curtis Allen,45602.6375,"Dear All,
 I'll be holding an additional office hour today 3:30-4:40 in YT 3356, for last-minute ID-493BD7E0444E440F on test materials. Everyone is welcome
 Curtis",event,YT 3356,,Additional Office Hour,2024-11-06 15:30,2024-11-06 16:40,R0361,284,ID-F7028598ABFD04C5,1,train,reviewed_real,,,The body gives a same-day office-hour interval and room.
LOA533I7 F JPW9275 20249:Calculus I,Week 8 Updates (post Reading Week),Jody Monroe,45597.82916666667,"4.
The Rewind Sessions resume next week where the topics will be Critical Points & Applied Optimization.",notice,,,Rewind Sessions Resume,2024-11-01 19:54,,R0362,285,ID-7462ADAFE0B73817,1,train,reviewed_real,,,The post-reading-week update announces the restart week and separately cancels that week's Thursday session. [2026-07-11 re-audit] Notice start_time set to Venue-1C8DA09F18 posted_at; end_time left blank per the user's rule.
LOA533I7 F JPW9275 20249:Calculus I,Week 8 Updates (post Reading Week),Jody Monroe,45597.82916666667,The Rewind Sessions resume next week with Critical Points and Applied Optimization. There will be no Thursday session.,notice,,,Thursday Rewind Session Cancelled,2024-11-01 19:54,,R0363,285,ID-7462ADAFE0B73817,2,train,reviewed_real,,,The post-reading-week update announces the restart week and separately cancels that week's Thursday session. [2026-07-11 re-audit] Restored item-specific source context and removed multi-item target ambiguity. Notice start_time set to Venue-1C8DA09F18 posted_at; end_time left blank per the user's rule.
LOA533I7 F JPW9275 20249:Calculus I,Term Test #2 Details on Quercus!,Keith Chang,45594.895833333336,"Hello All,
 I hope you're having a lovely reading break!
 As you may be starting to think about Term Test #2, I wanted to send a brief reminder to look at the Term Test #2 Information page to guide your studying. In particular, I mentioned in Lecture last week that the term test would only cover up to Module D.4 -- this was incorrect . The term test will include all of Module D until Module D.6, as stated on Quercus. So sorry for the confusion.
 Thanks,
 Tiffany Chang",not related,,,,,,R0364,286,ID-5985D2189A9978EB,1,validation,reviewed_real,,,Reviewed; existing target fields retained.
LOA533I7 F JPW9275 20249:Calculus I,Week 8 Updates,Jody Monroe,45590.754166666666,"Dear Students,
 Here are this week's important updates:
 1. Be sure to take a break and enjoy some well-deserved time away from academics over reading week. The course will go on sleep mode beginning Mon. Oct. 28 until Fri. Nov. 1. This means while you may still access the course web-page on Quercus, we will temporarily remove the ability to make posts on the Discussion Board. In addition, there will be no lectures, tutorials, or office hours over reading week.
 2. On Fri. Nov. 1, when the course wakes back up, we will post:
 Your PCEs for the week of Nov. 4.
 Your Tutorial Problems for the week of Nov. 4.
 The Rewind Sessions topic(s) for the week of Nov. 4.
 In the meantime....
 3. Preliminary information about Term Test 2 has been posted.
 4. Practice Problems 6 have been posted under D. Applications of Derivatives .
 That's all for now. We hope you have a restful, restorative break!
 Best alfred,
 LOA533 Teaching Team",event,,,LOA533 Reading Week Course Pause,2024-10-28 00:00 (time inferred),2024-11-01 00:00 (time inferred),R0365,287,ID-5C82451B6BE23C4A,1,train,reviewed_real,,,The existing November 4 notice is unsupported; the body instead defines a Reading Week course pause from October 28 until the course wakes on November 1.
LOA533I7 F JPW9275 20249:Calculus I,Week 7 Updates,Jody Monroe,45583.754166666666,"Dear Students,
 Here are this week's important updates:
 1. . In case you missed it, the Term Test I Information page has been updated with solutions, general comments, and information about regrade requests.
 2. Your PCEs for next week, D5 and D6 have been posted.
 3. Reflection 4 has been posted. It is due Mon. Oct. 21, 11:ID-3B130FA7DB89CCA8. It should take you no longer than 1hr to complete.
 4. . Tutorial Problems 6, and Practice Problems 5 have been posted under D. Applications of Derivatives .
 5. The Rewind Sessions continue next week where the topics will be Phase Lines & Slope Fields, and Euler's Method.
 That's all for now. Have a great weekend and see you next week!
 Best alfred,
 LOA533 Teaching Team",deadline,,,Reflection 4,,2024-10-21 23:59,R0366,288,ID-EF43F4E253EAF32E,1,test,reviewed_real,,,The deadline is explicit; the title is shortened to the deliverable.
LOA533I7 F JPW9275 20249:Calculus I,Rewind Session - one-time room change,Dale Willis,45581.04722222222,The Rewind Session tomorrow (Wednesday) jihq 71 to 1 will be held in MJ 9300 .,event,MJ 9300,,Rewind Session,2024-10-16 12:00,2024-10-16 13:00,R0367,289,ID-A537449D72CE1CA0,1,test,reviewed_real,,,The announcement contains a timed Wednesday session and a separate Thursday location notice.
LOA533I7 F JPW9275 20249:Calculus I,Rewind Session - one-time room change,Dale Willis,45581.04722222222,"The Thursday session will still be in QT 096 and the topic this week will be chain rule applications: implicit differentiation, related rates, etc.",notice,QT 096,,Thursday Rewind Session,2024-10-16 01:08,,R0368,289,ID-A537449D72CE1CA0,2,test,reviewed_real,,,The announcement contains a timed Wednesday session and a separate Thursday location notice. [2026-07-11 re-audit] Notice start_time set to Venue-1C8DA09F18 posted_at; end_time left blank per the user's rule.
LOA533I7 F JPW9275 20249:Calculus I,Week 6 Updates,Jody Monroe,45576.75763888889,"Dear Students,
 Here are this week's important updates:
 1. A reminder Mon. Oct. 14 the ID-B32B8FE7AD41555A is closed, and there are no classes, tutorials, nor drop-in hours. Course activities will resume Tues. Oct. 15.
 2. . Your PCEs for next week, D3 and D4 have been posted.
 3. Tutorial Problems 5 and Practice Problems 4 have been posted under Module D. Applications of Derivatives .
 4. . The Rewind Sessions continue next week where the topic will be Inverse & Implicit Differentiation, and Related Rates.
 That's all for now. Have a great long weekend and see you next week!
 Best alfred,
 LOA533 Teaching Team",notice,,,ID-B32B8FE7AD41555A Closure and LOA533 Activities Cancelled,2024-10-11 18:11,,R0369,290,ID-58E110C74E4E3C67,1,validation,reviewed_real,,,"The ID-B32B8FE7AD41555A closure and cancellation of classes, tutorials, and drop-in hours is a dated notice. [2026-07-11 re-audit] Notice start_time set to Venue-1C8DA09F18 posted_at; end_time left blank per the user's rule."
LOA533I7 F JPW9275 20249:Calculus I,Jacqueline Chang's Gutierrez Lewis Cancelled Tonight (10/07),Keith Chang,45572.86111111111,I have decided to cancel my Gutierrez Lewis this evening because I am feeling unwell.,notice,,,Gutierrez Lewis Cancelled,2024-10-07 20:40,,R0370,291,ID-60AA72E8A4ECFFD1,1,validation,reviewed_real,,,The body contains both a same-day cancellation and a distinct replacement Gutierrez hour. [2026-07-11 re-audit] Restored item-specific source context and removed multi-item target ambiguity. Notice start_time set to Venue-1C8DA09F18 posted_at; end_time left blank per the user's rule.
LOA533I7 F JPW9275 20249:Calculus I,Jacqueline Chang's Gutierrez Lewis Cancelled Tonight (10/07),Keith Chang,45572.86111111111,I will instead host Gutierrez Lewis Friday 10/11 from ID-E638499B82F279EC .,event,,,Rescheduled Gutierrez Lewis,2024-10-11 15:00,2024-10-11 16:00,R0371,291,ID-60AA72E8A4ECFFD1,2,validation,reviewed_real,,,The body contains both a same-day cancellation and a distinct replacement Gutierrez hour.
LOA533I7 F JPW9275 20249:Calculus I,Week 5 Updates,Jody Monroe,45569.80138888889,"Dear Students,
 Here are this week's important updates.
 1. Thank you for helping make Term Test I run smoothly. It is in the process of being graded and we aim to return your graded test to you by the end of next week.
 2. . Your PCEs for next week, C7 , D1 , and D2 have been posted.
 3. . Reflection 3 has been posted. It is cgk 18:ID-3B130FA7DB89CCA8 Mon. Oct. 7. It should take you no longer than ID-FBFB1EC81849A9C1 to complete.
 4. . Tutorial Problems 4, and Practice Problems 3 have been posted under Module C. Derivatives .
 5. . The Rewind Sessions continue next week where the topic will be Interpretations of the Derivative & Linear Approximation.
 That's all for now. Have a great weekend and see you next week!
 Best alfred,
 LOA533 Teaching Team",deadline,,,Reflection 3,,2024-10-07 23:59,R0372,292,ID-82F7623E4555E76D,1,train,reviewed_real,,,The title is shortened to the named deliverable.
LOA533I7 F JPW9275 20249:Calculus I,Week 4 Updates,Jody Monroe,45562.89375,"Dear Students,
 Here are this week's important updates:
 1. The Term Test 1 Information page has been updated with some important information.
 2. Your PCEs for next week, C4 , C5 , and C6 have been posted.
 3. . Your tutorial problems for next week, Tutorial Problems 3, have been posted under the module C. Derivatives . Your next set of practice problems will be posted next Fri Oct 4 (so you may concentrate on your preparations for Term Test 1).
 4. . The Rewind Sessions continue next week where the topic will be the Derivative Function (and Derivative Rules).
 That's all for now. Have a great weekend and see you next week!
 Best alfred,
 LOA533 Teaching Team",notice,,,Practice Problems 3 Release,2024-09-27 21:27,,R0373,293,ID-874C0B135548378B,1,train,reviewed_real,,,The scheduled release is retained and given a meaningful short title. [2026-07-11 re-audit] Notice start_time set to Venue-1C8DA09F18 posted_at; end_time left blank per the user's rule.
LOA533I7 F JPW9275 20249:Calculus I,Week 3 Updates,Jody Monroe,45555.86736111111,"Dear Students,
 Here are this week's important updates:
 1. . Preliminary information about Term Test 1 has been posted under Resources .
 2. . Your second set of Tutorial Problems, Tutorial Problems 2, has been posted under module B. Limits & Continuity . You needn't solve the problems before your tutorial but please take a moment to read through the problems and give them a little thought ahead of your tutorial.
 3. . Your second set of Practice Problems, Practice Problems 2, has been posted under module B. Limits & Continuity . Please note the ID-493BD7E0444E440F 9-12 are material from B4 which most sections will cover Mon. Sept. 23.
 4. . Your PCEs for next week, C1 , C2 , and C3 have been posted.
 5. . Reflection 2 has been posted. It is cgk 18:ID-3B130FA7DB89CCA8 Mon. Sept. 23. It should take you no longer than ID-FBFB1EC81849A9C1 to complete.
 6. . The Rewind Sessions continue next week with Limits.
 7. . Finally, a kind reminder that we would like to hear from you concerning a research project we are running that aims to improve educational practices. Please read about it under the module Research Project and fill out the consent form linked there (at the bottom of the page). It should take you no longer than ID-6A2714177BAAE699 to complete. Thank you!
 That's all for now. Have a great weekend and see you next week!
 Best alfred,
 LOA533 Teaching Team",deadline,,,Reflection 2,,2024-09-23 23:59,R0374,294,ID-B7E087443DEB8E72,1,train,reviewed_real,,,The title is shortened to the named reflection.
LOA533I7 F JPW9275 20249:Calculus I,Week 2 Updates,Jody Monroe,45548.82361111111,"Dear Students,
 Here are this week's important updates:
 1. We would like to hear from you concerning a research project we are running that aims to improve educational practices. Please read about it under the module Research Project , and fill out the consent form linked there (at the bottom of the page).
 2. . A reminder tutorials begin next week (i.e. thee week of Sept. 16). Your first set of tutorial problems, Tutorial Problems 1, as well as your first set of practice problems, Practice Problems 1, have been posted under module A. Pre-Calculus .
 3. Your PCEs for next week, B1 , B2 , and B3 , have been posted.
 4. The Rewind Sessions continue next week with Logarithm & Exponentials (inc. Inverse Functions in general).
 5. Thank you for all your energy and engagement with the course this week. We have enjoyed the discussions in class, and during Office Hours .
 That's all for now. Have a great weekend and see you next week.
 Best alfred,
 LOA533 Teaching Team",notice,,,LOA533 Tutorials Begin,2024-09-13 19:46,,R0375,295,ID-EEC2DB487138CE0A,1,train,reviewed_real,,,The announcement explicitly states that tutorials begin the week of September 16. [2026-07-11 re-audit] Notice start_time set to Venue-1C8DA09F18 posted_at; end_time left blank per the user's rule.
LOA533I7 F JPW9275 20249:Calculus I,Week 1 Updates,Jody Monroe,45541.93541666667,The due date is Mon Sept 9 yp 55:ID-3B130FA7DB89CCA8.,deadline,,,Reflection 1,,2024-09-09 23:59,R0376,296,ID-6D5C964FFB9A01A5,1,validation,reviewed_real,,,The row contains a Reflection deadline and a separate Rewind Sessions start notice.
LOA533I7 F JPW9275 20249:Calculus I,Week 1 Updates,Jody Monroe,45541.93541666667,"New for this year, Rewind Sessions begin next week.",notice,,,Rewind Sessions Begin,2024-09-06 22:27,,R0377,296,ID-6D5C964FFB9A01A5,2,validation,reviewed_real,,,The row contains a Reflection deadline and a separate Rewind Sessions start notice. [2026-07-11 re-audit] Restored item-specific source context and removed multi-item target ambiguity. Notice start_time set to Venue-1C8DA09F18 posted_at; end_time left blank per the user's rule.
LOA533I7 F JPW9275 20249:Calculus I,Week 1 Updates,Jody Monroe,45541.93541666667,"Click on the link to find out more.
 4. Office Hours begin next week (the week of Sept. 9). The schedule is beginning to take shape. Please check back regularly.
 That's all for now. Have a great weekend and see you next week.
 Best alfred,
 LOA533 Teaching Team",notice,,,LOA533 Office Hours Begin,2024-09-06 22:27,,R0378,297,ID-6D5C964FFB9A01A5,1,validation,reviewed_real,,,"The notice is valid, but the truncated sentence is replaced by a concise title. [2026-07-11 re-audit] Notice start_time set to Venue-1C8DA09F18 posted_at; end_time left blank per the user's rule."
LOA533I7 F JPW9275 20249:Calculus I,Welcome to LOA533I7 Calculus I,Jody Monroe,45534.84375,Lectures begin Tuesday September 3.,notice,,,LOA533 Lectures Begin,2024-08-30 20:15,,R0379,298,ID-931D0BB19FC381A4,1,train,reviewed_real,,,"The welcome message gives three distinct course-component start dates, not just the office-hour start. [2026-07-11 re-audit] Notice start_time set to Venue-1C8DA09F18 posted_at; end_time left blank per the user's rule."
LOA533I7 F JPW9275 20249:Calculus I,Welcome to LOA533I7 Calculus I,Jody Monroe,45534.84375,Office Hours (TBD) begin the week of September 9.,notice,,,LOA533 Office Hours Begin,2024-08-30 20:15,,R0380,298,ID-931D0BB19FC381A4,2,train,reviewed_real,,,"The welcome message gives three distinct course-component start dates, not just the office-hour start. [2026-07-11 re-audit] Notice start_time set to Venue-1C8DA09F18 posted_at; end_time left blank per the user's rule."
LOA533I7 F JPW9275 20249:Calculus I,Welcome to LOA533I7 Calculus I,Jody Monroe,45534.84375,Discussion Groups (Tutorials) begin the week of September 16.,notice,,,LOA533 Tutorials Begin,2024-08-30 20:15,,R0381,298,ID-931D0BB19FC381A4,3,train,reviewed_real,,,"The welcome message gives three distinct course-component start dates, not just the office-hour start. [2026-07-11 re-audit] Notice start_time set to Venue-1C8DA09F18 posted_at; end_time left blank per the user's rule."
EMB222I7 S 20251:Calculus II,Summer Pollard,Dylan Campos,45807.64861111111,"Dear all,
 As some of you have noticed, there was a small error in the computation of your course mark. For about half of students, your PCE score was incorrectly matched to your student number. I have fixed this error and re-submitted your course marks. For about half of you, your mark remains the same. For those affected, your mark may have changed by 1-2%.
 I apologize for the error and thank those who kindly inquired about their mark calculation.
 Please enjoy the remainder of your summer,
 Dylan Campos",not related,,,,,,R0382,299,ID-D561FC114E0B73A7,1,train,reviewed_real,,,Reviewed; existing target fields retained.
EMB222I7 S 20251:Calculus II,Final Exam Review Session 3 Information,Edwin Poole,45765.93263888889,"Hello EMB222,
 The last review session will take place tomorrow, Saturday, ID-FB2042AD2D819EE4 April, from 2–4pm, in EA 4284 . The session will focus on series and Taylor polynomials. The ID-493BD7E0444E440F have been uploaded to Quercus and can be accessed on the page titled Practice Materials and Study Advice in the Resources and Drop-in Hours module. Again, we encourage you to solve or at least attempt the ID-493BD7E0444E440F yourselves before attending tomorrow.
— EMB222 Teaching Team",event,EA 4284,,Final Exam Review: Series and Taylor Polynomials,2025-04-19 14:00,2025-04-19 16:00,R0383,300,ID-A5D7D31265F26BE1,1,validation,reviewed_real,,,"The body gives a complete date, time interval, and room for the third review session."
EMB222I7 S 20251:Calculus II,Final Exam Review Session 2 Information,Edwin Poole,45763.89375,"Hello EMB222,
 The second review session will take place tomorrow, Thursday, ID-8D731F20CBF4FF95 April , from 2–4pm , again in TC I814 .
 The session will focus on parametric equations and polar coordinates. The ID-493BD7E0444E440F have been uploaded to Quercus and can be accessed on the page titled Practice Materials and Study Advice in the Resources and Drop-in Hours module. Similar to last session, we encourage you to solve or at least attempt the ID-493BD7E0444E440F yourselves before attending tomorrow.
 A reminder that the ID-B32B8FE7AD41555A is closed on Friday, hence the last review session will take place on Saturday.
 — EMB222 Teaching Team",event,TC I814,,Final Exam Review: Parametric and Polar Calculus,2025-04-17 14:00,2025-04-17 16:00,R0384,301,ID-326DB9CC5F8414DC,1,test,reviewed_real,,,"The second review session has a complete date, interval, and room."
EMB222I7 S 20251:Calculus II,Final Exam Review Session 1 Information,Edwin Poole,45762.941666666666,"Hello EMB222,
A reminder that the first review session will take place tomorrow, Wednesday, ID-12C435331B4E872F April , from 2–4pm , in TC I814 .
 The session will focus on ODEs, and will include a review of topics such as modelling and solving first-order, second-order, homogeneous ODEs, and equilibrium points. The session will be a lecture-style workshop, in which a TA will reintroduce the fundamentals of ODEs and solve a selection of ID-493BD7E0444E440F themed around the session topic.
 The ID-493BD7E0444E440F have been uploaded to Quercus and can be accessed on the page titled Practice Materials and Study Advice in the Resources and Drop-in Hours module—to make the most out of this session, we encourage you to solve or at least attempt the ID-493BD7E0444E440F yourselves before attending tomorrow.
 NOTE: Q1 asks to define a ""semi-stable equilibrium point"". This is not within the scope of the exam and should be considered omitted from the worksheet.
 — EMB222 Teaching Team",event,TC I814,,Final Exam Review: ODEs,2025-04-16 14:00,2025-04-16 16:00,R0385,302,ID-091CDF2BDBB26D41,1,train,reviewed_real,,,"The first review session has a complete date, interval, and room."
EMB222I7 S 20251:Calculus II,Final Exam Review Session Information,Edwin Poole,45761.80069444444,"Session 1, Wednesday, 2 – 4pm ID-12C435331B4E872F April.
This session will take place in TC I814 .",event,TC I814,,Final Exam Review: ODEs,2025-04-16 14:00,2025-04-16 16:00,R0386,303,ID-8D6269D9F3464E9D,1,train,reviewed_real,,,"Three distinct review sessions with different dates, topics, and rooms are listed."
EMB222I7 S 20251:Calculus II,Final Exam Review Session Information,Edwin Poole,45761.80069444444,"Session 2, Thursday, 2 – 4pm ID-8D731F20CBF4FF95 April.
This session will take place in TC I814 .",event,TC I814,,Final Exam Review: Parametric and Polar Calculus,2025-04-17 14:00,2025-04-17 16:00,R0387,303,ID-8D6269D9F3464E9D,2,train,reviewed_real,,,"Three distinct review sessions with different dates, topics, and rooms are listed."
EMB222I7 S 20251:Calculus II,Final Exam Review Session Information,Edwin Poole,45761.80069444444,"Session 3, Saturday, 2 – 4pm ID-FB2042AD2D819EE4 April.
This session will take place in EA 4284 .",event,EA 4284,,Final Exam Review: Taylor Series and Polynomials,2025-04-19 14:00,2025-04-19 16:00,R0388,303,ID-8D6269D9F3464E9D,3,train,reviewed_real,,,"Three distinct review sessions with different dates, topics, and rooms are listed."
EMB222I7 S 20251:Calculus II,Final Exam Preparation Schedule,Kristy Davila,45760.004166666666,"Hello everyone!
 Congratulations on finishing classes this semester. The course team is very proud of you all. This upcoming week, we will be hosting Review Sessions in-person, and will be scheduling additional office hours to provide you with the support you need to succeed on the upcoming exam. Please be sure to use these resources!
 Dates and locations are attached to the course calendar on the 'Home' page of the EMB222 Quercus page. If you have any ID-493BD7E0444E440F or concerns (such as clarification of room locations), please feel free to contact user_4c6dc253d607@example.edu
 Logistics will also be posted on Piazza!
 Good luck everyone!",not related,,,,,,R0389,304,ID-66891F0962FCC63F,1,validation,reviewed_real,,,Reviewed; existing target fields retained.
EMB222I7 S 20251:Calculus II,UMT Regrades,Dylan Campos,45756.64166666667,"While we have carefully reviewed the marking of all UMT ID-493BD7E0444E440F, it is possible that there are some marking mistakes. If you believe there was a mistake in the marking of your UMT, you must do the following:
 Prepare a typed document with your name, UTORid, and email at the top and which lists each question/part where you believe there was a marking mistake along with why you believe there was a mistake.
 Print out your typed document.
 Bring your typed document to Regrade Request Office Hours which will take place in UF277 from 2:00-3:00 on Thursday, April 17.
 Handwritten documents will not be accepted, nor will documents shown on your laptop or tablet—only printed documents are acceptable. If you have multiple ID-493BD7E0444E440F where you believe there was a marking mistake, you may consolidate them onto a single piece of paper. Remember, regrade requests are only for mistakes in the marking of your exam. If you don't understand why you missed points or have ID-493BD7E0444E440F about the marking scheme, regular office hours are the appropriate place to ask such ID-493BD7E0444E440F.
 Congratulations to making it (almost) to the end of the course. Good luck on the final!
 — EMB222 Teaching Team",event,UF277,,UMT Regrade Request Office Hours,2025-04-17 14:00,2025-04-17 15:00,R0390,305,ID-8BF9297EE34D6B6E,1,train,reviewed_real,,,"The body states a one-hour in-person submission window, so this is an event rather than an all-day notice."
EMB222I7 S 20251:Calculus II,Expectations for the Final Exam,Dylan Campos,45750.876388888886,"Dear EMB222 Students,
 A practice final exam has been posted in the ""Howard Simpson"" module. Office hours in the weeks leading up to the exam will be posted shortly.
 We wanted give you some guidance for your studying for the final exam and our expectations for written answers and drawings/diagrams on the final exam.
 Written Justifications
 Some exam ID-493BD7E0444E440F say ""Provide a well-written justification"". A well written justification is a justification that
 is written in complete sentences,
 explains and motivates any methods used (e.g., doesn’t start doing algebra out of the blue without first explaining why there is algebra to do), and
 does not include scratch work or other work that is not referenced in the explanation.
 In other words, a well written justification is a justification written at the level of professional engineering discourse, and we hold well-written justifications to a high standard.
 Other ID-493BD7E0444E440F may indicate that you should ""Show your work"". The standard for showing work is lower. When a question asks you to show your work, we are looking to understand your thought process. It does not need to be as polished as a ""well written justification"", but we (the markers) must be able to follow your thought process.
 Drawing Accuracy
 We've had several drawing ID-493BD7E0444E440F on the midterms and there will be drawing ID-493BD7E0444E440F on the final. For drawing ID-493BD7E0444E440F we are looking to see that your drawing correctly shows important phenomena. This may be where a max/min occurs, x or y intercepts, whether a tangent line is vertical or not, whether a graph is curved or straight or whether it has the correct concavity. Your drawings do not need to vi 355% accurate, but they should reflect the important behaviours relevant to the question. A rule of thumb is: if a feature on your graph shifted by 1/2cm and it doesn't change the ""result"", then your diagram is fine, if it would change the result, you need to be careful around that point.
 Modelling and Diagrams
 On the final, we will ask you to model with ODEs, to explain where your model comes from, and to draw diagrams representing the situation you are modelling. You should be able to do all of these things for the final exam, so make sure to practice each of these skills, e.g., on the most recent problem set. That is, do not just ""solve"" the modelling ID-493BD7E0444E440F—make sure you can diagram and justify your model with full sentences as well.
 Past Exams
 You may use past exams to study for the final, but please note that some topics that appear on past exams have been removed from the course (e.g., acceleration vectors and curvature). If in doubt, consult the syllabus and content-level-objectives.pdf If the topic does not appear in either of those documents, it is not included in the course.
Best keith whitaker patterson wagner studying!
 — EMB222 Teaching Team",not related,,,,,,R0391,306,ID-2BBCA96951873D2A,1,test,reviewed_real,,,Reviewed; existing target fields retained.
EMB222I7 S 20251:Calculus II,Make-Up Test Results,Dale Willis,45753.933333333334,"Good evening, everyone.
 The results of the final test have now been released. The test average yv 75%. This is a great improvement over the second term test and we trust that the upward trajectory will continue into the final exam.
 A major issue on this test was fundamental definitions. Many students incorrectly chose complex numbers for question 1, instead of only the polar coordinates; the definition of convergence of a series requires mentioning both partial sums and the sequence they create. Make sure to know the basic building blocks of the course properly, as they are what we need to understand the more advanced material in future courses. Also, please be careful of jumping to conclusions about integration methods - there were a lot of uses of integration by parts (mostly on question 9) and partial fractions (on question 8) that led students astray.
 While there were some quite challenging ID-493BD7E0444E440F on the test (8.b.iii and 9.b come to mind), the class performance on the majority of the test was very encouraging. The ability by most students to set up the integrals required for 8.a showed that you have all put in a lot of hard work over the past few weeks and that this work is paying off. Taking realistic situations and modeling them mathematically is a vital component of engineering and the class has been showing great progress in this regard.
 The only assessment left in the class is the final exam. Keep up your studies and we will do our best alec buckley newton wilkins the exam affords you the opportunity to show how well you have built up your mathematics skills through this semester.",not related,,,,,,R0392,307,ID-417FD961F4BCD820,1,train,reviewed_real,,,Reviewed; existing target fields retained.
EMB222I7 S 20251:Calculus II,Engineering Education Survey on the Use of GenAI,Mason Rice,45751.625,"Hello EMB222,
A research colleague at the ID-B32B8FE7AD41555A of Venue-1C8DA09F18 is conducting a survey on student use of GenAI. If you have a moment, please consider completing the survey linked below. It will be quick!
Thank you for your time,
Mason Rice
 You are invited to complete a survey about your user experience with generative AI during this academic year. The survey is administered by ISTEP (Institute for Studies in Transdisciplinary Engineering Education and Practice). Here is the link to the survey: https://resource-57a7befb8f601d6e.example.edu/p71fdade3?k1=babe3d256b
 The findings from this survey will inform student advising, instructional design, learning assessment, and institutional policies at the ID-B32B8FE7AD41555A of Venue-1C8DA09F18. We highly appreciate it if you could take a few minutes to complete this important survey.
 Should you have any ID-493BD7E0444E440F about this survey, please contact Andrew. Destiny Poole, Senior Research Associate with ISTEP, user_5e1a5548620c@example.edu .",not related,,https://resource-57a7befb8f601d6e.example.edu/p71fdade3?k1=babe3d256b,,,,R0393,308,76241818782b2bae,1,train,reviewed_real,,,Reviewed; existing target fields retained.
EMB222I7 S 20251:Calculus II,Midterm 2 Results,Dylan Campos,45748.8625,"Dear all,
 Midterm 2 marks are now officially out. Please check your marks as some of them may have changed since last week. Overall, the average bgb 86%. While this is not encouraging, many of you (~90%) chose to write the Universal Makeup Test, which is a great thing.
 One of the ID-493BD7E0444E440F the class performed unusually poorly on was the definition question (giving the definition of the convergence of an infinite series). Many students had good intuition, but not a correct definition. In math, intuition gets you very far, but definitions are what determines the difference between correct and incorrect. It is important that you know what things are (the definition) as well as have a feeling for what things mean (your intuition). Specifically, in calculus, limits allow us to formalize notions of infinitely big and infinitely small. Before the concept of limits, practitioners of calculus made many mistakes! We want to learn from the mistakes of the past and base calculus on definitions. While we don't put the same level of emphasis on definitions as one does in a ""proofs"" course, we still want to know, in particular when dealing with infinity, what it is we are actually talking about.
 Moving Forward
 The last major piece of the course is the Final Exam. Fortunately, there is plenty of time to study for the final exam. We are adding office hours during the final exam period, so check the office hours calendar regularly for updates.
 Midterm 2 Regrades
 While we have carefully reviewed the marking of all Midterm 2 ID-493BD7E0444E440F, it is possible that there are some marking mistakes. If you believe there was a mistake in the marking of your Midterm 2, you must do the following:
 Prepare a typed document with your name, UTORid, and email at the top and which lists each question/part where you believe there was a marking mistake along with why you believe there was a mistake.
 Print out your typed document.
 Bring your typed document to Regrade Request Office Hours which will take place in UF277 from 3:30-5:30 on Monday, April 7.
 Handwritten documents will not be accepted, nor will documents shown on your laptop or tablet—only printed documents are acceptable. If you have multiple ID-493BD7E0444E440F where you believe there was a marking mistake, you may consolidate them onto a single piece of paper. Remember, regrade requests are only for mistakes in the marking of your exam. If you don't understand why you missed points or have ID-493BD7E0444E440F about the marking scheme, regular office hours are the appropriate place to ask such ID-493BD7E0444E440F.
 Congratulations to making it (almost) to the end of the course. Good luck on the final!
 — EMB222 Teaching Team",event,UF277,,Midterm 2 Regrade Request Office Hours,2025-04-07 15:30,2025-04-07 17:30,R0394,309,ID-42D8DE41D4140CF8,1,test,reviewed_real,,,The regrade-request office hours have an explicit two-hour interval and room.
EMB222I7 S 20251:Calculus II,Universal Makeup Test Logistics,Dylan Campos,45741.754166666666,"Dear Students,
 The Universal Makeup Test is taking place on Thursday. Attendance is optional if you wrote both midterms. If you are choosing to write the test, please arrive at your assigned room at 7pm. The test will not officially start until 7:ID-D5C6D3DDEC151408.
 Room
 Name Range (Family Name)
 JU337
 J-R
 QT750
 A-I
 JJ061
 X-Z
 XP625
 S
 EC855
 T-W
 Your room is assigned by the first letter of your last (family) name.
 Please be advised that all phones and smart watches must be turned off and placed in your bag during the exam. (Turned off means that the devices are powered down, not merely that the screen is blank.)
 You may bring water bottles/pencils/etc. to the exam, but no other aids will be permitted.
 Best keith whitaker!
 — EMB222 Teaching Team",notice,"JU337, QT750, JJ061, XP625, EC855",,Universal Makeup Test,2025-03-25 18:06,,R0395,310,ID-DD56966E3BCCD20A,1,test,reviewed_real,,,"The logistics message gives the March 27 official start but no end time in this body, so it is a start-only notice. [2026-07-11 re-audit] Restored the complete explicit surname-based room list. Notice start_time set to Venue-1C8DA09F18 posted_at; end_time left blank per the user's rule."
EMB222I7 S 20251:Calculus II,Universal Makeup Test Studying and Midterm 2,Dylan Campos,45740.680555555555,"Dear Students,
 Unfortunately, the marking of Midterm 2 is not yet finished. However, we want you to be able to see what you did on Midterm 2 so that you can study any mistakes you make have made.
 Because of that, we are releasing a partially graded Midterm 2 . All ID-493BD7E0444E440F should be graded except for 2a, 2c, 2f, 3b, 3c, 4c, and 6b. Because some ID-493BD7E0444E440F are not graded, your over all score displayed on the midterm may be incorrect or may not show up at all. We will send out an announcement when Midterm 2 grading is finished.
 For now, please look over the ID-493BD7E0444E440F you do have scored, and refer to the posted solution key for the ID-493BD7E0444E440F you do not have scored.
 Are Midterm 1 Regrades Processed?
 They are about 50% done. We are still working on the regrade requests. For now, focus on studying for the UMT and the final.
 Best keith whitaker,
 — EMB222 Teaching Team",not related,,,,,,R0396,311,ID-CFA614E1AE24560E,1,test,reviewed_real,,,Reviewed; existing target fields retained.
EMB222I7 S 20251:Calculus II,Module E5 PCEs,Bob Drake,45739.896527777775,"Dear all,
 The Module E5 PCEs have now been posted. The due dates for both have been extended to Thursday March 27 at 9am.
 Apologies for the delay and the due-date confusion!
 — EMB222 Teaching Team",deadline,,,Module E5 PCEs,,2025-03-27 09:00,R0397,312,ID-23CBF302B2F1B0CF,1,train,reviewed_real,,,The sentence is shortened to the named PCE deliverables.
EMB222I7 S 20251:Calculus II,Universal Makeup Test Information,Dylan Campos,45734.84861111111,"Dear Students,
 The Universal Makeup Test (UMT) is schedule for Thursday, March 27 from ID-9309A546BFCA0615. The universal makeup test is
 optional, if you took both Midterm 1 and Midterm 2; and
 if you took both Midterm 1 and Midterm 2, your score on your lowest midterm,
 M
 l
 o
 w
 e
 s
 t
 "">, will be replaced with
 max
 (
 M
 l
 o
 w
 e
 s
 t
 ,
 0.3
 &#ID-DBD8315EF56E8107;
 M
 l
 o
 w
 e
 s
 t
 +
 0.7
 &#ID-DBD8315EF56E8107;
 U
 M
 T
 )
 "">. That is, your lowest midterm score will be replaced with a 30% midterm + 70% UMT mix, but your score won't go down.
 Please note that this grading scheme is more generous than what was originally announced. We hope it gives you an opportunity to demonstrate your learning in the class.
 An announcement with logistics/room assignments will go out next week.
 Content
 The UMT will cover the content from Midterm 1 and Midterm 2. It will not include new content after Midterm 2 (this new content will show up on the final exam, though!). The formula sheet provided will be the same formula sheet that was provided on Midterm 2.
 There will be a special emphasis on ID-493BD7E0444E440F that students have struggled with on past midterms, so please make sure to study any mistakes you made on previous midterms. We are trying to get your Midterm 2 scores back to you as soon as possible. In the meantime, the solutions to Midterm 2 have been posted .
 We recommend you use Midterm 1, Midterm 2, and their practice exams as study material. As usual, you should prioritize your studying in the following way:
 Review any mistakes you made on Midterm 1 and categorize them. For example, did you lose points on ""Justify"" ID-493BD7E0444E440F? Did you make mistakes with subscripts/bounds? Did you struggle with bounding integrals? Keep these things in mind as you continue your studying.
 Go through the content level objectives . For each one, rate on a 1-3 scale how confident you are with that objective. Review the list of items you are not confident in. These topics are where you should focus your studying.
 Go through the high-level learning objectives on the syllabus . Keep these in mind throughout your studying.
 Rework in-class exercises relating to any objective that you're not confident in.
 Rework tutorial ID-493BD7E0444E440F.
 Rework practice problems.
 When your studying is approximately 70% complete, work the practice midterms/past midterms.
 Do I need to register for the UMT?
 No. Just show up and take the UMT.
 What if I missed one of the midterms?
 If you have an accepted petition for Midterm 1 or Midterm 2, you must take the UMT. It will fully replace your missed exam (provided you missed only one exam). If you have accepted petitions for both exams, the UMT will replace one exam and the Final Exam will replace the other.
 Can I bring a snack if I'm fasting?
 If you are fasting and your fast ends during the UMT period, you may bring a snack, provided:
 Your snack does not have a strong smell (no fried chicken, etc!)
 Your snack is not loud (no chips or food with loud packaging)
 We wish you luck and look forward to seeing many of you next week,
 — EMB222 Teaching Team",event,,,Universal Makeup Test,2025-03-27 19:00,2025-03-27 21:00,R0398,313,ID-708DA10C9ED3E0FC,1,train,reviewed_real,,,The 7-9 p.m. test was incorrectly normalized with a 7 a.m. start.
EMB222I7 S 20251:Calculus II,Midterm 1 Regrade Requests,Dylan Campos,45724.00208333333,"Dear Students,
 After reviewing some of the Regrade Requests for Midterm 1, it appears that many of you are not following the instructions. In the Midterm 1 Results announcement it was stated:
 Review the solution key. Do you see where you made a mistake? Are you sure it was a mistake in marking?
 File a regrade request on Gradescope between Mar 6 and Mar 9. Your regrade request must include which rubric items you believe should have been applied to your answer . (If your regrade quest does not include this information, it will be ignored.) The purpose of this timeline is to give you a chance to come to office hours and resolve any confusions before you file a regrade request.
 Remember, this procedure is for marking mistakes only. It is not a place to argue about part marks or whether a solution should be worth more marks. It is only if you genuinely believe that there was an error in the marking of your test . Additionally, if you appeal the marking of a question, your entire answer will be remarked, and your score may go down .
 If your regrade request does not specifically point out what rubric items were misapplied, please update your request. If your request was not actually pointing out an error in the marking, please delete the request or replace the message with ""Sorry"", if you cannot figure out how to delete the request.
 Please be respectful of everyone's time, including yours. If you filed a regrade request that says something like, ""I don't know why I lost points for this question"", you're actually asking an office-hours question; a regrade request is not the appropriate place to ask such a question. We want to help everyone understand their mistakes so that they can correct them. We also want to avoid making mistakes ourselves!
 Dylan Campos",deadline,,,Midterm 1 Regrade Requests,,2025-03-09 23:59 (time inferred),R0399,314,ID-7EF8B3DED1CE2E00,1,validation,reviewed_real,,,The body explicitly says regrade requests may be filed through March 9.
EMB222I7 S 20251:Calculus II,Midterm 1 Marks,Dale Willis,45720.583333333336,"Good morning,
 Our apologies for yet another announcement. The instructors for this course, after some discussion, have decided that the marking for two parts of the test - ID-493BD7E0444E440F 2b and 7b - should be looked over more carefully.
 For question 2b, we re-graded the question with a more generous allowance for those solutions whose tangent line ran along the nearly-straight part of the sine curve to the left of our point. A careful ID-13F96B92E53913AC will show that this is not the correct slope for the tangent, but we understand how the mistake could have been made while trying a correct approach for the question. The new grades have already been applied to the relevant tests as of the weekend.
 For question 7b, we found that our grading may have missed a number of students whose solutions to part (a) were incorrect and whose answer for the second part was correct relative to the error in (a) . Over the next few days, we will determine which tests fall into this category while maintaining the same level of difficulty (e.g., if the given answer to the first part is simply
 T
 (
 x
 )
 =
 0
 "">, then the second part has been made too trivial for marks). We hope to have this done before the midterm, but cannot guarantee that it will happen.
 --EMB 222 Teaching Team",not related,,,,,,R0400,315,ID-DC783F32920C29BE,1,train,reviewed_real,,,Reviewed; existing target fields retained.
EMB222I7 S 20251:Calculus II,Module D PCEs,Bob Drake,45719.88402777778,"Dear all,
 The Module D PCEs have now been posted. The D1 PCE due date has been extended to Tuesday March 4 at 5pm.
 Sorry for the delay,
 — EMB222 Teaching Team",deadline,,,Module D1 PCE,,2025-03-04 17:00,R0401,316,0c50295395703153,1,train,reviewed_real,,,The full deadline sentence is replaced with a concise deliverable name.
EMB222I7 S 20251:Calculus II,Midterm 2 Logistics,Dylan Campos,45713.69861111111,"Dear Students,
 Midterm 2 is taking place on Thursday. Please arrive at your assigned room at 7pm. The test will not officially start until 7:ID-D5C6D3DDEC151408.
 Room
 Name Range (Family Name)
 JU337
 J-R
 QT750
 A-I
 JJ061
 X-Z
 XP625
 S
 EC855
 T-W
 Your room is assigned by the first letter of your last (family) name.
 Please be advised that all phones and smart watches must be turned off and placed in your bag during the exam. (Turned off means that the devices are powered down, not merely that the screen is blank.)
 You may bring water bottles/pencils/etc. to the exam, but no other aids will be permitted.
 Best keith whitaker!
 — EMB222 Teaching Team",notice,"JU337, QT750, JJ061, XP625, EC855",,Midterm 2,2025-02-25 16:46,,R0402,317,ID-6795FCD3DCA2D408,1,train,reviewed_real,,,"The logistics body gives Midterm 2's official start but no end time, so it is a notice rather than unrelated. [2026-07-11 re-audit] Restored the complete explicit surname-based room list. Notice start_time set to Venue-1C8DA09F18 posted_at; end_time left blank per the user's rule."
EMB222I7 S 20251:Calculus II,Midterm 2 Information,Dylan Campos,45713.69652777778,"Dear EMB222 Students,
 As you know, the Midterm 2 for this course is happening on Thursday, Mar. 6 from ID-CD82A17DC87A79D7.
 Logistics
 Midterm room assignments will be sent out on Monday.
 What will the midterm be like?
 The midterm will cover all course topics up to C4. We will finish covering material you need for the midterm this week. Practice problems for all relevant modules are already posted.
 You can expect ID-493BD7E0444E440F relating to the high-level learning objectives listed on the course syllabus and the content-level objectives .
 How do I study?
 Studying for a midterm can be daunting, and if your lecture section spends most of the time working through exercises, it can be hard to figure out exactly what to study. To maximize your learning (and your mark), you should prioritize your studying in the following way:
 Review any mistakes you made on Midterm 1 and categorize them. For example, did you lose points on ""Justify"" ID-493BD7E0444E440F? Did you make mistakes with subscripts/bounds? Did you struggle with bounding integrals? Keep these things in mind as you continue your studying.
 Go through the content level objectives . For each one, rate on a 1-3 scale how confident you are with that objective. Review the list of items you are not confident in. These topics are where you should focus your studying.
 Go through the high-level learning objectives on the syllabus . Keep these in mind throughout your studying.
 Rework in-class exercises relating to any objective that you're not confident in.
 Rework tutorial ID-493BD7E0444E440F.
 Rework practice problems.
 When your studying is approximately 70% complete, work the practice midterm.
 The order here is not accidental and reflects the priorities of the course. In this course, you cannot get a good mark by memorizing many facts. You must understand concepts so that you can apply them to solve new problems. For this reason, it is important that you don't ""over study"" by memorizing solutions to many problems. It is also important that you come to office hours and check that you're applying the concepts correctly.
 To aid your studying, we have posted a practice exam on the Practice Materials and Study Advice page.
 Will there be a formula sheet?
 Yes. You can look at the second page of the practice exam for an example of what the provided formula sheet will look like.
 Are calculators allowed?
 No. There will be no question on the exam that requires a calculator and most exam ID-493BD7E0444E440F will not require simplification.
 Additional Office Hours
 We are adding extra TA office hours leading up to the exam. Please check the office hours calendar regularly for updates.",event,,,Midterm 2,2025-03-06 19:00,2025-03-06 21:00,R0403,318,ID-070C0463B2C8F81F,1,train,reviewed_real,,,The body explicitly supplies both endpoints; this must be an event rather than an all-day notice.
EMB222I7 S 20251:Calculus II,Tutorials Taking Place During Week of Mar. 3-7,Phillip Campos,45712.895833333336,"Hello Everyone,
Just to clarify, as opposed to Midterm 1, we will be having tutorials during the week of Midterm 2 next week.
-Deanna",notice,,,EMB222 Tutorials Continue During Midterm Week,2025-02-24 21:30,,R0404,319,ID-FA5CDA9448BDB17C,1,train,reviewed_real,,,"The body explicitly confirms tutorials during the week of March 3-7, contrary to the Midterm 1 week. [2026-07-11 re-audit] Notice start_time set to Venue-1C8DA09F18 posted_at; end_time left blank per the user's rule."
EMB222I7 S 20251:Calculus II,Midterm 1 Results,Dylan Campos,45708.83194444444,"The Midterm is graded! You should have your results shortly.
 Exam Results:
 The average for the exam eaj 96%. Overall, the class did well on multiple choice and drawing ID-493BD7E0444E440F (1,2,5,6) and struggled significantly with error bounds and justification ID-493BD7E0444E440F (3,4,7). The good news is, there are several more exams where you will be able to demonstrate that you can bound errors and explain your reasoning. And, you will improve at these skills with practice.
 Below are guidelines for interpreting your exam score and comments about the exam content.
 How to interpret your midterm score:
 70% cw 798% You have a good understanding of the course so far. But, don't be complacent! Picture the mark you want in this class (not everyone has to want an A, and that's okay). If your desired mark sm 96% higher than what you earned, it's time to think about how you can change your study habits to be more effective. Carefully go through your test and consider each question you missed and why. How could you have studied more effectively? Did you look at the learning objectives while you were studying? Did you attend office hours? Did you trick yourself into thinking that you knew something you didn't? Your mark is in your hands!
 60% nl 73% Your foundation is adequate to pass this course. However, if your score is in this range, it's time to upgrade your study habits! Carefully go through your test and consider each question you missed and why. How could you have studied more effectively? Did you look at the learning objectives while you were studying? Did you attend office hours? Did you trick yourself into thinking that you knew something you didn't? Your mark is in your hands!
 40% xo 91% Your foundation is shaky. It's time to significantly change your study habits. The second half of the course is built on concepts from the first half. It is not too late to catch up and be prepared for the Final.
 &lt; 40% It's time to significantly change your study habits. You do not know the foundational topics well. You should plan on taking the Universal Makeup Test. As you study, make sure to focus on past topics as well as current class topics so that you can appropriately catch up.
 Reflecting on your mistakes:
 Under ""Practice Materials and Study Advice"" is posted a solution guide for the Midterm. Please go over your midterm problem by problem (even the problems you got correct!). For each problem you missed, reflect on what went wrong. Was it a careless mistake that you'll never make again? Or was it a fundamental misunderstanding? There are some mistakes that look trivial on the surface, but turn out to be a fundamental conceptual mistake.
 Common mistakes/Comments:
 Lacking justification : In general, and especially when we use the words "" Provide a well written justification"" , we expect a justification written in full sentences, as if it came from a textbook. Math is read in full sentences, and if you miss words, even if they are small connection words, your math is not well explained. For example, consider ""|x| &lt; 3, x &lt; 3"". Read aloud this is ""the absolute value of x is less than three, x is less than three"". That sentence is not a justification of anything. Compare with ""|x| &lt; 3, so x &lt; 3"", which is read as ""the absolute value of x is less than three, so x is less than three"". With the word "" so "" added, a sequence of unrelated inequalities becomes a chain of justification (the word "" implies "" could also be used to connect the two inequalities).
 It is a fact of life as engineers that you will have two jobs:
 Solving problems
 Explaining to others how your solution works, why it works, and why it is justified
 In order to accomplish #2, you must explain and justify things in accordance with the general culture of engineering, which is to explain things in full English sentences with connection words linking equations and justifying your sequence of steps.
 Use of symbols ∴ and ∵ : We did not deduct any marks for the use of the symbols ∴ (therefore) and ∵ (because). However, please do not use these symbols on tests in the future . Those symbols are great for note taking and otherwise informal mathematics—you may even see your instructor write them on the board during class. But, in formal mathematics, they are not used. When we ask you to justify answers on a test, we are asking you to write formal mathematics.
 Confusion about Q4 : There was a lot of confusion on Q4b about what counts as the start/end of the third hour. In addition the example provided contradicted the definition. Because of this, we marked students as having a correct answer whether they followed the definition or whether they followed the example given.
 Q3 : The class performed the worst on Q3 out of all ID-493BD7E0444E440F. This question was meant to be a straightforward ""do you know what an estimate is?"" question. If you missed this question, please try working it out again before looking at the solution key.
 What if I don't know why I missed a problem?
 Come to office hours! At any of the office hours, we'd be happy to discuss with you any of the ID-493BD7E0444E440F and help you figure out if you have fundamental misunderstandings, or if you just made a silly mistake.
 What if one of my midterm problems was incorrectly marked?
 Occasionally there are mistakes in marking an exam. If you believe there has been a mistake in the marking of your exam, please do the following:
 Review the solution key. Do you see where you made a mistake? Are you sure it was a mistake in marking?
 File a regrade request on Gradescope between Mar 6 and Mar 9 . Your regrade request must include which rubric items you believe should have been applied to your answer. (If your regrade quest does not include this information, it will be ignored.) The purpose of this timeline is to give you a chance to come to office hours and resolve any confusions before you file a regrade request.
 Remember, this procedure is for marking mistakes only. It is not a place to argue about part marks or whether a solution should be worth more marks. It is only if you genuinely believe that there was an error in the marking of your test . Additionally, if you appeal the marking of a question, your entire answer will be remarked, and your score may go down .
 If you are unsure about the marking of one of your ID-493BD7E0444E440F, please visit office hours to ask about it before submitting a regrade request.
 Regrade requests must be filed on Gradescope, and emails about grading mistakes will be ignored.",deadline,,,Midterm 1 Regrade Requests,,2025-03-09 23:59 (time inferred),R0405,320,ID-3516DECED08F9AD1,1,train,reviewed_real,,,The results announcement contains an actionable Gradescope regrade deadline of March 9.
EMB222I7 S 20251:Calculus II,Student Lunch,Dylan Campos,45700.65972222222,"Dear Students,
 I will be hosting a student lunch in my office (AD498F) tomorrow, Friday, Qqu 67 jihq 71:00-1:00. Come by an bring your lunch if you'd like to socialize! If you would like to receive announcements about future student lunches, you may sign up for the Student Lunch Mailing List .
 Dylan",event,AD498F,,Student Lunch,2025-02-14 12:00,2025-02-14 13:00,R0406,321,ID-8AFD5E3CD8F555DA,1,train,reviewed_real,,,"The student lunch has a complete date, interval, and office location."
EMB222I7 S 20251:Calculus II,(Weekly) Reflections,Dylan Campos,45700.66527777778,"Dear students,
 There has been some confusion about the weekly reflections. Some of them were labelled as ""LJT335"", even though they were the reflections for all sections.
 I have extended the due date for reflections for Week 1,3,4,5 (all the reflections we have had so far) until Friday. Please make sure to complete any reflections you missed.
 You can find the reflections in the Reflections module.
 There will be no reflection this week or during reading week. The next reflection will be for Week 8.
 Dylan",deadline,,,Weekly Reflections,,2025-02-14 23:59 (time inferred),R0407,322,80044122596aa648,1,train,reviewed_real,,,The body extends all listed reflection deadlines until Friday.
EMB222I7 S 20251:Calculus II,Seating Changes,Dylan Campos,45699.67013888889,"Dear all,
 Everyone will have new seating assignments after reading week. Please complete the new seating chart survey by Koc 79.",deadline,,,Seating Chart Survey,,2025-02-16 23:59 (time inferred),R0408,323,ID-70B6D9571FFE5B4D,1,train,reviewed_real,,,The survey must be completed by February 16.
EMB222I7 S 20251:Calculus II,No Tutorial This Week,Dylan Campos,45691.65416666667,"Dear student,
 There is no tutorials this week. They will resume Rtp 67.",notice,,,Tutorials Resume,2025-02-03 15:42,,R0409,324,ID-8C9961CD1025B385,1,validation,reviewed_real,,,The body explicitly states the date tutorials resume. [2026-07-11 re-audit] Notice start_time set to Venue-1C8DA09F18 posted_at; end_time left blank per the user's rule.
EMB222I7 S 20251:Calculus II,Midterm 1 Logistics,Dylan Campos,45685.69027777778,"Dear Students,
 Midterm 1 is taking place tomorrow. Please arrive at your assigned room at ID-363E39C00CB8C1B2. The test will not officially start until 10:ID-363E39C00CB8C1B2.
 Room
 Name Range (Family Name)
 JU337
 J-R
 QT750
 A-I
 JJ061
 X-Z
 XP625
 S
 EC855
 T-W
 Your room is assigned by the first letter of your last (family) name.
 Please be advised that all phones and smart watches must be turned off and placed in your bag during the exam. (Turned off means that the devices are powered down, not merely that the screen is blank.)
 You may bring water bottles/pencils/etc. to the exam, but no other aids will be permitted.
 Best keith whitaker!
 — EMB222 Teaching Team",notice,"JU337, QT750, JJ061, XP625, EC855",,Midterm 1,2025-01-28 16:34,,R0410,325,ID-527D3FE3F14D9596,1,test,reviewed_real,,,"The logistics message gives the official test start but no end time in this body, so it is a notice. [2026-07-11 re-audit] Restored the complete explicit surname-based room list. Notice start_time set to Venue-1C8DA09F18 posted_at; end_time left blank per the user's rule."
EMB222I7 S 20251:Calculus II,Midterm 1 Information,Dylan Campos,45685.68472222222,"Dear EMB222 Students,
 As you know, the Midterm 1 for this course is happening on Tuesday, Feb. 4 from ID-A9B798E4F3A12C26.
 Logistics
 Midterm room assignments will be sent out on Monday.
 What will the midterm be like?
 The midterm will cover all course topics up to ID-DB679506B3EC838D. We will finish covering material you need for the midterm this week and practice problems on modules ID-CC4C89D87176B8BB will be posted on Wednesday.
 You can expect ID-493BD7E0444E440F relating to the high-level learning objectives listed on the course syllabus and the content-level objectives .
 How do I study?
 Studying for a midterm can be daunting, and if your lecture section spends most of the time working through exercises, it can be hard to figure out exactly what to study. To maximize your learning (and your mark), you should prioritize your studying in the following way:
 Go through the content level objectives . For each one, rate on a 1-3 scale how confident you are with that objective. Review the list of items you are not confident in. These topics are where you should focus your studying.
 Go through the high-level learning objectives on the syllabus . Keep these in mind throughout your studying.
 Rework in-class exercises relating to any objective that you're not confident in.
 Rework tutorial ID-493BD7E0444E440F.
 Rework practice problems.
 When your studying is approximately 70% complete, work the practice midterm.
 The order here is not accidental and reflects the priorities of the course. In this course, you cannot get a good mark by memorizing many facts. You must understand concepts so that you can apply them to solve new problems. For this reason, it is important that you don't ""over study"" by memorizing solutions to many problems. It is also important that you come to office hours and check that you're applying the concepts correctly.
 To aid your studying, we have posted a practice exam on the Practice Materials and Study Advice page.
 Will there be a formula sheet?
 Yes. You can look at the second page of the practice exam for an example of what the provided formula sheet will look like.
 Are calculators allowed?
 No. There will be no question on the exam that requires a calculator and most exam ID-493BD7E0444E440F will not require simplification.
 Additional Office Hours
 We are adding extra TA office hours leading up to the exam. Please check the office hours calendar regularly for updates.",event,,,Midterm 1,2025-02-04 10:00,2025-02-04 12:00,R0411,326,ID-7B902FD7B84C3866,1,train,reviewed_real,,,"Both endpoints are explicit, so this is an event rather than an all-day notice."
EMB222I7 S 20251:Calculus II,Practice Problems ID-053FA2D0C826453F,Dylan Campos,45678.72083333333,"Dear students,
 Practice problems for modules ID-053FA2D0C826453F are available on the Modules page.",not related,,,,,,R0412,327,ID-0F77FBCA364AD80C,1,train,reviewed_real,,,Reviewed; existing target fields retained.
EMB222I7 S 20251:Calculus II,The Rewind Sessions Return,Dale Willis,45677.80416666667,"Rewind Sessions are hour-long lectures. The Tuesday session starts at 3 PM in TV 120, beginning tomorrow with polar and complex numbers.",event,TV 120,,Rewind Session: Polar and Complex Numbers,2025-01-21 15:00,2025-01-21 16:00,R0413,328,ID-890C447696EAB52B,1,train,reviewed_real,,,The body states that Rewind sessions are hour-long and gives distinct Tuesday and Thursday schedules and rooms. [2026-07-11 re-audit] Restored item-specific source context and removed multi-item target ambiguity.
EMB222I7 S 20251:Calculus II,The Rewind Sessions Return,Dale Willis,45677.80416666667,Rewind Sessions are hour-long lectures. The Thursday session starts at 6 PM in TB 849.,event,TB 849,,Thursday Rewind Session,2025-01-23 18:00,2025-01-23 19:00,R0414,328,ID-890C447696EAB52B,2,train,reviewed_real,,,The body states that Rewind sessions are hour-long and gives distinct Tuesday and Thursday schedules and rooms. [2026-07-11 re-audit] Restored item-specific source context and removed multi-item target ambiguity.
EMB222I7 S 20251:Calculus II,Tutorials Begin,Dylan Campos,45673.759722222225,"Dear all,
 Tutorials start this week. In tutorials, you will be working in small groups on problems that build on and extend the concepts from class. Tutorials prove you with a special opportunity to work while a TA and your classmates are there to assist you. You can find the week's tutorial in the Tutorials module.
 Please note:
 Tutorials are not ""extra"" content. They are considered essential/core content. That is, you are responsible for thoroughly understand the concepts introduced in tutorials as they may show up on future exams.
 The tutorial worksheets have been created with more problems than can be finished in 1 hour. If you're working hard and only finish half the tutorial during tutorial time, you're doing fine! Any problems you don't finish, of course, should be added to your list of practice problems.
 We hope you find tutorials fun and informative. Good luck!
 — EMB222 Teaching Team",notice,,,EMB222 Tutorials Begin,2025-01-16 18:14,,R0415,329,ID-551968D9F84E5402,1,train,reviewed_real,,,"The announcement says tutorials start that week, creating a start notice. [2026-07-11 re-audit] Notice start_time set to Venue-1C8DA09F18 posted_at; end_time left blank per the user's rule."
EMB222I7 S 20251:Calculus II,Practice Problems ID-6D296D71004C0FFD,Dylan Campos,45671.67986111111,"Dear all,
 You can now find practice problems for modules A1 and A2 on the Modules page. You will not be turning in these ID-493BD7E0444E440F, but they are an essential part of the course and some of the ID-493BD7E0444E440F may show up on future exams. Like in EMB222, we will not be posting solutions to the practice problems, but you are encouraged to come to office hours and discuss the ID-493BD7E0444E440F.
 Good luck studying,
 — EMB222 Teaching Team",not related,,,,,,R0416,330,ID-42A06DB98D316F91,1,train,reviewed_real,,,Reviewed; existing target fields retained.
EMB222I7 S 20251:Calculus II,Seating Assignments,Dylan Campos,45670.73541666667,"Dear all,
 You should have received an email with your assigned table for HS961. If you do not see the email, please check your spam and your ""unfocused"" messages.",not related,,,,,,R0417,331,ID-6E46E20A3494FC61,1,train,reviewed_real,,,Reviewed; existing target fields retained.
EMB222I7 S 20251:Calculus II,Week 2 PCEs Update,Dylan Campos,45669.604166666664,"Dear all,
 It turns out there is a Friday PCE for this week, so please make sure to complete it by Friday at 9am.
 Sorry for the confusion,
 — EMB222 Teaching Team",deadline,,,Friday PCE,,2025-01-17 09:00,R0418,332,ID-DC830061868D0CD6,1,train,reviewed_real,,,The Friday PCE has an explicit 9 a.m. deadline.
EMB222I7 S 20251:Calculus II,Universal Makeup Test,Dylan Campos,45668.98125,"Dear all,
 Good news. We got a time approved for a Universal Makeup Test! The test is scheduled for March 27 from ID-9309A546BFCA0615.
 A Universal Makeup Test functions in two ways.
 If you are sick and have an approved petition for a missed midterm, the Universal Makeup Test will replace that missed midterm's score.
 You may optionally choose to write the Universal Makeup Test even if you did not miss any midterms. If you do, your lowest midterm score will be replaced with a 50/50 linear combination of your lowest midterm score and your score on the Universal Makeup Test.
 We hope you appreciate this opportunity,
 — EMB222 Teaching Team",event,,,Universal Makeup Test,2025-03-27 19:00,2025-03-27 21:00,R0419,333,ID-5BCFC21DFD5947B0,1,train,reviewed_real,,,The 7-9 p.m. test was incorrectly normalized with a 7 a.m. start.
EMB222I7 S 20251:Calculus II,Week 2 PCEs,Dylan Campos,45668.96875,Module B1 must be completed by 9 AM on January 13.,deadline,,,Module B1 PCE,,2025-01-13 09:00,R0420,334,ID-7E05FA0C803715BB,1,train,reviewed_real,,,The body gives separate deadlines for the B1 and B2 PCEs. [2026-07-11 re-audit] Restored item-specific source context and removed multi-item target ambiguity.
EMB222I7 S 20251:Calculus II,Week 2 PCEs,Dylan Campos,45668.96875,Module B2 must be completed by 9 AM on January 15.,deadline,,,Module B2 PCE,,2025-01-15 09:00,R0421,334,ID-7E05FA0C803715BB,2,train,reviewed_real,,,The body gives separate deadlines for the B1 and B2 PCEs. [2026-07-11 re-audit] Restored item-specific source context and removed multi-item target ambiguity.
EMB222I7 S 20251:Calculus II,Week 1 Reflection,Dylan Campos,45667.813888888886,"Dear students,
 Congratulations on finishing the first week of Winter term! The Week 1 Reflection is now posted. Please complete it by Sunday evening yp 55:ID-3B130FA7DB89CCA8.",deadline,,,Week 1 Reflection,,2025-01-12 23:59,R0422,335,ID-8A08E415B40DC148,1,train,reviewed_real,,,The reflection has an explicit Sunday yp 55:59 p.m. deadline.
EMB222I7 S 20251:Calculus II,Seating Preference Survey Reopened,Dylan Campos,45665.90277777778,"Dear all,
 The Seating Preference Survey has been re-opened. If you have not already completed the survey, please do so iw 77:ID-3B130FA7DB89CCA8 on Thursday.",deadline,,,Seating Preference Survey,,2025-01-09 23:59,R0423,336,ID-A29164647D68A149,1,train,reviewed_real,,,The reopened survey is due Thursday yp 55:59 p.m.
EMB222I7 S 20251:Calculus II,Seat Assignment Update,Dylan Campos,45664.75625,"Dear students,
 Please ignore the announcement that was sent out this morning about seating assignments. You will receive your seating assignments starting next week.
 Sorry for the confusion,
 Dylan",notice,,,Seating Assignments Distribution Begins,2025-01-07 18:09,,R0424,337,ID-4EAB060D57FFF16E,1,train,reviewed_real,,,The corrected announcement says seating assignments will begin the following week. [2026-07-11 re-audit] Notice start_time set to Venue-1C8DA09F18 posted_at; end_time left blank per the user's rule.
EMB222I7 S 20251:Calculus II,Seat Assignments,None,45602.645833333336,"Dear EMB222 Students,
 You all should have received an email in your ""@mail.https://resource-88b4bcb2e6a611ef.example.edu"" inbox that contains your assigned seat for EMB222. Please check your inbox and sit at your assigned table. To find your table, refer to the table numbers that are posted visibly on the wall behind each table. If you are not sure where your seat is, please ask TAs in the room for help.
If you haven't already, please
 Open the Start Here Module and read all the pages.
 Specifically please make sure to read the Syllabus .
 We are looking forward to seeing you in class!
 ~EMB222 Team",not related,,,,,,R0425,338,ID-ADB28B46D09166E6,1,train,reviewed_real,,,Reviewed; existing target fields retained.
EMB222I7 S 20251:Calculus II,Peer Note-Taking,None,45602.645833333336,"Dear EMB222 Students,
 Accessibility Services is seeking volunteer note takers for students in this class who are registered in Accessibility Services. By volunteering to take notes for students with disabilities, you are making a positive contribution to their academic success. By volunteering as a note-taker, you will benefit as well - It is an excellent way to improve your own note-taking skills and to maintain consistent class attendance. At the end of term, we would be happy to provide a Certificate of Appreciation for your hard work. To request a Certificate of Appreciation please fill out the form at this link: Certificate of Appreciation or email us at at as. notetaking @https://resource-88b4bcb2e6a611ef.example.edu . You may also qualify for a Co-Curricular Record by registering your volunteer work on Folio before the end of June. We also have a draw for qualifying volunteers throughout the academic year.
 Steps to Register as a Volunteer :
 Register Online as a Volunteer Note-Taker at: https://resource-016912b2c1777e11.example.edu/p14781b06/p9430fe68/pe7e68d23.aspx
 For a step-to-step guide please follow this link to the Volunteer Notetaking Portal Guide
 Click on Volunteer Notetakers , and sign in using your UTORid
 Select the course(s) you wish to take notes for. Please note: you do NOT need to upload sample notes or be selected as a volunteer to begin uploading your notes.
 Start uploading notes.
 Email us at as. notetaking @https://resource-88b4bcb2e6a611ef.example.edu if you have ID-493BD7E0444E440F or require any assistance with uploading notes. If you are no longer able to upload notes for a course, please also let us know immediately.
 For more information about the Accessibility Services Peer Notetaking program, please visit Student Life Volunteer Note Taking .
 Thank you for your support and for making notes more accessible for our students.
 AS Note-taking Team",not related,,https://resource-016912b2c1777e11.example.edu/p14781b06/p9430fe68/pe7e68d23.aspx,,,,R0426,339,ID-BDC99CFD56006969,1,test,reviewed_real,,,Reviewed; existing target fields retained.
EMB222I7 S 20251:Calculus II,Welcome to EMB222,None,45602.645833333336,"Dear EMB222 Students,
 Welcome to EMB222 Calculus II! We hope you had a restful holiday break!
 Here is how to get yourself oriented in this course:
 Open the Start Here Module a nd read all the pages
 Specifically please make sure to read the Syllabus . It is the most important document explaining this course and contains all important information.
 Join the course piazza. We will use a piazza for all course-related discussions and ID-493BD7E0444E440F.
 Fill in the HS961 seat preference. This survey closes tomorrow a 4pm. We will do our best alec lambert wagner lowe assignment ready for the first week. You should sit at your assigned table.
 We will be starting with course content on day 1, so please make sure to do your pre-class reading.
 Welcome again! We are very much looking forward to seeing you in class!
 The EMB222 Teaching Team",deadline,,,HS961 Seat Preference Survey,,2024-11-07 16:00,R0427,340,ID-553577FAE9B635C9,1,test,reviewed_real,,,The body explicitly says the seat-preference survey closes the day after the recorded post date at 4 p.m.
ORU260I7 ID-B6D7517DA6BB21EA: Linear Algebra,Course Grades,Joy Booker Pena,45663.879166666666,"Dear (former) ORU260 Students,
 Your grades for ORU260 are pre-approved and will be posted on ROSI shortly. Note that we can not release your final or final grades until the Undergraduate Assessment Committee has formally reviewed and approved the grades.
 Also, please note that the teaching team can not directly help with post exam services such as review of exams, or review of grade computation. Any such request should be directed to the Faculty (see the link below). Once requests are reviewed they will be sent to the teaching team to be processed.
 https://resource-44ad64ee19acd26c.example.edu/p95c4a209/pbf0ed05a
Wish a wonderful winter term!
 ~ORU260 Team",not related,,https://resource-44ad64ee19acd26c.example.edu/p95c4a209/pbf0ed05a,,,,R0428,341,ID-A07A6006DC8CA087,1,train,reviewed_real,,,Reviewed; existing target fields retained.
ORU260I7 ID-B6D7517DA6BB21EA: Linear Algebra,ORU260 Final Exam,Joy Booker Pena,45635.615277777775,Our final is today Dec 9th at 2:00 pm .,notice,,,ORU260 Final Exam,2024-12-09 14:46,,R0429,342,ID-CCB650DFF0D0C3C5,1,train,reviewed_real,,,"The row contains a start-only final-exam notice plus two simultaneous, separately located help sessions. [2026-07-11 re-audit] Notice start_time set to Venue-1C8DA09F18 posted_at; end_time left blank per the user's rule."
ORU260I7 ID-B6D7517DA6BB21EA: Linear Algebra,ORU260 Final Exam,Joy Booker Pena,45635.615277777775,We have a TA of the teaching team in the classroom of the engineering libraries (second floor of Clearhaven) and one TA in Westhaven Pit (Venue-9FBD39B9F2 of Clearhaven) today until between 10 am and 1 pm to answer to your last minute ID-493BD7E0444E440F.,event,"Stonegate Classroom, Clearhaven (Venue-DA9BC4E9FD), Westhaven Pit, Clearhaven (Venue-9FBD39B9F2)",,Final Exam Help Session,2024-12-09 10:00,2024-12-09 13:00,R0430,342,ID-CCB650DFF0D0C3C5,2,train,reviewed_real,,,"The row contains a start-only final-exam notice plus two simultaneous, separately located help sessions. [2026-07-11 re-audit] Merged two simultaneous final-exam help locations into one event."
ORU260I7 ID-B6D7517DA6BB21EA: Linear Algebra,Teaching Evaluations and End of Semester Survey,Joy Booker Pena,45630.64097222222,Homework 5: your MATLAB homework is due tomorrow evening on Gradescope.,deadline,,,Homework 5,,2024-12-05 23:59 (time inferred),R0432,343,ID-C0C0A92F167F016F,1,train,reviewed_real,,,Two distinct items are due the following night: Homework 5 and the course teaching evaluations. [2026-07-11 re-audit] Restored item-specific source context and removed multi-item target ambiguity.
ORU260I7 ID-B6D7517DA6BB21EA: Linear Algebra,Teaching Evaluations and End of Semester Survey,Joy Booker Pena,45630.64097222222,Teaching Evaluations: The teaching evaluations for our course are due tomorrow night.,deadline,,,Teaching Evaluations,,2024-12-05 23:59 (time inferred),R0433,343,ID-C0C0A92F167F016F,2,train,reviewed_real,,,Two distinct items are due the following night: Homework 5 and the course teaching evaluations.
ORU260I7 ID-B6D7517DA6BB21EA: Linear Algebra,Review session: Definitions and fundamentals,Joy Booker Pena,45625.645833333336,The first one is Today 5:30-7:00 pm in UF277.,event,UF277,,Rewind Session: Definitions and Fundamentals,2024-11-29 17:30,2024-11-29 19:00,R0434,344,ID-8492630D970CE602,1,validation,reviewed_real,,,Two separate review sessions with complete intervals are listed.
ORU260I7 ID-B6D7517DA6BB21EA: Linear Algebra,Review session: Definitions and fundamentals,Joy Booker Pena,45625.645833333336,The next one is next Wednesday 5:00-7:00 pm (I am still looking for a room),event,,,Rewind Session: Definitions and Fundamentals,2024-12-04 17:00,2024-12-04 19:00,R0435,344,ID-8492630D970CE602,2,validation,reviewed_real,,,Two separate review sessions with complete intervals are listed.
ORU260I7 ID-B6D7517DA6BB21EA: Linear Algebra,Weekly Update Qzwh 59,Joy Booker Pena,45621.160416666666,Midterm II: Your midterm II is graded and will be released on Monday 8 am.,notice,,,Midterm II Grades Release,2024-11-25 03:51,,R0436,345,ID-09B558AD284CDA7C,1,train,reviewed_real,,,The body includes a grade release plus distinct regrade and Homework 5 deadlines. [2026-07-11 re-audit] Notice start_time set to Venue-1C8DA09F18 posted_at; end_time left blank per the user's rule.
ORU260I7 ID-B6D7517DA6BB21EA: Linear Algebra,Weekly Update Qzwh 59,Joy Booker Pena,45621.160416666666,The regrade request will open on Nov ID-6394DBE79C91E0EF morning and stay open until Dec 2 11:59 pm.,event,,,Midterm II Regrade Requests,2024-11-28 00:00 (time inferred),2024-12-02 23:59,R0437,345,ID-09B558AD284CDA7C,2,train,reviewed_real,,,The body includes a grade release plus distinct regrade and Homework 5 deadlines. [2026-07-11 re-audit] The regrade request has an explicit opening date and closing endpoint.
ORU260I7 ID-B6D7517DA6BB21EA: Linear Algebra,Weekly Update Qzwh 59,Joy Booker Pena,45621.160416666666,Homework 5: Your HW5 is up and is due on Dec 5th.,deadline,,,Homework 5,,2024-12-05 23:59 (time inferred),R0438,345,ID-09B558AD284CDA7C,3,train,reviewed_real,,,The body includes a grade release plus distinct regrade and Homework 5 deadlines.
ORU260I7 ID-B6D7517DA6BB21EA: Linear Algebra,Weekly Update Qzwh 59,Joy Booker Pena,45621.160416666666,WW9 is due on November 26.,deadline,,,WW9,,2024-11-26 23:59 (time inferred),R0439,346,ID-09B558AD284CDA7C,1,train,reviewed_real,,,Three separately actionable deadlines are present in this continuation. [2026-07-11 re-audit] Restored item-specific source context and removed multi-item target ambiguity.
ORU260I7 ID-B6D7517DA6BB21EA: Linear Algebra,Weekly Update Qzwh 59,Joy Booker Pena,45621.160416666666,Regrade requests for this assignment are open from November 26 at 8:00 AM until November 30 yp 55:59 PM.,event,,,Homework 3 Regrade Requests,2024-11-26 08:00,2024-11-30 23:59,R0440,346,ID-09B558AD284CDA7C,2,train,reviewed_real,,,Three separately actionable deadlines are present in this continuation. [2026-07-11 re-audit] The regrade request explicitly opens November 26 at 8 AM and closes November 30 yp 55:59 PM.
ORU260I7 ID-B6D7517DA6BB21EA: Linear Algebra,Weekly Update Qzwh 59,Joy Booker Pena,45621.160416666666,The resubmissions are open until Nov ID-B6AA70C17DA6A08F 11:59 pm .,deadline,,,Development Question Resubmissions,,2024-11-26 23:59,R0441,346,ID-09B558AD284CDA7C,3,train,reviewed_real,,,Three separately actionable deadlines are present in this continuation.
ORU260I7 ID-B6D7517DA6BB21EA: Linear Algebra,WW 8 due date extended,Joy Booker Pena,45617.60833333333,"Dear ORU260 students,
 Since one of our lectures discussed least square method on the due date of WW8 (ID-920A3CF1B6469E57) we extended the due date by a day. WW8 is now due on Nov ID-09BCCD6E962611C3 11:59 pm.
~ORU260 Team",deadline,,,WW8,,2024-11-21 23:59,R0442,347,ID-4FEA296B4D992B6D,1,train,reviewed_real,,,The sentence is shortened to the deliverable name.
ORU260I7 ID-B6D7517DA6BB21EA: Linear Algebra,Weekly Update Jdbi 15,Joy Booker Pena,45615.25347222222,"Dear ORU260 students,
 Here is our weekly update and information for our upcoming week.
 Last Week:
 You wrote your Midterm II. If you missed the test due to a legitimate reason, please file a petition via Engineering petition portal. You TAs are still grading the midterm. We are aiming to finish the grading by the end of this week. We will keep you posted.
 You all had finished Expand of reading 8 and had one lecture on pre/post class reading 9: Least Squares Method. Reading 9 also talks about Orthogonal Linear Transformation. Based on your reflection results, and some preliminary results on midterm II we decided to leave the orthogonal LTs out of lectures and instead spend some time on either reading definitions or MC ID-493BD7E0444E440F on midterm II. This session is meant to remind you to review the basics (Definitions, Theorems) and only use them when building a mathematical argument.
 You worked on your tutorial worksheet and WW8. WW8 is due on Nov ID-920A3CF1B6469E57 .
 Based on your feedback during the first half of the course, we removed the Dev ID-493BD7E0444E440F from your tutorial worksheets and instead created a practice only worksheet with extra ID-493BD7E0444E440F.",deadline,,,WW8,,2024-11-20 23:59 (time inferred),R0443,348,ID-0E4C70690C04BF7A,1,train,reviewed_real,,,The title is shortened to the deliverable name.
ORU260I7 ID-B6D7517DA6BB21EA: Linear Algebra,Weekly Update Jdbi 15,Joy Booker Pena,45615.25347222222,The resubmissions are due on Rgj 73.,deadline,,,Development Question Resubmissions,,2024-11-26 23:59 (time inferred),R0444,349,ID-0E4C70690C04BF7A,1,train,reviewed_real,,,The body also contains a distinct penalty-free Homework 4 submission deadline.
ORU260I7 ID-B6D7517DA6BB21EA: Linear Algebra,Weekly Update Jdbi 15,Joy Booker Pena,45615.25347222222,We still accept HW4 submissions with no late penalty until Xgp 16 11:59 pm.,deadline,,,Homework 4 Penalty-Free Submission,,2024-11-21 23:59,R0445,349,ID-0E4C70690C04BF7A,2,train,reviewed_real,,,The body also contains a distinct penalty-free Homework 4 submission deadline.
ORU260I7 ID-B6D7517DA6BB21EA: Linear Algebra,Midterm II,Joy Booker Pena,45607.986805555556,"Dear ORU 260 Students,
 Our midterm is tomorrow, Nov ID-CE36EE72F0C42525, 9 ad-66 am. Please see the table below for your room assignments. You should attend the room you are assigned to . The rooms are based on the first two or three letters of your last name, in dictionary order.
 Room Allocation:
 Room
 last name starting with
 QT 750
 Woodard-Hampton, Baldwin-Romero
 JU 337
 Roman-Medina, Joseph-Newman
 IV 315
 Bernard-Hess
 PM 3011
 Holder-Whitaker
 EB 169
 White-Lewis
 EC 855
 Mullins-Dyer
 XP 625
 Hensley-Mckenzie
 JJ 061
 Hale-Ashley
 You can find the name and locations of the buildings in Uoft Map
 Before the Exam:
 Please read the exam instructions carefully. Download Please read the exam instructions carefully.
 Plan your commute carefully to arrive early. Quietly line up at the door and wait for the invigilators to let you in.
 Once in the room do not talk. Follow the instructions given by TAs to find a seat with ORU260 exam on it.
 Do not touch the exam. Leave the exam face down.
 Turn off your phone (and ALL other electronic devices) and put them in your backpack. Close all the zippers and place your backpack under your seat.
 On your desk, you need to have your pen, pencil eraser, and Tcard.
 Remain quiet and wait for the instruction. This may take a while. Be patient. Do not talk to anyone.
 During the Exam:
 We will start as close to 9:10 am as we can.
 You may not leave the exam room within the first 30 minutes of the exam.
 If you have a question raise one hand, and continue your work until a TA comes to your seat. Note that your TA will not answer any math ID-493BD7E0444E440F.
 When you are done, raise your hand and remain seated until a TA comes to your seat. DO NOT leave your seat until instructed.
 If you finish within the egij 74 minutes of the exam, you will be asked to remain seated until all students hand in their exam. That is, even if your exam is collected, you should still sit quietly and wait for the instructions.
 Good luck,
 ~ORU 260 Teaching Team.",event,"QT 750, JU 337, IV 315, PM 3011, EB 169, EC 855, XP 625, JJ 061",,ORU260 Midterm II,2024-11-12 09:00,2024-11-12 11:00,R0446,350,ID-E3B9C1994ADC049F,1,train,reviewed_real,,,The title is shortened; the surname-dependent rooms are not collapsed into one false location. [2026-07-11 re-audit] Restored the complete explicit Midterm II room allocation.
ORU260I7 ID-B6D7517DA6BB21EA: Linear Algebra,Weekly Update Wush 64,Joy Booker Pena,45607.20416666667,"Here is our weekly update and information for our upcoming week.
 Midterm II: Our midterm I is on Nov ID-CE36EE72F0C42525, 9-11 am . Everything you need to know about the midterm can be found under the Exams module, on the Midterm II page . This includes your room allocation midterm instructions, midterm coverage format and scope, and the list of definitions and learning standards covered in the exam.",event,,,ORU260 Midterm II,2024-11-12 09:00,2024-11-12 11:00,R0447,351,ID-B490C22981C33260,1,train,reviewed_real,,,The sentence-length extraction is replaced with the exam name.
ORU260I7 ID-B6D7517DA6BB21EA: Linear Algebra,Weekly Update Wush 64,Joy Booker Pena,45607.20416666667,Special Office Hours: We have a combination of online and in-person extra office hours tomorrow from ID-363E39C00CB8C1B2 to 9 pm to help you prepare for the midterm .,event,,,Pre-Midterm Office Hours,2024-11-12 10:00,2024-11-12 21:00,R0448,352,ID-B490C22981C33260,1,train,reviewed_real,,,The row contains a pre-midterm office-hours interval and a separate Homework 4 deadline. [2026-07-11 re-audit] The Venue-1C8DA09F18-local November 11 post says the office hours are tomorrow.
ORU260I7 ID-B6D7517DA6BB21EA: Linear Algebra,Weekly Update Wush 64,Joy Booker Pena,45607.20416666667,Homework 4: Your HW4 is up and is set to due on Nov ID-8D731F20CBF4FF95.,deadline,,,Homework 4,,2024-11-17 23:59 (time inferred),R0449,352,ID-B490C22981C33260,2,train,reviewed_real,,,The row contains a pre-midterm office-hours interval and a separate Homework 4 deadline.
ORU260I7 ID-B6D7517DA6BB21EA: Linear Algebra,Weekly Update Wush 64,Joy Booker Pena,45607.20416666667,"We will keep the due date on the ID-8D731F20CBF4FF95 to stay with the course schedule, however we will accept late submissions with no penalty until November ID-09BCCD6E962611C3 .",deadline,,,Homework 4 Penalty-Free Submission,,2024-11-21 23:59 (time inferred),R0450,353,ID-B490C22981C33260,1,train,reviewed_real,,,The missing title is supplied for the stated late-submission grace deadline.
ORU260I7 ID-B6D7517DA6BB21EA: Linear Algebra,Weekly Update Wush 64,Joy Booker Pena,45607.20416666667,"WW7: Your WW7 exceptionally closes on Wednesday Nov ID-7583AE5B3BFD7D8A . Note that some of WW7 ID-493BD7E0444E440F are on basis and coordinates, which are covered on midterm II.
 Learning Standards Report: to help you prepare for the next midterm, contextualize your performance in the course, and your work on SBG components (tutorial, gateways and webwork) of the course we created a personalized learning standard report which was shared with you over Gradescope this week. The report contains a list of all the LSs that have been tested in ID-C8E535C1710C7D55, ID-4D001B65B5BA02BC and Gateway I and your performance on them in the course component (tutorial, gateways, and webwork or exam) they were tested in.",deadline,,,WW7,,2024-11-13 23:59 (time inferred),R0451,354,ID-B490C22981C33260,1,train,reviewed_real,,,The sentence is shortened to the deliverable name.
ORU260I7 ID-B6D7517DA6BB21EA: Linear Algebra,Weekly Update Wush 64,Joy Booker Pena,45607.20416666667,"See Weekly Update 9 for more information about how to use the LS report. If you notice a discrepancy with your own records based on your tutorial feedback or WW grades, please fill out this form to let us know: https://resource-0466f35ae0648e70.example.edu/pfb540afd/p3d90d280.
 Past week:
 You started your lectures on pre/post class reading 8: Orthogonal Decomposition. You have at least one lecture left on that week's material, which is scheduled for after your midterm.
 You worked on your tutorial worksheet and WW6 during your tutorial/practical. WW7 is due on Mrs 14. During Practicals, your wrote your Gateway II.
 Next Week:
 The pre-class reading 9 is up. You can find it under the Lecture Schedule page. To make room for the Midterm II review, there are only two PCE check-ins this week.
 ID-748ABA78CED8692C focuses on the week 9. Once ID-40F6DF75AFF58976 grades are out there will be a resubmission opportunity for ID-CB0C276A597698F1 in a single worksheet. Please be on the lookout for it.
 This week during practical you will have live MATLAB teaching sessions. You will learn the skills you need to tackle your HW5. HW5 is a MATLAB project.
During this week, you should be working on
 Midterm II Prep
 WW 7/8
 Finish HW4
 Finish MATLAB Onramp and Intro to Linear Algebra with MATLAB (Solving Systems of Linear Equations) and get ready for more MATLAB in practicals
~ORU260 Team",deadline,,,WW7,,2024-11-13 23:59 (time inferred),R0452,355,ID-B490C22981C33260,1,train,reviewed_real,,,"The Microsoft Form concerns an unrelated learning-report discrepancy, not the WW7 deadline, so it is removed from this item."
ORU260I7 ID-B6D7517DA6BB21EA: Linear Algebra,Weekly Update Week 8-9,Joy Booker Pena,45599.72222222222,"Dear ORU260 Students,
Hope you all had a great fall break! Here is our weekly update and information for our upcoming week. This weeks update is rather long. Please take time to read it through.
 Midterm II: Our midterm I is on Nov ID-CE36EE72F0C42525, 10 am wu 50 pm 9-11 am . Everything you need to know about the midterm can be found under the Exams module, on the Midterm II page. This includes midterm coverage format and scope, and the list of definitions and learning standards covered in the exam. Please read all the instructions carefully.
 Homework 2: Homework 2 is graded out vo 66 and published on Gradescope during the reading week. The following parts are graded
 Problem 1:
Problem 1.a, 1.b graded for final answer, and 1.c for the approach.
Problem 1.5 for correct use of notation and mathematical communication.
Problem 1.6 for mathematical concept and notation
Problem 1.7 for mathematical concepts
Problem 2:
Problem 2.ii and 2.iii for mathematical concept
Problem 2.iv and Problem 2.v for the set up and communication of ideas
 Please review your work, and the given feedback carefully. Compare your work with the posted solutions . You can find a possible solution on the Homework 2 page on Quercus . If you have any ID-493BD7E0444E440F, come see us in office hours.",event,,,ORU260 Midterm II,2024-11-12 09:00,2024-11-12 11:00,R0453,356,ID-2EBE654B18C8EA62,1,train,reviewed_real,,,The body retains corrected 9-11 a.m. text after an obsolete 10-12 interval; later logistics confirm the corrected interval.
ORU260I7 ID-B6D7517DA6BB21EA: Linear Algebra,Weekly Update Week 8-9,Joy Booker Pena,45599.72222222222,Regrade requests for this assignment are open from November 4 at 8:ID-7C1A780093BB626B until November 8 yp 55:59 PM.,event,,,Homework 2 Regrade Requests,2024-11-04 08:00,2024-11-08 23:59,R0454,357,ID-2EBE654B18C8EA62,1,train,reviewed_real,,,The body gives both a regrade-request deadline and a distinct Homework 3 deadline; the unrelated Form URL is removed. [2026-07-11 re-audit] The regrade request explicitly opens November 4 at 8 AM and closes November 8 yp 55:59 PM.
ORU260I7 ID-B6D7517DA6BB21EA: Linear Algebra,Weekly Update Week 8-9,Joy Booker Pena,45599.72222222222,Homework 3 is due on Nov 6th 11:59 pm and your Homework 4 will be up soon.,deadline,,,Homework 3,,2024-11-06 23:59,R0455,357,ID-2EBE654B18C8EA62,2,train,reviewed_real,,,The body gives both a regrade-request deadline and a distinct Homework 3 deadline; the unrelated Form URL is removed.
ORU260I7 ID-B6D7517DA6BB21EA: Linear Algebra,Weekly update-week 7,Joy Booker Pena,45586.07430555556,Your midterm I grades will be released on Gradescope Tuesday Oct ID-B33354ACB865E8E9 9 am.,notice,,,Midterm I Grades Release,2024-10-21 01:47,,R0456,358,ID-6E70692AA1D339E6,1,validation,reviewed_real,,,The body also supplies a separate regrade-request deadline. [2026-07-11 re-audit] Notice start_time set to Venue-1C8DA09F18 posted_at; end_time left blank per the user's rule.
ORU260I7 ID-B6D7517DA6BB21EA: Linear Algebra,Weekly update-week 7,Joy Booker Pena,45586.07430555556,The regrade request will open Oct ID-F76AEB0D2AB4544D 8:00 am morning and stay open until ID-ED63F4E2D9C9EACD 11:59 pm .,event,,,Midterm I Regrade Requests,2024-10-25 08:00,2024-10-30 23:59,R0457,358,ID-6E70692AA1D339E6,2,validation,reviewed_real,,,The body also supplies a separate regrade-request deadline. [2026-07-11 re-audit] The regrade request explicitly opens October 25 at 8 AM and closes October 30 yp 55:59 PM.
ORU260I7 ID-B6D7517DA6BB21EA: Linear Algebra,Weekly update-week 7,Joy Booker Pena,45586.07430555556,"This is different from not agreeing with the weight a rubric item. In other words, ""I deserve more marks"" is not an explanation and you should avoid using these four words in conjunction when making a regrade request. This ""explanation"" will be ignored.
 Marks are earned for demonstrating understanding, proper use of notation, and good writing. A correct statement surrounded by several incorrect statements will not receive marks .
 Graders are human and sometimes make mistakes. We have a regrade policy specifically to address these mistakes. Please use a polite, appropriate tome when requesting a regrade.
 In making a regrade request, your mark may increase, stay the same, or decrease.
 Your entire assessment may be regraded at our discretion.
 Past week:
 Note that the course weeks start on Tuesdays and end on Mondays. You all had at least two lectures on the material presented in pre/post class reading on subspaces, and basis, which corresponds to sections 3.1 and 3.2 of the textbook. The third lecture (if you hadn't; had it already) will be on Monday. Note that it is crucial that you make sure you know all the definitions of the new terms (kernel and image of a linear map, subspace, span, spanning set, linearly independent, and dependent, linear relation, trivial relation, and basis) you learned this week precisely, and have an example and a nonexample for each definition before you move forward. These new terminologies will become part of our usual discourse, and if you have a slight doubt about what they mean you will feel lost during the coming weeks. Please reach out to us over piazza or office hours or talk to your TAs in practicals and tutorials to clear any doubt about these new terms.
 You worked on your tutorial worksheet focused on determinant. You started Introduction to MATLAB during your practicals. Note that you will need to use MATLAB for your last assignment. Use the help of your practical TAs to master the material covered in Onramp and Linear Algebra modules 1 & 2. If your TUT or PRA is on Mondays, you will be working on this week material no Monday Oct ID-09BCCD6E962611C3.
 ID-E4325557CBBEC9E3 and ID-EF1BAFF7A0A440F9 grades are out. If there is a LS that was assigned to your group and you received feedback for and the group failed to demonstrate in ID-E4325557CBBEC9E3 you can resubmit, together with the same group that you originally submitted. Please read the resubmission instructions on the Tutorial page. The resubmission opportunity for ID-EF1BAFF7A0A440F9, ID-967E4492A01A2186 and ID-40F6DF75AFF58976 will be together when all three tutorials are completed.",not related,,,,,,R0458,359,ID-6E70692AA1D339E6,1,validation,reviewed_real,,,October 21 only describes ordinary Monday tutorial/practical participation and does not announce a new calendar item.
ORU260I7 ID-B6D7517DA6BB21EA: Linear Algebra,Weekly update-week 7,Joy Booker Pena,45586.07430555556,"TUT resubmission 1 is graded and published. Note that you only earn the LS you aimed for if you followed the resubmission instructions: submitted with your group, include a screenshot of your previous solution, and explain why your previous submission didn't adequately demonstrate your mastery of the LS and improved your previous work based on the feedback you received.
 Your HW3 was originally set to due on Nov 2nd. However.",not related,,,,,,R0459,360,ID-6E70692AA1D339E6,1,validation,reviewed_real,,,"November 2 is explicitly described as the original, superseded due date; the extension appears in the next row."
ORU260I7 ID-B6D7517DA6BB21EA: Linear Algebra,Weekly update-week 7,Joy Booker Pena,45586.07430555556,"some of you pointed out that this way you will not have access to office hours before the due date as we will not hold our regular office hours during the reading week. Therefore, we extend the due date to Nov 6th. Start your HW early. Homework ID-493BD7E0444E440F require some thinking and exploring. You can fid the HW ID-493BD7E0444E440F on Quercus. The Gradescope template will be up early next week.
 Next Week:
 The pre-class reading on dimension and coordinates are up. You can find it under the Lecture Schedule page.
 ID-40F6DF75AFF58976 focuses on the subspaces and their basis. You will start practicing for Gateway II by working on WW6 and Gateway Practice II. Similar to Gateway I, the Practice Gateway contains very similar ID-493BD7E0444E440F to the actual Gateway. It is longer (30 minutes ) and contains more ID-493BD7E0444E440F than the actual Gateway, which ux 37 minutes in length. WW6 builds on the material you need to know to succeed in the Gateway practice. You should practice as many times as it takes you to be able to confidently answer all the ID-493BD7E0444E440F before your Gateway exam. When you practice, please keep in mind that you can not use calculators during your Gateway exam. Note that Gateways are designed in a way that 1) all of you can get full marks given that you can practice as many times as you wish beforehand 2) all of you are prepared to move forward in the course as materials will build on one another, and falling behind will backfire 3) all of you get to sufficiently practice the skills that you will be assessed on in midterm II. So once the midterm II comes, you are already prepared.
During this week, you should be working on
 Tutorial 6/WW6
 Practice Gateway II
 HW3
~ORU260 Team",deadline,,,Homework 3,,2024-11-06 23:59 (time inferred),R0460,361,ID-6E70692AA1D339E6,1,validation,reviewed_real,,,The extended deadline is retained and given a concise title.
ORU260I7 ID-B6D7517DA6BB21EA: Linear Algebra,Today Office Hours,Joy Booker Pena,45581.842361111114,"Dear Students,
 I am running late for our 4-5 office hours. I will be there by 4:30 and will stay until 5:30.
 ~Joy",event,,,Delayed Office Hour,2024-10-16 16:30,2024-10-16 17:30,R0461,362,7145907373c059d3,1,train,reviewed_real,,,The instructor announces a same-day revised office-hour interval from 4:30 to 5:30.
ORU260I7 ID-B6D7517DA6BB21EA: Linear Algebra,Tutorials and Gradescope Submissions,Joy Booker Pena,45580.55,"Tutorial Groups: Your tutorial groups have been shuffled. Please check your new group under "" People "" on Quercus, and with the help of your TA, sit with them during the tutorial this week.
 If you choose to resubmit for ID-E4325557CBBEC9E3 (resubmission will open soon), you should still do so with your previous group—the same group you submitted ID-E4325557CBBEC9E3 with.
 Gradescope Submissions (HWs or TUTs): Up until now, if you submitted coursework (HW or TUT) that didn’t follow the instructions (e.g., didn’t use the template, missed a page, was in the wrong format, submitted as a single page, was blurry, missing an image, or groupmate names were missing, ...), we worked with you on a case-by-case basis to identify the issue and help you fix it. We believe that by now you’re familiar enough with Gradescope and experienced enough with the submission process. Moving forward, we will no longer accept work that is not submitted according to the instructions. Please ensure that your work (TUT and HW) is complete and that ALL pages of the template are submitted. For tutorials, be sure to include all your groupmates in the submission.
 During Tutorials: Some of you and some of your TAs have shared concerns that certain tutorial groups are not using the time in tutorial and resources as intended: some groups or individuals rush through ID-493BD7E0444E440F because they are focused on grades, leaving others without a chance to fully discuss or understand the material. The remainder of this post is meant to address that concern and remind you of the philosophy behind tutorials and their grading.
 Tutorials are designed to give you an opportunity to think about conceptual problems connected to the previous week’s readings and paves the path for what's coming next. By now, you’ve likely noticed that linear algebra continuously builds on prior concepts, and maintaining a solid understanding of past material helps you with what comes next. Even small gaps in your conceptual understanding can prevent you from keeping up with the course. Tutorials are structured to carefully and continuously patch any gaps and help you build a solid conceptual foundation for upcoming topics. They assume you’ve attended three lectures on the previous week's reading and reviewed the post-class material. You are asked to work in groups to practice explaining concepts, and the help of your TA will improve your mathematical communication skills.
 The grading structure is intentionally flexible and lenient so you can set aside grading concerns and focus on learning. Your tutorials are graded on Standards-Based Grading (SBG), with an opportunity for resubmission for all Learning Standards (LSs). Additionally, you can ccre 40% of the LSs without any grade penalty. For Development (Dev) ID-493BD7E0444E440F, your grade is based either on correctness or effort, measured by your use of the hints provided during the tutorial. This means that even if you're unsure how to approach a question, as long as your work shows you paid attention to the hints and thought about how they apply, you’ll receive the grade. Moreover, you can miss up kz 63% of them without penalty. In the past, the average tutorial grade has been about 95%. With the resubmission option, tutorials are structured so that everyone can achieve full marks through resubmissions. However, if you approach tutorials with the wrong mindset—rushing through the ID-493BD7E0444E440F without discussing them with your teammates—you’ll miss the opportunity to truly benefit from them.
 This week, as you begin working with a new group, it’s a good time to reflect on how you’ve used this weekly space so far and hit the restart button if needed.
 ~ORU260 Team",not related,,,,,,R0462,363,ID-A0B1188D16799AB8,1,train,reviewed_real,,,Reviewed; existing target fields retained.
ORU260I7 ID-B6D7517DA6BB21EA: Linear Algebra,Weekly Update-Week 6,Joy Booker Pena,45577.99652777778,ID-1809EC15912E5956 resubmission is tonight (Oct ID-CE36EE72F0C42525).,deadline,,,ID-1809EC15912E5956 Resubmission,,2024-10-12 23:59 (time inferred),R0463,364,ID-C77E79D50D1CBCA9,1,train,reviewed_real,,,Two distinct tutorial resubmission deadlines are stated.
ORU260I7 ID-B6D7517DA6BB21EA: Linear Algebra,Weekly Update-Week 6,Joy Booker Pena,45577.99652777778,ID-DE1F3F492170770F resubmission closes on Evl 70 th .,deadline,,,ID-DE1F3F492170770F Resubmission,,2024-10-14 23:59 (time inferred),R0464,364,ID-C77E79D50D1CBCA9,2,train,reviewed_real,,,Two distinct tutorial resubmission deadlines are stated.
ORU260I7 ID-B6D7517DA6BB21EA: Linear Algebra,Midterm I,Joy Booker Pena,45573.08611111111,"Dear ORU 260 Students,
 Our midterm is tomorrow, Oct 8th, 10 gs-41 pm. Please see the table below for your room assignments. You should attend the room you are assigned to . The rooms are based on the first two or three letters of your last name, in dictionary order.
Room Allocation:
 Room
 last name starting with
 JU 337
 Romero-Castro
 QT 750
 Hanson-Pitts
 JJ 061
 Stevens-Villegas
 XP 625
 Ross-Cooley
 EC 855
 Pacheco-Huffman
 DN 3767
 Navarro-Glover , Chapman , Leonard, Molina
 QZ 318G
 Tapia-Peterson
 NO 063
 Keith-House (except for Molina)
 Before the Exam:
 Please read the exam instructions carefully.
 Plan your commute carefully to arrive early. Quietly line up at the door and wait for the invigilators to let you in.
 Once in the room do not talk. Follow the instructions given by TAs to find a seat with ORU260 exam on it.
 Do not touch the exam. Leave the exam face down.
 Turn off your phone (and ALL other electronic devices) and put them in your backpack. Close all the zippers and place your backpack under your seat.
 On your desk, you need to have your pen, pencil eraser, and Tcard.
 Remain quiet and wait for the instruction. This may take a while. Be patient. Do not talk to anyone.
 During the Exam:
 We will start as close kg 10:10 am as we can.
 You may not leave the exam room within the first 30 minutes of the exam.
 If you have a question raise one hand, and continue your work until a TA comes to your seat. Note that your TA will not answer any math ID-493BD7E0444E440F.
 When you are done, raise your hand and remain seated until a TA comes to your seat. DO NOT leave your seat until instructed.
 If you finish within the egij 74 minutes of the exam, you will be asked to remain seated until all students hand in their exam. That is, even if your exam is collected, you should still sit quietly and wait for the instructions.
 Good luck,
 ~ORU 260 Teaching Team.",event,"JU 337, QT 750, JJ 061, XP 625, EC 855, DN 3767, QZ 318G, NO 063",,ORU260 Midterm I,2024-10-08 10:00,2024-10-08 12:00,R0465,365,ID-797719BD1427461B,1,train,reviewed_real,,,The title is shortened; surname-specific rooms remain uncollapsed. [2026-07-11 re-audit] Restored the complete explicit Midterm I room allocation.
ORU260I7 ID-B6D7517DA6BB21EA: Linear Algebra,Weekly update-week 5,Joy Booker Pena,45572.05763888889,"Dear ORU260 students,
 Here comes our weekly update where we summarize the past week and give you a heads up of what is coming in the next week(s).
 Midterm I: Our midterm I is on October 8th, 10 gs-41 pm. Everything you need to know about the midterm can be found under the Exams module, on the Midterm I page . This includes your room allocation (TBA), midterm instructions, midterm coverage format and scope, and the list of definitions and learning standards covered in the exam. Please read all the instructions carefully.
 Past week:
 You had three lectures on the material presented in pre/post class reading on Composition and Inverse.. You submitted your tutorial. If you have any issues with your Gradescope account, please contact our Gradescope TA: user_21b9d28082aa@example.edu . Your tutorial 1 & 2 are graded and the feedback is released. You can find the solution to tutorials on our Tutorial page. During your practical, you wrote Gateway Exam I. Your feedback to ID-1809EC15912E5956 &2 are released. Your HW1 is graded, however while checking the grades we found some inconsistency and decided to recheck the grading before sharing them with you. The solution to HW1 is available on the homework page.
 How to read your tutorial feedback:
Tutorials are graded in SBG. You will not receive any grade. The feedback you get in Gradescope tells you whether or not your work met the LSs associated with each question you submitted. There is no grade attached to your feedback. Gradescope shows you a numerical value (which is zero for everyone for ID-1809EC15912E5956, regardless of whether or not you successfully demonstrated the LS). You can ignore that number.
On the right side of the Gradescope page, look under the SBG# of the question assigned to you.",event,,,ORU260 Midterm I,2024-10-08 10:00,2024-10-08 12:00,R0466,366,ID-E687A113BA192AFB,1,train,reviewed_real,,,The full sentence is replaced with the exam name.
ORU260I7 ID-B6D7517DA6BB21EA: Linear Algebra,Weekly update-week 5,Joy Booker Pena,45572.05763888889,The ID-1809EC15912E5956 resubmission is due October 12 yp 55:59 PM.,deadline,,,ID-1809EC15912E5956 Resubmission,,2024-10-12 23:59,R0467,367,ID-E687A113BA192AFB,1,train,reviewed_real,,,The sentence contains separate ID-1809EC15912E5956 and ID-DE1F3F492170770F resubmission deadlines. [2026-07-11 re-audit] Restored item-specific source context and removed multi-item target ambiguity.
ORU260I7 ID-B6D7517DA6BB21EA: Linear Algebra,Weekly update-week 5,Joy Booker Pena,45572.05763888889,The ID-DE1F3F492170770F resubmission is due October 14 yp 55:50 PM.,deadline,,,ID-DE1F3F492170770F Resubmission,,2024-10-14 23:50,R0468,367,ID-E687A113BA192AFB,2,train,reviewed_real,,,The sentence contains separate ID-1809EC15912E5956 and ID-DE1F3F492170770F resubmission deadlines. [2026-07-11 re-audit] Restored item-specific source context and removed multi-item target ambiguity.
ORU260I7 ID-B6D7517DA6BB21EA: Linear Algebra,Weekly update-week 5,Joy Booker Pena,45572.05763888889,"Please read the tutorial page for detailed instructions on resubmission. You will not get to resubmit Dev ID-493BD7E0444E440F.
 Next Week:
 The pre-class reading 5 is up. You can find it under the Lecture Schedule page. There is NO PCE Check-ins due on Monday . Study for midterm!
PCE Check-in Part I&II which covers Introduce and Solidify is due on Wednesday morning for the entire course (regardless of your lecture time and day). PCE Check-in Part III is due as usual.
 ID-EF1BAFF7A0A440F9 focuses on the material of last week (inverses of LTs). Please make sure that you submit your work within 10 minutes of the end of your tutorial session.
 You will work on your WW4 during practicals. WW4 focuses on inverses and determinant.
 During this week, you should be working on
 Midterm I
 Tutorial 4/WW4
 ID-1809EC15912E5956 & 2 resubmission
~ORU260 Team",deadline,,,PCE Check-In Parts I and II,,2024-10-09 11:59 (time inferred),R0469,368,ID-E687A113BA192AFB,1,train,reviewed_real,,,The existing TUT resubmission target is copied from the prior row and unsupported here; this body instead sets a Wednesday-morning PCE deadline.
ORU260I7 ID-B6D7517DA6BB21EA: Linear Algebra,Weekly update-week 4,Joy Booker Pena,45564.990277777775,"Dear ORU260 students,
 Here comes our weekly update where we summarize the past week and give you a heads up of what is coming in the next week(s).
 Past week:
 You had three lectures on the material presented in pre/post class reading: Introduction to linear transformations.
 You submitted your ID-DE1F3F492170770F. If you have any issues with your Gradescope account, please contact our Gradescope TA: user_21b9d28082aa@example.edu .
 During your practical, you worked on Practice Gateway. In particular, you saw how to log-in to the Gateway exam via the username and password provided, how to enter your answers and get your exam graded.
 Next Week:
 The next pre and post class reading is up. You can find it under the Lecture Schedule page.
 ID-E4325557CBBEC9E3 focuses on the material of last week. Please make sure that you submit your work within 10 minutes of the end of your tutorial session. Your tutorial 1 is being graded and we are aiming to release the feedback by the end of this coming week. You can find the solution to tutorials on our Tutorial page.
 How to read your tutorial feedback:
Tutorials are graded in SBG. You will not receive any grade. The feedback you get in Gradescope tells you whether or not your work met the LSs associated with each question you submitted. On the right side of the Gradescope page, look under the SBG# of the question assigned to you. You will see all the standards you had the opportunity to demonstrate. If the standard is checked, that means your work demonstrated your mastery in that standard, If it is not checked, you didn't show mastery in that LS. You may also see specific feedback that tells you why you didn't receive a LS. If there is a LS that fails to demonstrate, then you (together with you group) should resubmit that question. Read the resubmission instructions on the tutorial page. For the Dev question, the feedback tells you if your work is satisfactory or not. If you didn't get satisfactory feedback, make sure to try the question again on your own. You will not get to resubmit Dev ID-493BD7E0444E440F.
 Your WW3 is up. We will not work on the WW in tutorials. You should set aside some time outside of your practical schedule to work on WW3. Please ask your ID-493BD7E0444E440F on piazza or in office hours.
 Your Homework 2 is up . Given that you have two busy weeks ahead with LOA533 and ORU260 midterm and that the HW2 was posted later that expected, we change due date is changed from Oct 5th to Oct ID-CE36EE72F0C42525 , so that you have enough time to work on the HW ID-493BD7E0444E440F.",deadline,,,Homework 2,,2024-10-12 23:59 (time inferred),R0470,369,ID-368839B58491BF9F,1,train,reviewed_real,,,October 5 is the old date; the body explicitly extends Homework 2 to October 12.
ORU260I7 ID-B6D7517DA6BB21EA: Linear Algebra,Weekly update-week 4,Joy Booker Pena,45564.990277777775,Please start early . HW ID-493BD7E0444E440F take time to digest.,not related,,,,,,R0471,370,ID-368839B58491BF9F,1,train,reviewed_real,,,This continuation only advises students to start early and contains no date or deadline.
ORU260I7 ID-B6D7517DA6BB21EA: Linear Algebra,Weekly update-week 4,Joy Booker Pena,45564.990277777775,"HW1 is being graded and we are aiming to share the result with you before midterm.
 Midterm: Your midterm I is on Oct 8th 10 al- 86-pm.",event,,,ORU260 Midterm I,2024-10-08 10:00,2024-10-08 12:00,R0472,371,ID-368839B58491BF9F,1,train,reviewed_real,,,"Both exam endpoints are explicit, so this is an event rather than a start-only notice."
ORU260I7 ID-B6D7517DA6BB21EA: Linear Algebra,Weekly update-week 4,Joy Booker Pena,45564.990277777775,"You will receive instructions on the Midterm page by Tuesday, Oct 1st .
 Gateway Exam: You will write you Gateway I during your practical this week. Gateway I covers the following LSs from chapter 1:
 LS1: I can perform row reduction on any matrix and reduce it to REF and RREF [in 2 ID-493BD7E0444E440F]
LS3: Given an augmented matrix of a linear system I find the general solution to the system [In 4 ID-493BD7E0444E440F]
 LS5: Given the REF of an augmented matrix, I can determine the type of solution set the system has (no solution, a unique solution, infinitely many solutions). (Conceptual) [In 1 Question]
 No aids permitted (no calculators, no notes, no electronic devices.
The exam must be completed on an ECF computer
Access the Gateway Exam by using the proctoring username and password provided by your TAs
You have up ah 21 minutes per attempt
Your responses must be submitted and graded before the end of the practical
Be sure to click ""Connor Neal"" before fmd 60 minute timer elapses or before the end of the session
Use the ""Logan Neal"" button to preview and save a draft of your entered response.
Re-enter the same proctoring username and password to grade your responses
TAs are not permitted to answer ID-493BD7E0444E440F relating to Gateway Exam during an active attempt, but you may ask ID-493BD7E0444E440F before beginning the Gateway Exam or in between your first and second attempts.
Why are we doing the Gateway Test : Gateway covers Chapter 1: Solving Systems of Linear Equations. Solving a linear system is a basic skill you all should have. Not knowing how to solve a linear system in ID-B32B8FE7AD41555A is similar to not knowing how to add up numbers in school. We started working on this skill on reading 2, and continued in WW2 and tutorial 2. The rest of linear algebra heavily relies on the skill of being able to solve a system quickly and efficiently. Gateway is an opportunity for you to gain that skill. You will not have time to come back to this topic to learn it once the course moves forward. Please do all the ID-493BD7E0444E440F in practice Gateway by hand until you master it.
 ~ORU260 Team",notice,,,Midterm I Instructions Release,2024-09-29 23:46,,R0473,372,ID-368839B58491BF9F,1,train,reviewed_real,,,The scheduled instructions release is retained with a concise title. [2026-07-11 re-audit] Notice start_time set to Venue-1C8DA09F18 posted_at; end_time left blank per the user's rule.
ORU260I7 ID-B6D7517DA6BB21EA: Linear Algebra,Homework 1 submission,Joy Booker Pena,45557.04305555556,"Dear Students,
If you already attached all the ID-CA6ABB09FD87F230 images to the Gradescope template, you can ignore this announcement.
 A few of you who chose to write the Homework 1 on paper expressed difficulty in attaching images (Geogebra sketches) to yoru homework. For that reason, we opened a submission page on Gradescope named Written Homework ID-C432688B93825EA2.
 Use this submission page to submit the figures and images you could not attach to your homework.
 ~ORU260 Team",not related,,,,,,R0474,373,ID-B9975DD309A1291E,1,train,reviewed_real,,,Reviewed; existing target fields retained.
ORU260I7 ID-B6D7517DA6BB21EA: Linear Algebra,Weekly update-week 3,Joy Booker Pena,45556.10833333333,Your WW1 is due on Monday 23.,deadline,,,WW1,,2024-09-23 23:59 (time inferred),R0475,374,ID-940D8B65D4E0B0D5,1,train,reviewed_real,,,The body contains distinct WW1 and Homework 1 deadlines.
ORU260I7 ID-B6D7517DA6BB21EA: Linear Algebra,Weekly update-week 3,Joy Booker Pena,45556.10833333333,HW1 is due on Gradescope on Sep ID-09BCCD6E962611C3 .,deadline,,,Homework 1,,2024-09-21 23:59 (time inferred),R0476,374,ID-940D8B65D4E0B0D5,2,train,reviewed_real,,,The body contains distinct WW1 and Homework 1 deadlines.
ORU260I7 ID-B6D7517DA6BB21EA: Linear Algebra,Weekly update-week 3,Joy Booker Pena,45556.10833333333,"Work on the resubmission should be done outside of your tutorial in your own time and with your tutorial group members. You should resubmit the same question you submitted before, include a screenshot of your previous solution, and explain why your previous submission didn't adequately demonstrate your mastery of the LS it was reviewed for. Then improve your previous work based on the feedback you received. Resubmission is an opportunity for you to reflect on your work and use the feedback you received. Simply solving the question again without making a connection to your own previous work, or commenting on your previous submission will not be accepted. You can not use the resubmission to submit a tutorial worksheet that you did not work on before because you were absent from the tutorial. You need to resubmit with at least one member of your group (the group with whom you submitted for this tutorial before). Individual resubmissions are not accepted. Only one resubmission per group is accepted. If we receive two resubmissions from the same group, we will ignore both.
 Practice Gateway test: During this coming week your practicals support your WW2 and Practice gateway exam. You can access the practice Gateway exam directly from the WebWork environment. You will write your Gateway test during your practical during the week of Sep ID-ED63F4E2D9C9EACD . Gateway is a timed and supervised test. No aids are permitted (no calculators, no notes) . You will zldl 73 minutes to take it in your practical, and you can take it twice. Only your highest grade is considered.
The best ross woodard sheppard patterson Gateway is to do ID-4E0BFCD6EF41C3D8 in WW2 and then to take the Practice Gateway on WeBWork this week and ask you ID-493BD7E0444E440F during your practicals or bring them to office hours. WW2 ID-493BD7E0444E440F build towards Gateway practice ID-493BD7E0444E440F. It is recommended that you do first six ID-493BD7E0444E440F on WW2 first before moving to Gateway practice. The last 5 ID-493BD7E0444E440F on WW2 could be done parallel to, or after Gateway practice. The Gateway exam covers a subset of LSs in Gateway practice, and the ID-493BD7E0444E440F are very similar to the ones in practice Gateway. Take the practice Gateway as many times as you need to master ALL of its ID-493BD7E0444E440F . During your practical this week, you will also practice how to log in and start the exam on the ECF computers. Your TAs are available on the piazza to answer to your ID-493BD7E0444E440F.
 Written Homework 2 will be up soon. Be on the lookout!
 We added more office hours. Check the office hours calendar and attend at least one office hour per week. Always check the calendar before going to an office hours.
 During this week, you should be working on
 Tutorial 2
 WW2
 Gateway Practice
 Written HW2
 Why are we doing the Gateway Test : Gateway covers Chapter 1: Solving Systems of Linear Equations. Solving a linear system is a basic skill you all should have. Not knowing how to solve a linear system in ID-B32B8FE7AD41555A is similar to not knowing how to add up numbers in school. We started working on this skill on ID-D9325EABAC0D176E, and continue during the coming lecture week, and tutorial 2. The rest of linear algebra heavily relies on the skill of being able to solve a system quickly and efficiently. Gateway is an opportunity for you to gain that skill during the next two weeks. You will not have time to come back to this topic to learn it once the course moves forward. Please do all the ID-493BD7E0444E440F by hand, unless the question invites you to use a calculator.
 ORU260 Teaching Team",notice,,,Gateway I,2024-09-21 02:36,,R0477,375,ID-940D8B65D4E0B0D5,1,train,reviewed_real,,,The truncated sentence is replaced with the exam name. [2026-07-11 re-audit] Notice start_time set to Venue-1C8DA09F18 posted_at; end_time left blank per the user's rule.
ORU260I7 ID-B6D7517DA6BB21EA: Linear Algebra,Weekly ID-690B0D7D27840D42,Joy Booker Pena,45549.805555555555,WW0 is due on ID-12C435331B4E872F 11:00 pm.,deadline,,,WeBWorK 0,,2024-09-16 23:00,R0478,376,ID-761CB329E2EBAE00,1,train,reviewed_real,,,The row includes a WeBWorK deadline and a distinct tutorial-start notice.
ORU260I7 ID-B6D7517DA6BB21EA: Linear Algebra,Weekly ID-690B0D7D27840D42,Joy Booker Pena,45549.805555555555,"WW0 is due on ID-12C435331B4E872F 11:00 pm.
During tutorials, you will be working on tutorial worksheets, together with your assigned group members.",notice,,,ORU260 Tutorials Begin,2024-09-14 19:20,,R0479,376,ID-761CB329E2EBAE00,2,train,reviewed_real,,,The row includes a WeBWorK deadline and a distinct tutorial-start notice. [2026-07-11 re-audit] Notice start_time set to Venue-1C8DA09F18 posted_at; end_time left blank per the user's rule.
ORU260I7 ID-B6D7517DA6BB21EA: Linear Algebra,Weekly ID-650AB9E0FEE2525F,Joy Booker Pena,45542.12291666667,All instructors start having drop-in hours (office hours) next week.,notice,,,ORU260 Office Hours Begin,2024-09-07 02:57,,R0480,377,ID-91A868D9728FCC18,1,test,reviewed_real,,,The row gives two course-component starts and a separate WeBWorK deadline. [2026-07-11 re-audit] Notice start_time set to Venue-1C8DA09F18 posted_at; end_time left blank per the user's rule.
ORU260I7 ID-B6D7517DA6BB21EA: Linear Algebra,Weekly ID-650AB9E0FEE2525F,Joy Booker Pena,45542.12291666667,Your practicals will start next week.,notice,,,ORU260 Practicals Begin,2024-09-07 02:57,,R0481,377,ID-91A868D9728FCC18,2,test,reviewed_real,,,The row gives two course-component starts and a separate WeBWorK deadline. [2026-07-11 re-audit] Notice start_time set to Venue-1C8DA09F18 posted_at; end_time left blank per the user's rule.
ORU260I7 ID-B6D7517DA6BB21EA: Linear Algebra,Weekly ID-650AB9E0FEE2525F,Joy Booker Pena,45542.12291666667,"WeBWorK 0 is due Monday, Sep ID-12C435331B4E872F, 11:00 pm.",deadline,,,WeBWorK 0,,2024-09-16 23:00,R0482,377,ID-91A868D9728FCC18,3,test,reviewed_real,,,The row gives two course-component starts and a separate WeBWorK deadline.
ORU260I7 ID-B6D7517DA6BB21EA: Linear Algebra,Weekly ID-650AB9E0FEE2525F,Joy Booker Pena,45542.12291666667,"You should start working on it as soon as it is posted. The written homework 1 is due on Wxd 49, 11:00 pm.
 ORU260 Teaching Team",deadline,,,Written Homework 1,,2024-09-21 23:00,R0483,378,ID-91A868D9728FCC18,1,test,reviewed_real,,,The full sentence is shortened to the deliverable name.
ORU260I7 ID-B6D7517DA6BB21EA: Linear Algebra,Welcome to ORU260,Joy Booker Pena,45538.67291666667,"Dear First Year Engineering Students,
 We hope your U of T Engineering experience is off to a great start so far. We would like to w elcome you to ORU260 Linear Algebra! We are excited to see you and work with you this fall.
 Here is how to get yourself oriented in this course:
 Please check our Start Here Module .
 Please make sure to read the Syllabus before your first lecture. The syllabus contains the structure of the course and various course policies.
 Lecture Schedule module is open, This is where you will find your first pre class reading and Adam.
 We ask you to take this Entry Survey before the end of the week. This survey help us to get to know you and your mathematical learning habits.
 Year after year it is our overarching goal to improve the course experience for all our students. By studying course evaluations, student survey results and more. We require your permission to analyze your survey results. Please read more about this project here , and fill in this form.
 Welcome again! We are very much looking forward to see you all!
 ORU260 Teaching Team",deadline,,,ORU260 Entry Survey,,2024-09-08 23:59 (time inferred),R0484,379,ID-4F4CE8297C0E05CD,1,train,reviewed_real,,,The welcome message asks students to complete the Entry Survey before the end of that week.
ABU779I7 S WMR6103 20261:Differential Equations,Final Exam,Guy Allison,46127.99722222222,"Hello everyone,
 As a reminder, your final exam for this course will take place next week on April 25. Please check the official exam schedule for the exact time and location.
 The exam is worth 40% of your final grade (or more if you have an approved petition). It will tx 654 minutes long and follow a similar structure to the quizzes, though approximately 2.5 times longer. The exam will be marked out xe 49 points (compared gh 94 for each Adam). The cover page and formula sheet have been posted—we strongly encourage you to review these and familiarize yourself with the exam policies in advance.
 The exam will cover all six practice problem sets, with roughly equal weighting. We have highlighted key “focus problems” in each set to help guide your studying. The quizzes from throughout the semester are also valuable study resources. Some exam ID-493BD7E0444E440F may be drawn directly from the practice problems or quizzes, possibly with minor modifications. In addition, be sure to review the textbook and lecture notes to strengthen your understanding of the underlying concepts, especially for the conceptual short answer ID-493BD7E0444E440F.
 All term work has now been graded. If you have not received grades for all quizzes and all visualization assignments, please email your instructor as soon as possible. You can calculate your current term mark using the formula provided in the syllabus.
 Finally, we will be holding several drop-in office hours next week leading up to the exam. The full schedule will be posted by Friday at the latest.
 Best,
Kurt",notice,,,ABU779 Final Exam,2026-04-15 23:56,,R0485,380,ID-AE32AE88040F3FAE,1,train,reviewed_real,,,"The date-only final-exam notice is valid, but the sentence is shortened. [2026-07-11 re-audit] Notice start_time set to Venue-1C8DA09F18 posted_at; end_time left blank per the user's rule."
ABU779I7 S WMR6103 20261:Differential Equations,Activity 5 Released,Grace Hobbs Price,46110.177777777775,"Hi everyone,
 Activity 5 is now published on Gradescope and you should complete it by April 6th, 11:59 PM. If you see that the codes give you errors when running them, that is because some of the characters such as "" * "" is not properly shown on Gradescope. so please refer to the codes given in the tutorial or try to debug the codes.
 Thank you.
 Grace",deadline,,,Activity 5,,2026-04-06 23:59,R0486,381,cf1ed26659381673,1,validation,reviewed_real,,,Activity 5 has an explicit April 6 yp 55:59 p.m. deadline.
ABU779I7 S WMR6103 20261:Differential Equations,Activity 4 released,Grace Hobbs Price,46093.066666666666,"Hi everyone,
 Activity 4 is now published on Gradescope and you should complete it by March ID-12184E3ED5172D0D 11:59 PM. If you see that the codes give you errors when running them, that is because some of the characters such as "" * "" is not properly shown on Gradescope. so please refer to the codes given in the tutorial or try to debug the codes.
 Thank you.
 Grace",deadline,,,Activity 4,,2026-03-23 23:59,R0487,382,ID-3E8CB5F48D07BFC4,1,train,reviewed_real,,,Activity 4 has an explicit March 23 yp 55:59 p.m. deadline.
ABU779I7 S WMR6103 20261:Differential Equations,Volunteer Notetaker,Guy Allison,46099.76180555556,"Hello everyone,
 Accessibility Services is recruiting a Volunteer Notetaker for this class. Please sign up today if you are interested in supporting a fellow classmate by sharing your notes. For more details, please see the following link .
 Kurt",not related,,,,,,R0488,383,c1501865363a3588,1,train,reviewed_real,,,Reviewed; existing target fields retained.
ABU779I7 S WMR6103 20261:Differential Equations,Activity 3 Released,Grace Hobbs Price,46081.979166666664,"Hi everyone,
 Activity 3 is now published on Gradescope and you should complete it by March 9th 11:59 PM. If you see that the codes give you errors when running them, that is because some of the characters such as "" * "" is not properly shown on Gradescope. so please refer to the codes given in the tutorial or try to debug the codes.
 Thank you.
 Grace",deadline,,,Activity 3,,2026-03-09 23:59,R0489,384,ID-F543DBFC53E10D61,1,train,reviewed_real,,,Activity 3 has an explicit March 9 yp 55:59 p.m. deadline.
ABU779I7 S WMR6103 20261:Differential Equations,Adam 3 Formula Sheet,Guy Allison,46084.79305555556,"Hello everyone,
 For Adam 3, we will provide a formula sheet separate from the Adam booklet. This sheet is now posted under the "" Adam materials "" page for your reference.
 Caleb",not related,,,,,,R0490,385,ID-BC968EEC6C0F5112,1,train,reviewed_real,,,Reviewed; existing target fields retained.
ABU779I7 S WMR6103 20261:Differential Equations,Adam 3 Content Update,Vincent Mann,46084.22152777778,"Hi all,
 Due to the pace of the course and the amount of content on Adam 3, power series methods will NOT be covered on Adam 3. Adam 3 will only cover the Laplace transform.",not related,,,,,,R0491,386,ID-BA88915E983C0F15,1,validation,reviewed_real,,,Reviewed; existing target fields retained.
ABU779I7 S WMR6103 20261:Differential Equations,PSR 7521 Cancelled Tomorrow,Guy Allison,46064.825,"Hello everyone,
 Just a reminder that there will be no lecture tomorrow (Feb ID-CE36EE72F0C42525) for section 0102. I will post a lecture recording over reading week for the content.
 Caleb",notice,,,Section 0102 Lecture Cancelled,2026-02-11 19:48,,R0492,387,ID-CEDB842FD7106BE6,1,train,reviewed_real,,,The cancellation is retained with a concise title. [2026-07-11 re-audit] Notice start_time set to Venue-1C8DA09F18 posted_at; end_time left blank per the user's rule.
ABU779I7 S WMR6103 20261:Differential Equations,Activity 2,Grace Hobbs Price,46054.186111111114,"Hi everyone,
Activity 2 is now published on Gradescope and you should complete it by February 9th 11:59 PM. If you see that the codes give you errors when running them, that is because some of the characters such as "" * "" is not properly shown on Gradescope. so please refer to the codes given in the tutorials or try to debug the codes.
Thank you.
Grace",deadline,,,Activity 2,,2026-02-09 23:59,R0493,388,ID-FB1D957DAD2EDA9F,1,train,reviewed_real,,,Activity 2 has an explicit February 9 yp 55:59 p.m. deadline.
ABU779I7 S WMR6103 20261:Differential Equations,Office hours rescheduled to tomorrow,Guy Allison,46055.711805555555,I will be cancelling today's office hour.,notice,,,Office Hours Cancelled,2026-02-02 17:05,,R0494,389,ID-FB8571112391179E,1,train,reviewed_real,,,"The message cancels that day's office hour and separately reschedules it to the following day, with the clock time still pending. [2026-07-11 re-audit] Restored item-specific source context and removed multi-item target ambiguity. Notice start_time set to Venue-1C8DA09F18 posted_at; end_time left blank per the user's rule."
ABU779I7 S WMR6103 20261:Differential Equations,Office hours rescheduled to tomorrow,Guy Allison,46055.711805555555,I am rescheduling the office hour to tomorrow. The exact time and room will be posted on the office-hours schedule page once available.,notice,,,Office Hours Rescheduled,2026-02-02 17:05,,R0495,389,ID-FB8571112391179E,2,train,reviewed_real,,,"The message cancels that day's office hour and separately reschedules it to the following day, with the clock time still pending. [2026-07-11 re-audit] Restored item-specific source context and removed multi-item target ambiguity. Notice start_time set to Venue-1C8DA09F18 posted_at; end_time left blank per the user's rule."
ABU779I7 S WMR6103 20261:Differential Equations,WMR6103 online on Monday (Jan ID-B6AA70C17DA6A08F),Guy Allison,46048.07847222222,"Hello everyone,
 Due to the severe winter storm affecting Venue-1C8DA09F18 today, tomorrow’s ID-363E39C00CB8C1B2 lecture will be held online via Zoom (link below).
 While the ID-B32B8FE7AD41555A has not announced an official closure at this time, the City of Venue-1C8DA09F18 and the TTC have advised residents to expect hazardous travel and transit conditions Monday morning , and TDSB has announced school closures across the city due to the storm. Taken together, it seems safer to move the lecture online, even if the ID-B32B8FE7AD41555A stays open.”
 If the ID-B32B8FE7AD41555A does remain open, our usual lecture room will be available should you need a place to attend the zoom lecture from campus.
 Please stay safe, and I’ll see you online tomorrow.
 Caleb
 Topic: ABU 779 - WMR6103 - Hpk 80
 Time: Hpk 80, 2026 10:00 AM America/Venue-1C8DA09F18
 Join Zoom Meeting
 https://resource-71f6033dd305720c.example.edu/p3f8bd90e/p11d81358
 Meeting ID: 300 8259 7221",notice,Zoom,https://resource-71f6033dd305720c.example.edu/p3f8bd90e/p11d81358,Section 0102 Online Lecture,2026-01-26 01:53,,R0496,390,ID-14E820B41E2D77BB,1,train,reviewed_real,,,The body explicitly moves the January 26 lecture online bt 47 d.m.; no end time is stated. [2026-07-11 re-audit] Notice start_time set to Venue-1C8DA09F18 posted_at; end_time left blank per the user's rule.
ABU779I7 S WMR6103 20261:Differential Equations,Gradescope Access Problem.,Grace Hobbs Price,46044.720138888886,"Hi everyone,
You may have noticed the problem with accessing to Gradescope. I wanted to let you know that you will be added to Gradescope by the end of the day and will receive a confirmation email.
Have a grade day.
Best,
Grace",not related,,,,,,R0497,391,ID-6B27705AECE1383E,1,train,reviewed_real,,,Reviewed; existing target fields retained.
ABU779I7 S WMR6103 20261:Differential Equations,Adam format and policies,Guy Allison,46042.76736111111,"Hello everyone,
 This is a reminder that the first Adam is tomorrow . Please check the “ Adam Materials ” page for details on the location and timing.
 The Adam will za 74 minutes long and will consist of the following:
 2–3 short-answer conceptual ID-493BD7E0444E440F: These ID-493BD7E0444E440F require understanding the basic theory, definitions, and fundamental ideas. The best ross woodard nielsen christian to read the textbook and lecture notes carefully, focusing on the underlying concepts, motivations, and overall narrative.
 2–3 straightforward computational ID-493BD7E0444E440F: These will be similar to the first few ID-493BD7E0444E440F in your practice problems. The best priscilla christian woodard fritz through the practice problems thoroughly.
 1 application/modeling question: This will be similar to the application and modeling ID-493BD7E0444E440F on your problem sets. If you feel you need additional practice beyond the provided problems, you can find more application problems in the textbook.
 I have posted two quizzes from EMB 222 that cover similar material and give you a sense of the Adam style and format. Please note, however, that tomorrow’s Adam will cover additional content beyond those in hlu 778 quizzes.
 Adam Policies
 Please bring your student ID .
 The Adam is Type A and does not allow any aids (e.g., calculators, cheat sheets, notes). You should memorize all formulas and equations directly relevant to the material covered in lecture.
 You must justify all answers . Marks will not be awarded for correct final answers without appropriate methodology and presentation. Partial marks may be awarded for partial solutions.
 Ideal solutions should be concise and address all critical points without unnecessary detail. Part of understanding the material is knowing which steps and ideas are essential.
 During the Adam
 Invigilators will not answer content-related ID-493BD7E0444E440F, including:
 Clarifying the meaning of a question or term
 Verifying whether your solution is correct or sufficiently detailed
 Checking for suspected mistakes or typos on the Adam itself
 If you believe a question contains an error, make a reasonable attempt to interpret its intent and answer accordingly. Any genuine issues will be handled during grading; no announcements or confirmations will be made during the Adam.
 Finally, please review and adhere to the ID-B32B8FE7AD41555A’s Academic Integrity policies , all of which apply fully to this quizzes.
 Good luck tomorrow.",notice,,,Adam 1,2026-01-20 18:25,,R0498,392,ID-0833855EE292C3B7,1,train,reviewed_real,,,"The Adam is explicitly scheduled for the next day, but its start time and room are only available on another page; the hallucinated location is removed. [2026-07-11 re-audit] Notice start_time set to Venue-1C8DA09F18 posted_at; end_time left blank per the user's rule."
ABU779I7 S WMR6103 20261:Differential Equations,Activity 1,Grace Hobbs Price,46039.71388888889,"As a part of your assignments, Activity 1 will be available on Gradescope from Wednesday, Tjl 86 at 6:00 PM; please complete it by Monday Hpk 80 11:59 PM.",event,Gradescope,,Activity 1 Availability,2026-01-21 18:00,2026-01-26 23:59,R0499,393,e69b6818778043d6,1,validation,reviewed_real,,,Activity 1 has a distinct availability time and submission deadline. [2026-07-11 re-audit] Merged the explicit availability start and due end into one event window.
ABU779I7 S WMR6103 20261:Differential Equations,Activity 1,Grace Hobbs Price,46039.71388888889,"Warm Steve,
Grace",not related,,,,,,R0501,394,e69b6818778043d6,1,validation,reviewed_real,,,This row contains only the message sign-off and no calendar information; the inherited January 26 notice is unsupported.
ABU779I7 S WMR6103 20261:Differential Equations,JPW9275 Snow Closure Update,Vincent Mann,46039.90347222222,"Hi all in JPW9275,
 Because of the campus closure and missing our lecture on Thursday, I wanted to provide some other resources to learn about what would have been Thursday's lecture topic: the matrix exponential. We will talk briefly about it on Monday, but we won't have enough time to go in as much depth as we would have on Thursday. As such, it will be even more crucial to do the reading and spend time reviewing the material on your own. If you read the textbook section thoroughly, you should be well-prepared. If you would prefer, there are also two videos I recommend for learning about the topic: the first is the ID-A7DB87A5D0DB39D7 video on the matrix exponential: https://resource-0cb376bd30229cd4.example.edu/pac826220?k1=783cafa0e4 , which has some very good basic explanations and visualizations, and the second is a more ID-30EEE8D2DFF7F393 lecture: https://resource-a4b5d52fc6f68981.example.edu/p36719a3f?k1=4cbc4426a7 . Neither of these is required viewing, but simply meant to help you keep up with the material since we will be a bit more rushed with the missing lecture.
 Vincent",not related,,"https://resource-0cb376bd30229cd4.example.edu/pac826220?k1=783cafa0e4
https://resource-a4b5d52fc6f68981.example.edu/p36719a3f?k1=4cbc4426a7",,,,R0502,395,ID-7D4DB7CB72E31DAC,1,test,reviewed_real,,,"JPW9275 is a section identifier, not an explicit room, building, address, or online platform; the recommended video links remain actionable."
ABU779I7 S WMR6103 20261:Differential Equations,Lecture 0102 moved online for today,Guy Allison,46037.49236111111,"Hello everyone,
 Due to the severe snowstorm and the difficulty commuting today, today’s lecture for section 0102 at ID-363E39C00CB8C1B2 will be held online via Zoom .
 If you are already on campus, you may use the regular lecture room to attend the online session.
 Please use the following Zoom link to join the lecture:
 Guy Allison is inviting you to a scheduled Zoom meeting.
 Topic: ABU 779 Lecture - Jan ID-E34952F4B899E0BE
 Time: Dqv 14, 2026 10:00 AM America/Venue-1C8DA09F18
 Join Zoom Meeting
 https://resource-2b9fec8dcec41897.example.edu/p6631d406/pdb5ba16e
 Meeting ID: 118 1088 5366
 Caleb",notice,Zoom,https://resource-2b9fec8dcec41897.example.edu/p6631d406/pdb5ba16e,Section 0102 Online Lecture,2026-01-15 11:49,,R0503,396,ID-4417D12332302B34,1,test,reviewed_real,,,The explicit 10 a.m. start replaces the erroneous all-day time; no end time is stated. [2026-07-11 re-audit] Notice start_time set to Venue-1C8DA09F18 posted_at; end_time left blank per the user's rule.
ABU779I7 S WMR6103 20261:Differential Equations,Caleb's Office hours,Guy Allison,46035.967361111114,"Hello everyone,
 I have updated the office hour schedule page with location and time of my office hours. I will be holding weekly office hours Monday evening ID-96C330ECECA41CAC in DM P687. Since I didn't hold any office hours this Monday, I will hold one additional office hour tomorrow (Jan ID-A6B380B33AAC8F9C) ID-4363EBD855889241.
 Depending on the number of student who show up for the office hours, we may add additional office hours going forward.
 Caleb",event,DM P687,,Additional Office Hour,2026-01-14 18:00,2026-01-14 19:00,R0504,397,ID-1553DD8AE02DE079,1,test,reviewed_real,,,"The one-off office hour is 6-7 p.m., not 6 a.m.-7 p.m.; the stated office-hour room is retained."
ABU779I7 S WMR6103 20261:Differential Equations,Tutorials and Adam 1,Guy Allison,46035.80416666667,"Hello everyone,
 Just a reminder that your first tutorial starts tomorrow. Please check the syllabus for room and timing details.
 Details for Adam 1 coverage and practise problem set 1 has also been released under the "" Adam "" module.
 Caleb",notice,,,First ABU779 Tutorial,2026-01-13 19:18,,R0505,398,ID-438F5BBF1570045F,1,train,reviewed_real,,,"The first tutorial is explicitly scheduled for the next day, while its clock time and room are external to the body. [2026-07-11 re-audit] Notice start_time set to Venue-1C8DA09F18 posted_at; end_time left blank per the user's rule."
MIE UG Info Hub,Renewable Energy Opportunities at the WindAid Institute in Peru,Elijah Ruiz,46149.65902777778,"WindAid Institute is a nonprofit focused on providing clean, reliable wind energy to rural communities in Peru.
 WindAid offers three key programs for students:
 Engineering Program : A 2- or ID-8C0149E75094047F hands-on experience in Peru, where students help build and install wind turbines in rural communities. No engineering background required.
 Wind/Bruce Technician Program : In just 2 weeks, participate in a fast-tracked program that teaches you how to build wind turbine parts and install a solar panel system in the field. No experience required. WindAid will train you every step of the way.
 Internships : Flexible, long-term opportunities in various fields like Accounting, Marketing, Engineering Management, and Nonprofit Management. These can be remote or in-person.
 Interested applicants can apply through this link: https://resource-deb0e7f9da0059a5.example.edu/pa83dce06
 About Windaid
 WindAid Institute, an American and Peruvian-based environmental non-profit and educational institution, has been at the forefront of small-scale wind energy development and design since 2006. Through our international community of interns and volunteers, we have constructed 50+ wind turbines in remote Peruvian communities where there is limited or no access to grid electricity. We engineer solutions to this problem by harnessing wind energy to provide a clean and reliable source of electricity. Our work transforms the lives of underserved populations by providing basic electricity for powering light and phone charging capabilities. Students and professionals come from all over the world to work together designing, building, and installing wind generators and their electronic systems in these communities.
 Website: http://resource-873612972cee19bc.example.edu",not related,,https://resource-deb0e7f9da0059a5.example.edu/pa83dce06,,,,R0506,399,ID-0AAD490F4E1331C2,1,validation,reviewed_real,,,"The application URL is actionable, while the general organization homepage is informational and is removed."
MIE UG Info Hub,Attention Industrial Engineering Students! Westhaven Club Executive Applications Open,Elijah Ruiz,46147.78680555556,"Westhaven Club has opened applications for executive positions for the upcoming 2T6–2T7 school year.
 The available positions are:
 Socials Director
Communications Director
Finance Director
Academic Director
Mentorship Director
Sports and Wellness Director
 Students can apply using the following link:
 https://resource-b7bca1849ba89f0c.example.edu/pbbb5eae6/p5cd9c042/p88929ab3/p68fdbb24/pcaf8b19a?k1=5978a9d819
 Thank you!",not related,,https://resource-b7bca1849ba89f0c.example.edu/pbbb5eae6/p5cd9c042/p88929ab3/p68fdbb24/pcaf8b19a?k1=5978a9d819,,,,R0507,400,ID-9DB88E1D5CB4BA08,1,test,reviewed_real,,,Reviewed; existing target fields retained.
MIE UG Info Hub,IMH612 is not an eligible elective for MIE students!,Elijah Ruiz,46139.62291666667,"Hello MIE students,
 We’ve noticed that a few of you are enrolled in IMH612 this summer.
 Although IMH612 is approved as a Complementary Studies (CS) elective, it is listed as an exclusion to KWO882 (or TBR799), which is a core course in your program. Courses are designated as exclusions when there is significant overlap in content, and students are not permitted to enroll in both.
 Therefore, IMH612 is not a suitable CS elective for you .
 What You Need to Do
 If you are enrolled in IMH612, please drop it and enroll in an approved CS or HSS elective instead.
 You can use Timetable Builder ( https://resource-04b0660516a6864b.example.edu ) to explore available options. Instructions are provided below.
 How to Find Approved CS and HSS Electives
 Visit Timetable Builder ( https://resource-04b0660516a6864b.example.edu ) and select:
 Faculty of Arts and Science
 Faculty of Applied Science & Engineering under Faculty / Division
 Choose the appropriate session.
 Under Step 2 , click “Show more filters.”
 In the “Breadth Requirements / Elective Categories” dropdown, select the appropriate elective category under Faculty of Applied Science & Engineering (Elective) and click Search.
 Note: CS elective results will be more extensive than HSS electives.
 (Optional) Apply additional filters to refine results by interest or schedule.
 To view only courses with available space, select “There is available space” under Waitlist and Availability Options .",not related,,https://resource-04b0660516a6864b.example.edu,,,,R0508,401,ID-EDC080FB6D5D1B9E,1,train,reviewed_real,,,"IMH612 is a course code, not an item location; the Timetable Builder remains an actionable URL."
MIE UG Info Hub,"ISTEP, Leadership Inside Out Summer Program",Elijah Ruiz,46135.59444444445,"Deadline to apply: Wednesday, Ojol 38, 2026.",deadline,,https://resource-2c323d195737f8c0.example.edu/pdd109457/pb368bbda,Leadership Inside Out Application,,2026-06-10 23:59 (time inferred),R0509,402,ID-50A614153B8F14E1,1,train,reviewed_real,,,The application deadline is accompanied by four distinct dated program sessions with explicit venues where available.
MIE UG Info Hub,"ISTEP, Leadership Inside Out Summer Program",Elijah Ruiz,46135.59444444445,"Friday Xaqw 19, 2026 - Uncovering Your Leadership: Owning Your Agency & Creativity in Nature @ Willowmere Park",notice,Willowmere Park,,Leadership Inside Out: Uncovering Your Leadership,2026-04-23 14:16,,R0510,402,ID-50A614153B8F14E1,2,train,reviewed_real,,,The application deadline is accompanied by four distinct dated program sessions with explicit venues where available. [2026-07-11 re-audit] Notice start_time set to Venue-1C8DA09F18 posted_at; end_time left blank per the user's rule.
MIE UG Info Hub,"ISTEP, Leadership Inside Out Summer Program",Elijah Ruiz,46135.59444444445,"Friday Akzb 44, 2026 - Exploring Sites of Change: Practicing Compelling Communication for Initiating Change @ site in Venue-1C8DA09F18",notice,,,Leadership Inside Out: Exploring Sites of Change,2026-04-23 14:16,,R0511,402,ID-50A614153B8F14E1,3,train,reviewed_real,,,The application deadline is accompanied by four distinct dated program sessions with explicit venues where available. [2026-07-11 re-audit] Notice start_time set to Venue-1C8DA09F18 posted_at; end_time left blank per the user's rule.
MIE UG Info Hub,"ISTEP, Leadership Inside Out Summer Program",Elijah Ruiz,46135.59444444445,"Friday Bhbj 77, 2026 - Understanding Collective Action: Experiencing the Complexities of Teamwork through Dragon Boating @ Oakridge Club (Venue-1C8DA09F18 Waterfront)",notice,Oakridge Club,,Leadership Inside Out: Understanding Collective Action,2026-04-23 14:16,,R0512,402,ID-50A614153B8F14E1,4,train,reviewed_real,,,The application deadline is accompanied by four distinct dated program sessions with explicit venues where available. [2026-07-11 re-audit] Notice start_time set to Venue-1C8DA09F18 posted_at; end_time left blank per the user's rule.
MIE UG Info Hub,"ISTEP, Leadership Inside Out Summer Program",Elijah Ruiz,46135.59444444445,"Friday Qbvy 99, 2026 - From Experience to Impact: Expanding Your Leadership Skills & Confidence @ UofT St.",notice,Silverwood Campus,,Leadership Inside Out: From Experience to Impact,2026-04-23 14:16,,R0513,402,ID-50A614153B8F14E1,5,train,reviewed_real,,,The application deadline is accompanied by four distinct dated program sessions with explicit venues where available. [2026-07-11 re-audit] Notice start_time set to Venue-1C8DA09F18 posted_at; end_time left blank per the user's rule.
MIE UG Info Hub,New Drop In Advising Hours for Second Year Students!,Frederick Jensen,46093.819444444445,"Hi second-year MIE students,
 Your Academic Advisor now has weekly drop‑in hours every Thursday from ID-E638499B82F279EC in AY555 . These drop‑ins are meant for quick ID-493BD7E0444E440F , such as:
 Course selection or enrollment help
 Prerequisite or degree requirement ID-493BD7E0444E440F
 Clarification about academic policies
 ID-493BD7E0444E440F about forms, deadlines, or procedures
 Short check‑ins if you're not sure who to talk to
 If you have a more complex situation (e.g., academic difficulties, petitions, long‑term planning), please book a an appointment in the Advising Portal .",not related,,,,,,R0514,403,ID-2C0D339CEA186742,1,train,reviewed_real,,,"The announcement gives an undated recurring weekly schedule that is not representable as a single calendar item, so AY555 should not remain as a standalone item location."
MIE UG Info Hub,Great News! You Can Now Book Advising Appointments Online!,Elijah Ruiz,46092.74166666667,"We’re excited to share some great news! Starting Monday March 16, students will be able to book advising appointments directly through the Advising Portal . This means it’s now easier and faster to connect with your advisor when you have ID-493BD7E0444E440F about your program, course planning, academic progress, or anything else related to your studies. Instead of waiting for someone to schedule an appointment for you, you can simply log in to the portal and choose a time that works best jean wagner odonnell.
 If you have any trouble booking an appointment or have ID-493BD7E0444E440F, please feel free to reach out to user_7e4bb1289f78@example.edu . We look forward to connecting with you soon.",notice,,,Advising Portal Booking Opens,2026-03-11 17:48,,R0515,404,ID-DABE5125F00D8B99,1,train,reviewed_real,,,The body explicitly states that direct advising appointment booking starts March 16. [2026-07-11 re-audit] Notice start_time set to Venue-1C8DA09F18 posted_at; end_time left blank per the user's rule.
MIE UG Info Hub,Attention Second-Year MEC Students! - New MEC Curriculum Infographic,Elijah Ruiz,46057.58263888889,"Attention Second-Year MEC Students!
 You may have heard about the proposed curriculum changes that are expected to be implemented in vdk 5431-2027 academic year. To support your planning, we’ve shared the proposed requirements under the new curriculum below.
 Please note that the curriculum renewal proposal has not yet been formally approved. However, we wanted to make you aware of the potential new requirements as you begin thinking ahead to your upper-year.
 As always, if you have ID-493BD7E0444E440F or would like help reviewing your options, feel free to reach out to the MIE Undergraduate Office.",not related,,,,,,R0516,405,bce7398416737ab8,1,test,reviewed_real,,,The phrase 'vdk 5431' is part of an academic-year reference and is not a location.
MIE UG Info Hub,Winter Career Fair - Add Your Resume to Resume Book,Elijah Ruiz,46050.60763888889,"Want companies to see your resume? Add your resume to our resume book!
 Adding your resume to our resume book will give a copy of your resume to all the companies at the Winter Career Fair!
 It also allows for easier outreach from companies to you in case you meet some of the criteria for their job openings.
 Link : https://resource-a23fa637d9740c9a.example.edu/pbed78fd1",not related,,https://resource-a23fa637d9740c9a.example.edu/pbed78fd1,,,,R0517,406,ID-EDDDCE3B73C09D8C,1,test,reviewed_real,,,Reviewed; existing target fields retained.
MIE UG Info Hub,Phishing SCAM emails from hacked https://resource-88b4bcb2e6a611ef.example.edu accounts,Elijah Ruiz,45980.881944444445,"Some students have reached out indicating that they have been receiving phishing emails. Please note that a ny communication sent from the ID-B32B8FE7AD41555A of Venue-1C8DA09F18 will never ask you to click on or send personal or financial information to an external login or email. Please read the following information below to better prepare yourself in case you receive a phishing email.
 What is phishing?
 Phishing is a form of social engineering used by cyber criminals to trick individuals into clicking a malicious link, downloading malware or sharing sensitive information. Generally, the messages are convincingly disguised as to appear legitimate.
 If you receive a suspicious email in your ID-B32B8FE7AD41555A of Venue-1C8DA09F18 inbox, please follow these steps:
 Do not interact. Do not click on links, download attachments, provide personal information or forward it to your contacts.
 Report the email by selecting the U of T Report Phishing button.
 If you are not using Outlook, forward the user_3f780fbae2fa@example.edu and then delete it from your inbox.
 If you already engaged with the sender or clicked on a link or attachment, user_546721fa7853@example.edu immediately for assistance.
 For more information on phishing emails and what steps you should take, please review the following link - https://resource-ab0fcf3a67f214a0.example.edu/p2125f82b
 Examples:",not related,,,,,,R0518,407,ID-65CF943E7D6809B9,1,validation,reviewed_real,,,The phishing article is informational background rather than an actionable calendar-item URL.
MIE UG Info Hub,Understanding Student Health Insurance,Elijah Ruiz,45978.90555555555,,not related,,,,,,R0519,408,ID-845129E946405C5B,1,validation,reviewed_real,,,Reviewed; existing target fields retained.
MIE UG Info Hub,VI91 – Group Work Space,Elijah Ruiz,45946.77569444444,"Dear MIE students,
 This notice is pertaining to VI91 (Northbridge Building). Please be reminded that VI91 is a shared work space .
 This is a friendly reminder that this workspace is intended for academic and course-related discussions. Please be mindful that it is not a space for socializing or casual conversations .
 Keeping the environment focused and respectful helps ensure that everyone can benefit from clear communication and timely support.
 Thank you for your cooperation and understanding!
 MIE Undergrad Office",not related,,,,,,R0520,409,ID-8444A4B577C0E78F,1,train,reviewed_real,,,Reviewed; existing target fields retained.
MIE UG Info Hub,U of T Guidelines for Laser Products under the RED Act (Radiation Emitting Devices Act),Elijah Ruiz,45939.75069444445,"The EHS has developed the Guidelines for Purchasing, Modifying and Transferring Laser Products to assist with upcoming updates to the Radiation Emitting Devices Act regulations (REDA/REDR) related to laser products leased, sold or imported into Canada, which come into force on October 9, 2025 . The guidelines are designed to inform our U of T researchers of the new requirements before purchasing laser products from Canadian (preferably) or international vendors.
 The guidelines are targeted at two main groups at the ID-B32B8FE7AD41555A:
 Laser permit holders - who already register their high-power lasers (class 3B and 4) with EHS
 Non-permitted laser owners/users - researchers, faculty, staff, students purchase lower class lasers (class 1 through 3R) for many different purposes, but are still subject to the updated REDA regulations
 Please inform your community, including researchers, student groups, and course instructors, especially where a design component is involved, as well as administrators responsible for purchasing and approval.
 Any items that would be purchased, changed or modified starting October 9 th , 2025, must meet the RED Act requirements.",notice,,,Updated RED Act Requirements Take Effect,2025-10-09 18:01,,R0521,410,ID-5E74B14B866D51E4,1,test,reviewed_real,,,The announcement gives the effective date for new laser-product regulatory requirements. [2026-07-11 re-audit] Notice start_time set to Venue-1C8DA09F18 posted_at; end_time left blank per the user's rule.
MIE UG Info Hub,Computer Lab Policy,Elijah Ruiz,45919.595138888886,"Dear MIE Students,
 Please respect the following computer lab policies – failure to comply will RESULT IN AN ACCOUNT SUSPENSION .
 First offence is an account lock for up to two weeks and a second offence could be two weeks to a month .
 NO FOOD OR DRINK ALLOWED IN THE LABS ; If you bring food or drink into the labs then it must stay inside your pack or jacket. Food or drink in a container is still a violation if it is visible. THIS INCLUDES WATER . Labs will be closed in the evenings and on weekends if problems persist.
 An ECF student account is to be used only for academic purposes by the student to whom it is issued. Students must NEVER give their login and password to anyone else.
 As resources are limited, using bandwidth or disk space for non-academic purposes (such as downloading and/or storing non-academic videos, movies, music, games or other software, etc.) is not permitted, and such files may be deleted from your ECF disk space by ECF staff without notice.
 Do not disconnect the power, network, mouse, keyboard, or monitor or other equipment from ECF computers.
 Never turn off the computers when you are done. This can damage the software on the disk.
 Users are also expected to comply with the ID-B32B8FE7AD41555A's Appropriate Use of Information and Communication Technology policy, which is posted here. Do not attempt to use ECF network resources to bypass restrictions or bandwidth limitations on residence or other networks.
 Problems with equipment in ECF labs such as jammed printers or broken mice/keyboards/optical drives should be reported to ECF STAFF by sending user_7e9aef8362f9@example.edu . In the E-mail try to be as specific as possible by identifying the equipment properly.
 Disruptive behaviour of any kind such as loud talking, shouting, playing of music or multi-player video games is not permitted. Game playing is limited to those single-player games supplied on the ECF systems (if any), and only when the lab is less than half full.
 MIE Undergraduate Office Team
 Department of Mechanical & Industrial Engineering
 Faculty of Applied Science & Engineering | ID-B32B8FE7AD41555A of Venue-1C8DA09F18
 9 Juniper Rd.| Venue-1C8DA09F18 | Ontario | G9Z 6V9 | Office: AY555
 user_c9bb08b25af4@example.edu | www.resource-1b26ce073340706d.example.edu
 Tel 988.292.3992 | Fax 331.879.1643",not related,,,,,,R0522,411,ID-C8CB7C93B1604DE9,1,train,reviewed_real,,,Reviewed; existing target fields retained.
HSG565I7 S All Sections 20251:Dynamics,Final Exam,Neil Walters,45789.61111111111,"Dear students,
 Please note that the final exam booklet are returned to you today and if you need to request a regrade you have to follow the procedure outlined here:
 Post-Exam Services - Current Engineering Undergraduates
 Have a wonderful Spring/Summer!
 Jacqueline. J",not related,,,,,,R0523,412,ID-F7A8D46A9725C371,1,validation,reviewed_real,,,Reviewed; existing target fields retained.
HSG565I7 S All Sections 20251:Dynamics,How was Lisa?,Neil Walters,45780.907638888886,"Dear students,
 As you know, we’ve introduced Lisa , your virtual course assistant, to help you get quick answers about the course material, labs, textbook etc.
 We’d love to hear what you think!
Your feedback will help us improve Lisa’s responses and features to better support your learning for future years and in other upper years courses.
 Please take 5 minutes to fill out this short survey:
 https://resource-3782940ef6d74078.example.edu/p2a615666/p15778773
 You may get another survey for Lisa in another course. Please fill this other survey too!
 Your input is valuable and much appreciated!
 Steve,
 Tiffany. J",not related,,https://resource-3782940ef6d74078.example.edu/p2a615666/p15778773,,,,R0524,413,ID-C4BB68FBF714C2BA,1,validation,reviewed_real,,,Reviewed; existing target fields retained.
HSG565I7 S All Sections 20251:Dynamics,Office Hours,Neil Walters,45775.82013888889,"Hi everyone,
 I will be hosting office hour session tomorrow (April 29) 2-3:30 pm at DY943G to answer any last minute ID-493BD7E0444E440F you might have preparing for the final exam.
 Jacqueline. J",event,DY943G,,Final Exam Office Hour,2025-04-29 14:00,2025-04-29 15:30,R0525,414,ID-DC398793B6F13CEC,1,train,reviewed_real,,,The explicit room is added and a concise title supplied.
HSG565I7 S All Sections 20251:Dynamics,Jacqueline. Fox Review & Help Sessions,Jasmine Fox,45768.760416666664,"The first review and help session will take place in TC I814 on Friday, April 25 hcuv 61 AM wu 50 PM.",event,TC I814,,Final Exam Review and Help Session,2025-04-25 10:00,2025-04-25 12:00,R0526,415,ID-8DA38F0FC265C4FD,1,train,reviewed_real,,,"The body lists two separate review sessions in the same room; the second is ID-D5CBFEF27F6109AB p.m., igl 11 a.m.-noon. [2026-07-11 re-audit] Restored item-specific source context and removed multi-item target ambiguity."
HSG565I7 S All Sections 20251:Dynamics,Jacqueline. Fox Review & Help Sessions,Jasmine Fox,45768.760416666664,"The second review and help session will take place in TC I814 on Tuesday, April 29 jihq 71 PM to 2 PM.",event,TC I814,,Final Exam Review and Help Session,2025-04-29 12:00,2025-04-29 14:00,R0527,415,ID-8DA38F0FC265C4FD,2,train,reviewed_real,,,"The body lists two separate review sessions in the same room; the second is ID-D5CBFEF27F6109AB p.m., igl 11 a.m.-noon. [2026-07-11 re-audit] Restored item-specific source context and removed multi-item target ambiguity."
HSG565I7 S All Sections 20251:Dynamics,Jacqueline. Fox Review & Help Sessions,Jasmine Fox,45768.760416666664,"I'll have some review slides for the first bit of the sessions (similar to what I presented in the last day of lecture, with a heavier emphasis on post-midterm content), and then I'll take up ID-493BD7E0444E440F/examples that folks are struggling with. I look forward to seeing some of you there.
 -Jacqueline. D",not related,,,,,,R0528,416,ID-8DA38F0FC265C4FD,1,train,reviewed_real,,,This continuation contains only a description of session content and no date or time; its inherited event target is unsupported.
HSG565I7 S All Sections 20251:Dynamics,Extra Gutierrez Lewis for HSG565: Tuesday April 29 in VW431,Misty Boyd,45767.79513888889,"HSG565: Professor Boyd will have Gutierrez Lewis on Tuesday April 29, 9:30 - 11:30 AM, in conference room VW 431 (Northbridge Building 101)",event,VW 431,,Professor Boyd Gutierrez Lewis,2025-04-29 09:30,2025-04-29 11:30,R0529,417,ID-52EF2D910C8724FD,1,train,reviewed_real,,,The complete event is retained and the missing title supplied.
HSG565I7 S All Sections 20251:Dynamics,Course Wrap Up,Neil Walters,45756.854166666664,"Hi everyone,
 As we wrap up the semester, I wanted to take a moment to say what a privilege it’s been to coordinate and teach sections of HSG565. I hope you also enjoyed the fascinating realm of dynamics and learned a lot along the way! From tackling Newton’s second law to exploring energy and momentum methods and vibrations, it’s been exciting to watch so many of you engage thoughtfully with the material, ask insightful ID-493BD7E0444E440F, and support each other along the way. I’m grateful for the opportunity to get to know many of you throughout the term, and I hope this course has not only strengthened your technical foundations but also sparked your curiosity to learn more.
 For those who couldn’t attend the FYO Exam Jam review session yesterday, I have uploaded the completed notes under my lecture notes module, in case you are interested in reviewing them.
 If you are interested in watching an educational vibration video, I'd encourage you to start with this one (part of which I showed in my sections): Understanding Vibration and Resonance
 A few notes regarding the final exam:
 - There will be 5 ID-493BD7E0444E440F, some of which might have multiple parts.
 - To prepare effectively, follow this order:
 Review lecture notes
 Revisit tutorials and assignments
 Practice with suggested problems, past exams, and textbook ID-493BD7E0444E440F Remember: the key is to solve as many practice problems as possible !
 We will try our best alec noble parks bennett piazza and also have some extra office hours, when we get closer to the date.
 Lastly, don’t forget—you can earn up to 1% bonus by helping your peers on Piazza until the day of the final exam.
 Good luck with your prep, and reach out if you need anything!
 Jacqueline J",not related,,,,,,R0530,418,ID-F3B661A22FC8759B,1,train,reviewed_real,,,Reviewed; existing target fields retained.
HSG565I7 S All Sections 20251:Dynamics,Midterm Regrade Requests,Neil Walters,45727.558333333334,"Hello everyone,
 As last night was the deadline to submit your midterm regrade requests, we are now processing them. While it is going to take some time to resolve all requests, I assure you we will answer all the emails.
 Thanks jean wagner perez.
 Jacqueline. J",not related,,,,,,R0531,419,ID-D7A061474C3967CE,1,train,reviewed_real,,,Reviewed; existing target fields retained.
HSG565I7 S All Sections 20251:Dynamics,HSG565 Virtual Teaching Assistant,Neil Walters,45727.55416666667,"Hello everyone,
 Yesterday, we had the opportunity to welcome the Alan builders team in our class in Section 1 and 5 to show us a demo of HSG565 virtual teaching assistant. If you want to use the platform, you can create an account in Login | Alan and then use the class code [TOKEN-dc6b747834b0] to get access.
 While I encourage you to try the virtual teaching assistant, please bear in mind that it uses GenAI and you need to be extra cautious about relying on answers and ALWAYS check the source of information. It is your responsibility to make sure the answer is correct by verifying the source or asking the instructors.
 Also as our virtual teaching assistant is learning, your feedback is very appreciated. You can send your feedback to me or to one of the Alan team builders.
 Best,
 Tiffany. J",not related,,,,,,R0532,420,ID-D8B1136F4A007BA3,1,train,reviewed_real,,,Reviewed; existing target fields retained.
HSG565I7 S All Sections 20251:Dynamics,Midterm Results,Neil Walters,45723.572222222225,"Hello everyone,
 Midterm grades are now available. The mean ep 69.7%! You can check your midterm through the link you'll receive in an email from Crowdmark. The solution is posted under the ""Rita' Trevino"" module for your reference.
 If you have any question about your grade or want to request a regrade, please send a detailed email with the booklet image to the following TAs by the end of Monday (March 10) 11:59 pm . Please make sure you also CC me ( user_4d853ea57e6d@example.edu ) as well:
 Nina ( user_831f5d69e046@example.edu ) for Q1.a, Q1,b, Q2.a
 Wendy ( user_8ec3bb6c2864@example.edu ) for Q2.b, Q3.a, Q3.b
 Devin ( user_374824820321@example.edu ) for Q4.a, Q4.b
 By now (after a Adam, midterm and submitting 5 assignments), you should have an idea of your overall performance in HSG565. If you think that you need extra help/guidance to succeed in this course, make sure you reach out to me or your academic advisor. We are here to help you :)
 Have a wonderful weekend,
 Jacqueline. J",deadline,,,Midterm Regrade Requests,,2025-03-10 23:59,R0533,421,ID-2DE8015B1C4884A9,1,test,reviewed_real,,,The body explicitly sets a March 10 yp 55:59 p.m. deadline for regrade emails.
HSG565I7 S All Sections 20251:Dynamics,Welcome back and don't forget about the midterm on Thursday!,Neil Walters,45712.54791666667,"Hi everyone,
 I hope you had a great reading week.
 I wanted to send a brief reminder about the midterm that will be held this Thursday.
 If you are solving the midterms from previous years, you might see some rigid body ID-493BD7E0444E440F, but please note that we are not covering rigid body in our midterm.
 Also, more sample problems has been posted for you under ""William Woodward"" module.
 If you have fundamental ID-493BD7E0444E440F about the concepts, make sure you attend the office hours.
 And last but not least, study in groups and solve as many problems as possible.
 Best keith whitaker estes thompson care!
 Jacqueline. J",notice,,,HSG565 Midterm,2025-02-24 13:09,,R0534,422,ID-6FB1E9F6D651F463,1,train,reviewed_real,,,"The announcement explicitly reminds students of the Thursday midterm, but gives no clock interval. [2026-07-11 re-audit] Notice start_time set to Venue-1C8DA09F18 posted_at; end_time left blank per the user's rule."
HSG565I7 S All Sections 20251:Dynamics,Office Hour Adjustments for January ID-9B510865B5EFA9F9 and February ID-A6B380B33AAC8F9C,Makayla Kidd,45688.06527777778,"Hello Everyone,
 Please note the following adjustments to my office hours:
 Friday, January ID-9B510865B5EFA9F9: Office hours will be held from 4:00 – 5:00 PM instead of the usual 2:00 – 3:00 PM .",event,,,Rescheduled Office Hour,2025-01-31 16:00,2025-01-31 17:00,R0535,423,ID-C3D5217117AB5D51,1,train,reviewed_real,,,The sentence-length title is replaced with a compact calendar title.
HSG565I7 S All Sections 20251:Dynamics,Office Hour Adjustments for January ID-9B510865B5EFA9F9 and February ID-A6B380B33AAC8F9C,Makayla Kidd,45688.06527777778,"Friday, February ID-A6B380B33AAC8F9C: I will not be available. Instead, office hours will be rescheduled to Thursday, February ID-0AA1600DC9D2CEC1, jihq 71:00 – 1:00 PM .
 These are the only exceptions to my regular office hours, which will otherwise continue to be held on Fridays from 2:00 – 3:00 PM .
 Cheers!
 Makayla",event,,,Rescheduled Office Hour,2025-02-13 12:00,2025-02-13 13:00,R0536,424,ID-C3D5217117AB5D51,1,train,reviewed_real,,,The sentence-length title is replaced with a compact calendar title.
HSG565I7 S All Sections 20251:Dynamics,Left items at the exam rooms,Neil Walters,45685.876388888886,"If you left anything at the exam room, you can check with the registrar's office (VE634).",not related,,,,,,R0537,425,ID-774AE0D4090BA16B,1,train,reviewed_real,,,Reviewed; existing target fields retained.
HSG565I7 S All Sections 20251:Dynamics,Additional Office Hour Today,Jasmine Fox,45684.63888888889,"In addition to my usual 11:ID-7F293D3612A942C0:ID-F8DEF058564AA3D5 office hour, I will be hosting an additional office hour today (Jan.
Both will be hosted in the usual spot of EP865.",event,EP865,,Regular Office Hour,2025-01-27 11:30,2025-01-27 12:30,R0538,426,ID-ADAB7A207AAC089B,1,train,reviewed_real,,,"The row states both the usual office hour and a distinct additional session, with EP865 applying to both."
HSG565I7 S All Sections 20251:Dynamics,Additional Office Hour Today,Jasmine Fox,45684.63888888889,"ID-D130FB0F79EED3F2) from ID-61AC36371C10CFC1.
Both will be hosted in the usual spot of EP865.",event,EP865,,Additional Office Hour,2025-01-27 15:00,2025-01-27 16:00,R0539,426,ID-ADAB7A207AAC089B,2,train,reviewed_real,,,"The row states both the usual office hour and a distinct additional session, with EP865 applying to both."
HSG565I7 S All Sections 20251:Dynamics,Today’s Office Hour,Jasmine Fox,45677.57430555556,"Hello everyone,
 My office hour today (11:ID-6CCB15209B9F98F3 - 12:ID-F8DEF058564AA3D5) will be taking place virtually, online-only, at the following zoom link:
 https://resource-ef2b9d7e39570a0b.example.edu/p4ac6c723/p083bd352 (Password: [TOKEN-a5b8b8158ca9])
 Best,
 -LD",event,Zoom,https://resource-ef2b9d7e39570a0b.example.edu/p4ac6c723/p083bd352,Virtual Office Hour,2025-01-20 11:30,2025-01-20 12:30,R0540,427,ID-0D1D9B96D9010F0C,1,train,reviewed_real,,,The body gives a complete same-day Zoom office-hour interval and actionable join URL.
HSG565I7 S All Sections 20251:Dynamics,Change to Office Hours - Now Knc 41:ID-7F293D3612A942C0:ID-F8DEF058564AA3D5,Jasmine Fox,45670.643055555556,"Hi folks,
 I have changed my office hours to enable more people to be able to attend. My office hours will now be cvra 36:ID-7F293D3612A942C0:ID-F8DEF058564AA3D5 on Mondays, in-person in EP865.
 Due to the last-minute notice today, I will be available in EP865 for office hours for both the old and new times, kp 76:ID-7F293D3612A942C0:ID-F8DEF058564AA3D5. Please drop by if you have any ID-493BD7E0444E440F or need clarification.
 Thanks,
 -Jacqueline. Fox",event,EP865,,Extended Office Hours,2025-01-13 10:30,2025-01-13 12:30,R0541,428,ID-1404C143B3D42E86,1,train,reviewed_real,,,The same-day transition window is explicitly extended hcuv 61:30 a.m. wu 50:30 p.m. in EP865.
HSG565I7 S All Sections 20251:Dynamics,Week 1 Summary,Neil Walters,45666.896527777775,"All Tutorials will start next week (week of Jan.
13).",notice,,,HSG565 Tutorials Begin,2025-01-09 21:31,,R0542,429,ID-067649F60F978375,1,train,reviewed_real,,,The body gives separate dates for tutorials beginning and Assignment 1 being posted. [2026-07-11 re-audit] Notice start_time set to Venue-1C8DA09F18 posted_at; end_time left blank per the user's rule.
HSG565I7 S All Sections 20251:Dynamics,Week 1 Summary,Neil Walters,45666.896527777775,"The first assignment will be posted next week on Wed, Dqv 14.",notice,,,Assignment 1 Release,2025-01-09 21:31,,R0543,429,ID-067649F60F978375,2,train,reviewed_real,,,The body gives separate dates for tutorials beginning and Assignment 1 being posted. [2026-07-11 re-audit] Notice start_time set to Venue-1C8DA09F18 posted_at; end_time left blank per the user's rule.
HSG565I7 S All Sections 20251:Dynamics,Suggested Sample Problems,Neil Walters,45665.69236111111,"Suggested sample problems for ""Kinematics of Particle"" section (Chapter 1, and 2) are now posted under the module named ""William Woodward"".
 I encourage you to try solving the problems yourself and then check your answers with the provided solution.
 Remember the key to be successful in this course is to solve as many problems as possible.",not related,,,,,,R0544,430,ID-AA5EDEA388C2EB29,1,train,reviewed_real,,,Reviewed; existing target fields retained.
CDT047I7 S JPW9275 20261:Thermodynamics,Adam 2 Grades Released,Jenna Blanchard,46117.65,"The grades for Adam 2 have been released on Crowdmark and Quercus. The average for the Adam mez 11% (14.5/20). If you wrote the Adam in ATS you can pick it up from Lakeshore Centre 8143. If you have any ID-493BD7E0444E440F or would like to request a regrade, please contact the relevent TA:
Adam 2a:
 Q1 - Jenna Blanchard ( user_87e1f2d55ff5@example.edu )
Q2 - Philip Sanford Holloway ( user_13d68c216fc0@example.edu )
 Adam 2b:
 Q1 - Mike Ayers ( user_c8824cfaa20e@example.edu )
 Q2 - Miranda Mccoy ( user_18dd4f50042c@example.edu )",not related,,,,,,R0545,431,ID-E2F158B3005F4B4B,1,train,reviewed_real,,,Reviewed; existing target fields retained.
CDT047I7 S JPW9275 20261:Thermodynamics,Missed tutorial,Warren Sherman,46116.91805555556,"The tutorial on Friday, April 3 had to be cancelled because it was a holiday. Unfortunately we do not have time to have a make-up session as all classes must end by Tuesday. The problems for the tutorial have been posted and their solution is attached here.
 CDT 047 Week 9 ID-33DB3DB0CA720E72.pdf
 CDT 047 Week 9 solution.pdf",not related,,,,,,R0546,432,ID-2B3666B8D2EFFDD4,1,train,reviewed_real,,,"The April 3 cancellation is described retrospectively after the holiday, and the body explicitly says there will be no make-up session."
CDT047I7 S JPW9275 20261:Thermodynamics,CDT 047 Final Exam,Warren Sherman,46114.73263888889,"The Final Exam for CDT 047 will be held on April 27, 2026. It will cover all the material done in class until the end of the course. The exam will be closed book and consist of six problems. You will be provided an aid sheet and property tables and you can use any type of non-communicating calculator. The exam will be 2 hours lgz 80 minutes long. Examples of previous final exams have been posted and this will be similar.",notice,,,CDT047 Final Exam,2026-04-02 17:35,,R0547,433,ID-B9C555B931EF4E2E,1,test,reviewed_real,,,The date-only exam notice is retained and shortened. [2026-07-11 re-audit] Notice start_time set to Venue-1C8DA09F18 posted_at; end_time left blank per the user's rule.
CDT047I7 S JPW9275 20261:Thermodynamics,Midterm - Notes,Neil Hardy,46101.73611111111,"Dear all,
 Please take note of the following regarding Midterm:
 The average score for midterm is (28.9/40)
 For any ID-493BD7E0444E440F, please reach out to the following TAs:
 ID-493BD7E0444E440F 1&2: Neil Hardy (user_02a730916299@example.edu)
 Question 3: Philip Olsen (user_13d68c216fc0@example.edu)
 Question 4: Mike Ayers (user_c8824cfaa20e@example.edu)
 (Please attach your exam along with the specific question you're referring to)
 Let us know if you have further ID-493BD7E0444E440F or concerns.
 Have a great weekend,
 Neil",not related,,,,,,R0548,434,ID-CDF39A83A953D158,1,validation,reviewed_real,,,Reviewed; existing target fields retained.
CDT047I7 S JPW9275 20261:Thermodynamics,Lab 1 Grades,Wendy Mcdaniel,46089.70625,"Hi everyone,
 I hope you are doing well. This is Wendy, one of the lab TAs. The grades for lab 1 have been posted. If you have any ID-493BD7E0444E440F about your grade, please do not hesitate to contact me at ( user_b4e68b71e49c@example.edu ). The lab TAs assigned to mark the other lab reports are as follows:
 Lab 2 - Grace ( user_88802a1720a9@example.edu )
 Lab 3 - Calvin ( user_dca1915e07e0@example.edu )
 Lab 4 - your section's Lab TA
 Steve,
 Wendy",not related,,,,,,R0549,435,ID-4E3B1CAEE57F810E,1,test,reviewed_real,,,Reviewed; existing target fields retained.
CDT047I7 S JPW9275 20261:Thermodynamics,CDT047 Lab Information,Wendy Mcdaniel,46029.06180555555,"Hi Everyone,
 Welcome to CDT047 Labs! Calvin, Grace, and I are pleased to be your lab TAs this semester, and we look forward to meeting you all. Below are a few notes regarding the labs:
 There are four labs as part of this course, starting from Ideal Gas Law (Lab 1) .
 Please form groups of 3-4 members before the start of the lab sessions. Group sign-up is available on Quercus for each section.
 Each group will have a session every other week , starting the week of January 12 . You can find the lab timetable on the CDT047 Lab Schedule module.
 The lab report is due two weeks after completion of the lab session. Groups will prepare their lab reports according to the posted Lab Report Format . One group member will upload the lab report onto Quercus to make a group submission for each of the four labs.
 The lab manuals can be found on the Lab Manual module. We recommend reading them before the start of each lab session.
 Below is the contact information for each of the lab TAs. Please reach out to your section's Lab TA if you encounter any issues (personal emergencies, rescheduling a missed lab, etc.) related to the labs. Please post ID-493BD7E0444E440F on the lab reports on Piazza .
 DCZ 927,104,105, pqm 679: Grace: user_88802a1720a9@example.edu
 WVR 030,108,109, bno 111: Calvin: user_dca1915e07e0@example.edu
 BSC 263,102, 111, dgm 235: Wendy: user_b4e68b71e49c@example.edu
 Looking forward to a great semester together!
 See you soon :)
 Bryan,
 Wendy, Calvin, and Grace",notice,,,CDT047 Labs Begin,2026-01-07 01:29,,R0550,436,7158743672bf355d,1,train,reviewed_real,,,"The recurring-lab start notice is valid, but the extracted sentence is shortened. [2026-07-11 re-audit] Notice start_time set to Venue-1C8DA09F18 posted_at; end_time left blank per the user's rule."
CDT047I7 S JPW9275 20261:Thermodynamics,Welcome to CDT 047,Warren Sherman,46006.802777777775,"Lectures for CDT 047 wil start on Jan 5, 2026. There will be no tutorials or lab sessions the first week of classes - the start dates for those will be announced. Information about the administration of the course is given in the attached document.
 I look forward to seeing you all in class!",notice,,,CDT047 Lectures Begin,2025-12-15 19:16,,R0551,437,ID-1313BFAABEF6EA24,1,train,reviewed_real,,,The body explicitly states the CDT047 lecture start date. [2026-07-11 re-audit] Notice start_time set to Venue-1C8DA09F18 posted_at; end_time left blank per the user's rule.
CDT047I7 S CCO1507 20261:Thermodynamics,Update on the use of AI in writing lab reports,Calvin Carrillo,46045.81527777778,"Hello everyone,
 The following statements apply regarding the use of AI in writing lab reports for CDT047:
 ""Students can only use AI tools to edit and proof-read their reports. Students can not use AI to write the report, generate results or perform any analysis of data. If AI is used in the report, students should include a brief statement in the report saying how AI was used.""
 Bryan,
 Calvin",not related,,,,,,R0552,438,ID-4FABCCAE126387AA,1,train,reviewed_real,,,Reviewed; existing target fields retained.
CDT047I7 S CCO1507 20261:Thermodynamics,Notes on the CDT047 lab space,Calvin Carrillo,46033.94305555556,"Hi everyone,
 I look forward to meeting you all this week! Below are some of the general/safety notes on the lab space for your future reference. We'll also go over these points in more detail during the first lab:
 Before the first lab begins : If you run into trouble finding IU313, go to DS203 and continue walking towards Rosebrugh. IU313 is at the end of the hallway on your left.
 My contact information is: user_dca1915e07e0@example.edu ; please feel free to reach out if you run into issues you'd like to discuss privately (i.e. can't make a lab etc.). However, please do use the Piazza platform to post ID-493BD7E0444E440F on the lab reports so your peers can see them as well.
 IU313 is booked for 3 hours, but the labs generally take less time than that
 Food and drink are not allowed, with the exception of a resealable water bottle that should be placed on the center table (far from the workstations)
 Don't bring chairs out of the lab space, and arrange them neatly by your station after you're finished
 Please make sure to bring a USB to the lab to transfer your data.
 Notes on equipment:
 There are some older lab manuals that you can use as a reference for various parts of the equipment; however, stick to temp and pressure parameters outlined in the manuals posted on Quercus
 There is a specific LabView program designated for each lab. Refer to the name of the lab (e.g. 'Shirley Davis Lozano'/'Entropy') when opening the LabView file.
 A manometer recording ambient pressure is located on the column by the door (inHg in red)
 Make sure the fan is on before you start collecting data
 Be gentle with the microneedle valves, they can break easily
 Reminder : Make sure you're signed up to a group on Quercus (under 'People') by the time you submit your first report, as lab reports are submitted through your group!
 Best,
 Calvin",not related,,,,,,R0553,439,ID-16373EC7DAD1BFEF,1,test,reviewed_real,,,Reviewed; existing target fields retained.
CDT047I7 S CCO1507 20261:Thermodynamics,CDT047 Labs,Calvin Carrillo,46011.118055555555,"Dear class,
 Welcome to CDT047 Labs! Grace, Wendy, and I are pleased to be your lab TAs this semester, and we look forward to meeting you all. Below are a few notes regarding the labs:
 There are four labs as part of this course, starting from Ideal Gas Law (Lab 1) .
 Please form groups of 3-4 members before the start of the lab sessions. Group sign-up is available on Quercus for each section.
 Each group will have a session every other week , starting the week of January ID-CE36EE72F0C42525. You can find the lab timetable here: Lab Schedule
 The lab report is due two weeks after completion of the lab session. Groups will prepare their lab reports according to the posted format: Lab Report Format . O ne group member will upload the lab report onto Quercus to make a group submission for each of the four labs.
 The lab manuals can be found in the Lecture Section under the Lab Manuals module. We recommend reading them before the start of each lab session. You can also watch the lab videos (links provided in Lab Videos ) to refer to certain steps in the lab manuals, however please make sure to follow specified values for temperature and pressure that are outlined in the lab manuals posted to Quercus.
 If you have any ID-493BD7E0444E440F or concerns regarding the labs, please don't hesitate to reach out to one of us. Our emails are below:
 Calvin: user_dca1915e07e0@example.edu
 Grace: user_88802a1720a9@example.edu
 Wendy: user_b4e68b71e49c@example.edu
 Looking forward to a great semester together! Until then, take care, and see you soon :)
 Bryan,
 Calvin, Grace, and Wendy",notice,,,CDT047 Labs Begin,2025-12-20 02:50,,R0554,440,ID-E88D20D64F0EB9A0,1,train,reviewed_real,,,"The existing 2024 year is impossible for the Winter 2026 course; the body refers to the week of January 12, 2026. [2026-07-11 re-audit] Notice start_time set to Venue-1C8DA09F18 posted_at; end_time left blank per the user's rule."
CDT047I7 S OQN8900 20261:Thermodynamics,Online Tutorial,Philip Sanford Holloway,46037.731944444444,"Hi All,
 I hope you are doing well. Due to weather condition, the campus is close today. So we are going to hold our first tutorial via Zoom from 1:00 to 2:00 pm.
see you.
 Best,
 Philip Sanford Holloway
 Philip Sanford Holloway is inviting you to a scheduled Zoom meeting.
 Topic: Philip Sanford Holloway's Zoom Meeting
Time: Dqv 14, 2026 01:00 PM America/Venue-1C8DA09F18
Join Zoom Meeting
https://resource-53d0a89b9f1c1004.example.edu/pfd55ddb3/pb0057c3c
 Meeting ID: 679 5022 5029
 ---
 One tap mobile
+24534756231,,26949820306# Canada
+82015889808,,26949820306# Canada
 ---
 Join by SIP
• user_efef5a011161@example.edu
 Join instructions
https://resource-008987889b7dc494.example.edu/p1ca888e7/p008136e7/p702ec351?k1=bab4635e80",event,Zoom,https://resource-53d0a89b9f1c1004.example.edu/pfd55ddb3/pb0057c3c,Online Tutorial,2026-01-15 13:00,2026-01-15 14:00,R0555,441,ID-6B38623AAED7DA94,1,train,reviewed_real,,,"The first tutorial has a complete interval, online platform, and actionable Zoom join link."
TOF364I7 S JPW9275 20261:Manufacturing Engineering,Final Exam - Mask mandate,None,45954.59930555556,"Hi Everyone;
 reminder that you will need to wear a mask to ask me ID-493BD7E0444E440F during the exam.
 I WILL BRING SOME TO THE EXAM ROOM. :)
 Thanks jean wagner buckley.
 BB",not related,,,,,,R0556,442,ID-697C8CDCB0C8217E,1,train,reviewed_real,,,Reviewed; existing target fields retained.
TOF364I7 S JPW9275 20261:Manufacturing Engineering,Lab 4 Worksheets Pickup,Tommy Wallace,46114.57013888889,"Hello everyone,
 Please note that Lab 4 grades are now published on Quercus. If you would like to pick up your graded Lab 4 worksheets, please visit EP865 on Monday, April 6, between 1:00 and 2:00 PM .
 Best,
 Tommy",event,EP865,,Lab 4 Worksheet Pickup,2026-04-06 13:00,2026-04-06 14:00,R0557,443,ID-EE827E261AEFECAE,1,validation,reviewed_real,,,The pickup is an event from 1-2 p.m.; the existing start was one hour late and omitted the room.
TOF364I7 S JPW9275 20261:Manufacturing Engineering,A Car-Assembly Video,None,45954.59930555556,"A Car Assembly video.
 https://resource-b2346152c0d5eaea.example.edu/p42aec513?k1=5b1255b63c",not related,,https://resource-b2346152c0d5eaea.example.edu/p42aec513?k1=5b1255b63c,,,,R0558,444,ID-F58A3117FC1071F8,1,train,reviewed_real,,,Reviewed; existing target fields retained.
TOF364I7 S JPW9275 20261:Manufacturing Engineering,Some QC Videos,None,45954.59930555556,"https://resource-dc80275fa0f2d5c7.example.edu/pfbcf4beb?k1=0f7515ff9e
 https://resource-aa019c6e090398c5.example.edu/p5cf73314?k1=6a7bd92476
 https://resource-60205f0bfcf0c59f.example.edu/p53efb8e8?k1=39d300da17
 https://resource-06d69134b66190f8.example.edu/p5af9fd75?k1=aebe2eb673
 https://resource-98d4801fe2d2c1e4.example.edu/p35a9d385?k1=d90ef36987",not related,,"https://resource-dc80275fa0f2d5c7.example.edu/pfbcf4beb?k1=0f7515ff9e
https://resource-aa019c6e090398c5.example.edu/p5cf73314?k1=6a7bd92476
https://resource-60205f0bfcf0c59f.example.edu/p53efb8e8?k1=39d300da17
https://resource-06d69134b66190f8.example.edu/p5af9fd75?k1=aebe2eb673
https://resource-98d4801fe2d2c1e4.example.edu/p35a9d385?k1=d90ef36987",,,,R0559,445,ID-F5D1CB34DE08A657,1,train,reviewed_real,,,Reviewed; existing target fields retained.
TOF364I7 S JPW9275 20261:Manufacturing Engineering,Final Exam Reminder – Cumulative Content,Marie Hill Brock Benson,46102.72638888889,"Hello everyone,
 Just a reminder that the final exam is cumulative and will include all the material covered throughout the course .
 I recommend reviewing all the content we discussed, and make sure to study metal forming as well.
 As always, if you have any ID-493BD7E0444E440F, please don’t hesitate to reach out. I’d be happy to help!",not related,,,,,,R0560,446,ID-C23BF93F7D631E05,1,train,reviewed_real,,,Reviewed; existing target fields retained.
TOF364I7 S JPW9275 20261:Manufacturing Engineering,Videos  on Fixtures,None,45954.59930555556,"https://resource-1211d7ec8ba61495.example.edu/p8a7da0e9?k1=04dc1366ad
 Swift-Fix CMM Modular Fixture System
 https://resource-89174d3e55aca082.example.edu/pfd3d36eb?k1=dfb69b14f4",not related,,"https://resource-1211d7ec8ba61495.example.edu/p8a7da0e9?k1=04dc1366ad
https://resource-89174d3e55aca082.example.edu/pfd3d36eb?k1=dfb69b14f4",,,,R0561,447,ID-F202C7AD01964872,1,train,reviewed_real,,,Reviewed; existing target fields retained.
TOF364I7 S JPW9275 20261:Manufacturing Engineering,Vibratory Bowl Feeding,None,45954.59930555556,"Hi Everyone:
 Vibratory-Bowl feeding Videos:
 https://resource-e735a2dc762588ae.example.edu/p5047a026?k1=03b4b7ea22
 Alimentadores vibratórios circulares ZSE [STOGER]
 https://resource-4cfe16a5e2d49b8b.example.edu/pfb96d459?k1=feeceb639f
 Bolt Feeder System",not related,,"https://resource-e735a2dc762588ae.example.edu/p5047a026?k1=03b4b7ea22
https://resource-4cfe16a5e2d49b8b.example.edu/pfb96d459?k1=feeceb639f",,,,R0562,448,ID-666AED2051DD06CA,1,train,reviewed_real,,,Reviewed; existing target fields retained.
TOF364I7 S JPW9275 20261:Manufacturing Engineering,Automatic Assembly Videos,None,45954.59930555556,"Automatic Assembly Videos
 Fully Automatic Assembly Line
 automatic assembly ID-2A95C7F4EE27694C
 Wind Impeller Automatic Assembly Machine
 ZBV-AUTOMATION Montageanlage Kabelzweigkasten",not related,,,,,,R0563,449,ID-CF330577AE0B0982,1,train,reviewed_real,,,Reviewed; existing target fields retained.
TOF364I7 S JPW9275 20261:Manufacturing Engineering,Some lecture notes and videos on Automatic Assembly for your Project,None,45954.59930555556,"Some lecture notes and videos on Automatic Assembly from around the world. :)
 https://resource-4bbddb204c8a163d.example.edu/p04b3fd8f/pda07844d/p4c7c125d/pa341368a/pf146f543/p5889e4b9/p6ed56ad3/p679d2eeb
 https://resource-2e61ef035a64cbef.example.edu/p278b32ea/pa2791242/pb46a7731/peb07fb29
 Read/Watch as much/many as you would like. May help your project :)
 To complement what we (will) cover in class.
 BB",not related,,"https://resource-4bbddb204c8a163d.example.edu/p04b3fd8f/pda07844d/p4c7c125d/pa341368a/pf146f543/p5889e4b9/p6ed56ad3/p679d2eeb
https://resource-2e61ef035a64cbef.example.edu/p278b32ea/pa2791242/pb46a7731/peb07fb29",,,,R0564,450,ID-239A2CB4C4525E37,1,train,reviewed_real,,,Reviewed; existing target fields retained.
TOF364I7 S JPW9275 20261:Manufacturing Engineering,Adhesive Bonding in Aerospace/Aircraft Industry - Video,None,45954.59930555556,"Adhesive Bonding in Aerospace/Aircraft Industry:
 https://resource-4eb7c113075e5c1f.example.edu/paa4e177b?k1=d7e4ed587e",not related,,https://resource-4eb7c113075e5c1f.example.edu/paa4e177b?k1=d7e4ed587e,,,,R0565,451,ID-167BECEE513E90E7,1,test,reviewed_real,,,Reviewed; existing target fields retained.
TOF364I7 S JPW9275 20261:Manufacturing Engineering,Midterm Grades Released,Tommy Wallace,46086.788194444445,"Hi everyone,
 The grades for TOF364 midterm have been released through Crowdmark, and you should have received an email with the link to view your graded midterms with comments from the marking TAs. Please review the marking of your midterm, and note the following policies for regrade requests:
 Please carefully review the TAs' comments before requesting a regrade.
 All regrade requests should be sent to Jacqueline. Benson ( user_80d7dfc8b013@example.edu ) through email before the end of March 9 with ""TOF364 Midterm Regrade"" in the subject line.
 Clearly indicate the question that you are requesting regrade for, and give a brief explanation of your request.
 Best,
 Tommy",deadline,,,TOF364 Midterm Regrade Requests,,2026-03-09 23:59 (time inferred),R0566,452,ID-BB552BCFBEF5E859,1,validation,reviewed_real,,,The malformed email fragment is replaced with a meaningful deadline title.
TOF364I7 S JPW9275 20261:Manufacturing Engineering,Lecture Videos for Jacqueline. Moore,Hayley Moore,46080.83541666667,"Topic
 hrs
 Zoom Address for Lecture Video
 Intro / C8
 1
 https://resource-d53bf47f15ef4495.example.edu/p50549550/p5bb8f6ca
 C8
 1
 https://resource-d53bf47f15ef4495.example.edu/p50549550/p5bb8f6ca
 C8
 2
 https://resource-d53bf47f15ef4495.example.edu/p50549550/p5bb8f6ca
 C8
 1
 https://resource-d53bf47f15ef4495.example.edu/p50549550/p5bb8f6ca
 C10
 2
 https://resource-a245fd1b6371f85e.example.edu/pe166c768/p2f28881a
 C10
 1
 https://resource-a245fd1b6371f85e.example.edu/pe166c768/p2f28881a
 C10
 2
 https://resource-a245fd1b6371f85e.example.edu/pe166c768/p2f28881a
 C10
 1
 https://resource-a245fd1b6371f85e.example.edu/pe166c768/p2f28881a
 C11
 2
 https://resource-6040261d28b7e821.example.edu/pe0a3d63b/p985df401
 C12
 1
 https://resource-1184e87bc3851658.example.edu/p157f1a2a/pd54196c9
 C12
 2
 https://resource-1184e87bc3851658.example.edu/p157f1a2a/pd54196c9
 C12
 1
 https://resource-1184e87bc3851658.example.edu/p157f1a2a/pd54196c9
 C12 AND REVIEW
 2
 https://resource-1184e87bc3851658.example.edu/p157f1a2a/pd54196c9 AND https://resource-302dba73ee2725d6.example.edu/pc9962f8c/p63264c0c",not related,,"https://resource-d53bf47f15ef4495.example.edu/p50549550/p5bb8f6ca
https://resource-a245fd1b6371f85e.example.edu/pe166c768/p2f28881a
https://resource-6040261d28b7e821.example.edu/pe0a3d63b/p985df401
https://resource-1184e87bc3851658.example.edu/p157f1a2a/pd54196c9
https://resource-302dba73ee2725d6.example.edu/pc9962f8c/p63264c0c",,,,R0567,453,ID-076B605B8DD0B069,1,train,reviewed_real,,,Reviewed; existing target fields retained.
TOF364I7 S JPW9275 20261:Manufacturing Engineering,Final Mvfj 9717 Date and Details - Correction,Hayley Moore,46080.623611111114,"Hi Everyone:
 here is the latest:
 Course: IVY586N8W Exam date: 4/18/2026 Exam start time: 9:30:00 AM Exam type: A ( Closed-book ) Calculator type: 3 ( All non-programmable calculators )
 BB",notice,,,TOF364 Final Exam,2026-02-27 14:58,,R0568,454,ID-000554CEF212875F,1,train,reviewed_real,,,The corrected exam date and start time form a notice; no end time appears in the body. [2026-07-11 re-audit] Notice start_time set to Venue-1C8DA09F18 posted_at; end_time left blank per the user's rule.
TOF364I7 S JPW9275 20261:Manufacturing Engineering,"Due on February 24, 2026!  Letter-of-intent",None,45954.59930555556,"Letter of intent for submission of proposal (worth 1/11% of proposal evaluation):
 The form letter ( Agreement to Participate in Proposal Submission ) must be signed by all members of your team.
 Due date: February 24, 2026: Time 7 pm : Location: On-line on Quercus.
 No late submissions will be accepted , regardless of the amount of lateness. All no-submissions will receive an evaluation of zero for the complete project ( i.e ., zero zfx 155%).
 You will not be able to submit a final proposal for the project unless you already submitted a letter-of-intent signed by all. No actual signature means ‘no-submission’ for the individual (listing of names will NOT suffice).
 These rules apply to all group members , regardless of who was the designated submitter chosen by you.
 NOTE: One submission per team is sufficient, not all team members need to submit separately.",deadline,Quercus,,Project Letter of Intent,,2026-02-24 19:00,R0569,455,ID-BE5114B8DDBAFF35,1,train,reviewed_real,,,"The body explicitly identifies Quercus as the online submission platform, and the title is shortened."
TOF364I7 S JPW9275 20261:Manufacturing Engineering,Videos file,Marie Hill Brock Benson,46072.74236111111,"Hi everyone,
 I’ve updated the video file. You can now find the direct YouTube link included in it.
 Thanks,
Marie",not related,,,,,,R0570,456,ID-302A634A68735911,1,test,reviewed_real,,,Reviewed; existing target fields retained.
TOF364I7 S JPW9275 20261:Manufacturing Engineering,Midterm ID-13F96B92E53913AC Announcement,Marie Hill Brock Benson,46070.85902777778,"Dear Students,
 Please note that the upcoming midterm exam will be a Type A ID-13F96B92E53913AC and will be closed book. No textbooks, notes, formula sheets, or other reference materials will be permitted during the exam.
 Students are required to bring a Type 3 calculator. No other calculator models or electronic devices will be allowed.
 The exam will include some multiple-choice ID-493BD7E0444E440F, open-ended ID-493BD7E0444E440F, and a few calculation-based ID-493BD7E0444E440F.
 To prepare, you are strongly encouraged to study the lecture slides and your notes taken during lecture discussions, as the exam content will be based primarily on these materials.
 Please ensure you come prepared and arrive on time.
 Marie",not related,,,,,,R0571,457,22667496030ad24f,1,train,reviewed_real,,,Reviewed; existing target fields retained.
TOF364I7 S JPW9275 20261:Manufacturing Engineering,Reminder: Please attend your assigned lab sections only,Tommy Wallace,46045.854166666664,"Hi everyone,
 This is a kind reminder that you must only attend the practical lab section to which you are assigned to based on the Lab Schedule ! I would like to re-emphasize a few important course policies:
 Every PRA section is split into two sub-sections based on your last name, and you can attend ONLY the one that you are assigned to, NOT any one of the two . You CANNOT choose between the two based on personal preferences.
 Attendance in the correct lab section is mandatory to participate and receive a grade. Attendance will be taken . Students who attempt to attend the wrong section will not be permitted to join.
 If you are unable to attend a lab or you missed a lab for any reason, please submit a formal petition directly to the Faculty. If the petition is deemed valid and approved by the Faculty, you will receive a grade for the lab that you missed based on your performance on the final exam and the distribution of your peers’ lab grades.
 Due to the large class size, we are unfortunately unable to accommodate personal requests to switch lab sections.
 If you are unsure how to interpret the posted lab schedule, please follow this example to locate your TOF364 lab dates:
 Assume you are enrolled in JUP6004 on Acorn and your last name is “Wallace”.
 Start from the second row of the table and locate JUP6004.
 Since the last name starts with “D”, you should attend all four lab sections listed in the column under “JUP6004-1 (A-L)”, which is the second column from the right.
 If you have any further ID-493BD7E0444E440F or concerns, please feel free to email user_c49740cd97f0@example.edu .
 Thank you,
 Tommy",not related,,,,,,R0572,458,ID-D36855A90C12A75D,1,train,reviewed_real,,,"JUP6004 is a practical-section identifier, not an explicit physical or online location."
TOF364I7 S JPW9275 20261:Manufacturing Engineering,GB Machining Course Grades,None,45954.59930555556,"Hi Everyone,
 The grades for the GB Machining Course (for past dates) will be posted this week.
 A few things to note:
 If you are doing the project, instead of the machining course, you will receive a zero fr the GB Course. Do not panic! You'll get your (equivalent) grade from the project.
 If you did or will do the machining course and you receive a grade of zero, please email Courtney Wright &lt;user_6522dd9f72bb@example.edu&gt; with your: (1) full name, (2) student number, and (3) the dates on which you took the course
 Please also note:
 We do not get involved with GB Grades, or grading practices, procedures, etc.
 The U/G Office receives student evaluations from GB instructors and converts those into UofT grades based on a complex formula, including running averages from past years.
 If you have a concern about your specific grade, you will need to sort this out with the U/G Office. We just accept and post the grades as we receive them.
 Thanks,
 Terri",not related,,,,,,R0573,459,ID-8467559A4FDB1B06,1,train,reviewed_real,,,Reviewed; existing target fields retained.
TOF364I7 S JPW9275 20261:Manufacturing Engineering,"TOF 364 Project --  Sign-up for Groups << Deadline:  February 24, 2026; Location: On-line; Time: 7 pm.",None,45954.59930555556,"Hi All, &gt;&gt;&gt; Do not leave till last minute, start signing-up for groups &lt;&lt;&lt; See below ...
 IF YOU ARE PLANNING TO DO THE COURSE PROJECT (INSTEAD OF THE GB MACHINING COURSE):
 Please remember the deadline to submit ""Letter of Intent for submission of proposal"" is February 24, 2026; Location: On-line; Time: 7 pm .
 Also, please carefully read the requirements, especially, min group size of 3 and max group size of 5 students ! :)
 You are free to choose/form your own Project Team.
 We will not form/assign students to teams ... :)
 PLEASE READ THE PROJECT REQUIREMENTS ASAP.
 ps/ You can use the Discussion Forum to look for group members.
 Thanks,
 GEORGE
 ------------
 You can now sign up for project teams on Quercus.
 Please follow these steps:
 1. Go to ""People"" page, select the ""Leah Cantrell"" tab near the top of the screen (beside ""Everyone"").
2. Pick any of the project available groups and self-sign up.
3. Confirm that you and your teammates have all been self-assigned to the same group.
 Also, please note: min group size of 3 and max group size of 5 students ! :)
 When submitting team assignments, only one person needs to submit. Once a person makes a submission, that submission is automatically linked to the rest of the team members.",deadline,Quercus,,Project Letter of Intent,,2026-02-24 19:00,R0574,460,ID-C76B9D024449B72F,1,train,reviewed_real,,,The deadline is for the project Letter of Intent submitted online through Quercus; a concise title and platform are added.
TOF364I7 S JPW9275 20261:Manufacturing Engineering,Seeking participants in volunteer notetaking program,None,45954.59930555556,"The volunteer notetaking program is one of the most commonly required accommodations provided to students registered with Accessibility Services. Here, at the ID-B32B8FE7AD41555A of Venue-1C8DA09F18, the accessibility office is seeking dependable volunteer note-takers to assist students living with a disability to achieve academic success.
 Volunteers report that by giving back to the U of T community, their class attendance and note-taking skills improve.
 To become a volunteer note-taker, all you have to do is attend classes regularly & submit your notes consistently. Volunteers can receive co-curricular credit(s) and/or a certificate of appreciation.
 Steps to Register as a Volunteer :
 Register Online as a Volunteer Note-Taker at: https://resource-016912b2c1777e11.example.edu/p14781b06/p9430fe68/pe7e68d23.aspx
 For a step-to-step guide please follow this link to the Volunteer Notetaking Portal Guide
 Click on Volunteer Notetakers , and sign in using your UTORid
 Select the course(s) you wish to take notes for. Please note: you do NOT need to upload sample notes or be selected as a volunteer to begin uploading your notes.
 Start uploading notes.",not related,,https://resource-016912b2c1777e11.example.edu/p14781b06/p9430fe68/pe7e68d23.aspx,,,,R0575,461,ID-57880448B308993E,1,train,reviewed_real,,,Reviewed; existing target fields retained.
TOF364I7 S JPW9275 20261:Manufacturing Engineering,Project versus GB Machining Course,Hayley Moore,46030.75486111111,"Hi Everyone:
 Clarification:
 Students who choose to do both the term Project as well as the GB Machining Course will NOT receive any consideration/credit for the GB Machining course. Namely, we will only consider the Project grade.
 ps/ You can attend any GB Machining course until end of March'26 for consideration in TOF364.
 Thanks,
 GEORGE",deadline,,,GB Machining Course Completion,,2026-03-31 23:59 (time inferred),R0576,462,ID-942D7C46E3481B97,1,train,reviewed_real,,,The body says a GB Machining course may be attended only through the end of March 2026 for TOF364 consideration.
TOF364I7 S JPW9275 20261:Manufacturing Engineering,Reminder:  Please bring safety glasses to all practicals/labs,None,45954.59930555556,"Hi Everyone:
 Please bring safety glasses to all practicals/labs. :)
 Thanks,
 GEORGE",not related,,,,,,R0577,463,ID-88A3EAC598F58A8F,1,train,reviewed_real,,,Reviewed; existing target fields retained.
TOF364I7 S JPW9275 20261:Manufacturing Engineering,WELCOME BACK!,None,45954.59930555556,"Hi Everyone:
 We hope you had (and/or having) a safe, restful, and happy time-off.
 Please follow the announcements on this site, as closely and as often as you can (for TOF364).
 You should, please, print/download all course material before coming to class.
 We will try to post lecture videos , whenever we can. :)
 Professors G Benson and B Moore
 'Marie Benson' &lt; user_80d7dfc8b013@example.edu &gt;
 'Tony Moore' &lt; user_7f2213751351@example.edu &gt;
 Happy New Year!
 BB",not related,,,,,,R0578,464,ID-05BBC2A5B0E7C732,1,train,reviewed_real,,,Reviewed; existing target fields retained.
TOF364I7 S JPW9275 20261:Manufacturing Engineering,Safety Course,None,45954.59930555556,"Hi everyone: Please note
 Under the Occupational Health and Safety Act, all MIE students are required to complete Health and Safety training: All MIE undergraduates must complete the UofT and MIE on-line H&S course annually. Requests for this training are administered by the MIE H&S Committee.
 When in doubt about safety, always act first to be safe and report without delay! :)
 BB",not related,,,,,,R0579,465,ID-919688BA3E83A67B,1,train,reviewed_real,,,Reviewed; existing target fields retained.
TOF364I7 S JPW9275 20261:Manufacturing Engineering,Quercus --  Discussion Forums,None,45954.59930555556,"Hi Everyone:
 Please only use the Discussion Forums on Quercus when communicating with the TAs and Instructors.
 If you do not hear back, from us, or the TAs, within 2 days please email us.
 Thanks,
 GEORGE",not related,,,,,,R0580,466,ID-752CA8D49601E54A,1,train,reviewed_real,,,Reviewed; existing target fields retained.
TOF364I7 S JPW9275 20261:Manufacturing Engineering,Important Lab Information,None,45954.59930555556,"Hi everyone,
 Welcome to TOF364! My name is Tommy, and I’m your Head TA for this term. Our labs will focus on the following topics: Casting (Lab 1), Injection Molding (Lab 2), Plastics Forming (Lab 3), and Metal Forming (Lab 4). The latest schedule is posted under Modules --&gt; Lab Material: TOF364 Lab Schedule 2026.pdf
 Important Information about the Labs:
 Attendance is mandatory:
 You must attend your designated lab session . Missing a session will result in a grade of zero for that lab.
 Each lab session is divided into two groups based on your surname . Please attend your assigned group's session.
 Switching sessions is not allowed. Attending a session outside of your assigned time will result in a grade of zero, regardless of your performance.
 Lab activities:
 Each lab will begin with a short presentation by the TAs. After the presentation, you will complete a worksheet with ID-493BD7E0444E440F about the material.
 Worksheets will be provided by the TAs at the start of your session. Make sure to bring a pen/pencil.
 You must complete the worksheet during the lab and submit it to the TA before the end of the lab session.
 Late submissions:
 Worksheets submitted after the lab session ends will receive a grade of zero, no exceptions.
 If you have any ID-493BD7E0444E440F, please contact user_c49740cd97f0@example.edu. Looking forward to a great term!
 -- Tommy",not related,,,,,,R0581,467,ID-3A67482DBA6B80B9,1,train,reviewed_real,,,Reviewed; existing target fields retained.
YWI279I7 S OQN8900 20261:Mechanics of Solids I,Notation of positive and negative shear stress for stress transformation and Mohr circle,Theodore Leach Smith,46111.91180555556,"Hey all,
 I noticed some ID-493BD7E0444E440F regarding the notation of positive and negative directions for the shear stress when solving stress transformation and Mohr circle ID-493BD7E0444E440F.
 For stress transformation, the sign convention is determined by examining the face on which the shear stress acts and how it tends to rotate the stress element. If, on that face, the shear stress tends to rotate the element counterclockwise , it is assigned a positive sign; if it tends to rotate the element clockwise , it is assigned a negative sign. Please also see the figure below for the positive sign orientation.
 I hope this helps to clear up some confusion.
 Bryan,
 Chelsea Z",not related,,,,,,R0582,468,ID-1064825F0DC5588D,1,train,reviewed_real,,,Reviewed; existing target fields retained.
PKK363I7 F JPW9275 20259:Engineering Analysis,Aid sheets,Rachael Harrell,46000.66805555556,"For the final exam you must use the faculty standard form for the double-sided aid sheet: https://resource-ab5c16fe9b4f61f2.example.edu/p0e144a57/pcf0e9dd3/pb074d5fa/p62c350a3/p2b149b86.pdf
 The exam type is C2, meaning that the aid sheet must be ""hand-written"", but you can prepare it, manually, on a tablet and then print that onto the designated aid sheet. Please check here for the exact description; https://resource-bad7f2f9eca5a159.example.edu/p0faf5249/p00ec1e68 .",not related,,"https://resource-ab5c16fe9b4f61f2.example.edu/p0e144a57/pcf0e9dd3/pb074d5fa/p62c350a3/p2b149b86.pdf
https://resource-bad7f2f9eca5a159.example.edu/p0faf5249/p00ec1e68",,,,R0583,469,ID-F3880B6B38BF0D77,1,train,reviewed_real,,,Reviewed; existing target fields retained.
PKK363I7 F JPW9275 20259:Engineering Analysis,Final exam instructions and summary,Rachael Harrell,45999.785416666666,"As suggested by one of your classmates (based on something that was done for an ECE course), I've prepared the attached summary of the final exam instructions and content, to help you focus your preparations for the PKK363 final exam on December 17.
 As you know, I am away and won't have office hours, but you may email me if you have any ID-493BD7E0444E440F.",notice,,,PKK363 Final Exam,2025-12-08 18:51,,R0584,470,ID-B9290AC95C65EE34,1,train,reviewed_real,,,The final-exam date notice is retained and given a concise title. [2026-07-11 re-audit] Notice start_time set to Venue-1C8DA09F18 posted_at; end_time left blank per the user's rule.
PKK363I7 F JPW9275 20259:Engineering Analysis,Last chance for course evaluations,Rachael Harrell,45994.82083333333,"We're currently at ~30% response rate, and typically we consider 40% a minimum for statistically meaningful results, so please take a few minutes to fill out the course evaluations by tomorrow.",deadline,,,Course Evaluations,,2025-12-04 23:59 (time inferred),R0585,471,ID-51A851C37BDDF178,1,test,reviewed_real,,,"The course evaluations are explicitly requested by the following day, which resolves to December 4 in Venue-1C8DA09F18."
PKK363I7 F JPW9275 20259:Engineering Analysis,No lecture - but course evaluations :-),Rachael Harrell,45993.37152777778,"A reminder that there are no PKK363 lectures today, but to please use some of that time to fill out the course evaluation if you have not done so already.",notice,,,PKK363 Lectures Cancelled,2025-12-02 08:55,,R0586,472,ID-EFC3834731E39660,1,train,reviewed_real,,,"The body explicitly cancels today's lectures, so this is a dated notice rather than not related. [2026-07-11 re-audit] Notice start_time set to Venue-1C8DA09F18 posted_at; end_time left blank per the user's rule."
PKK363I7 F JPW9275 20259:Engineering Analysis,Tutorials This week,Grace Hobbs Price,45991.986805555556,"Hi everyone,
we will not have tutorials this Wednesday, however, if you have any ID-493BD7E0444E440F about the course contents you are welcome to stop by our office (PN9484).
Good luck with your finals.
Steve,
Grace,
on behalf of the teaching team.",notice,,,PKK363 Tutorials Cancelled,2025-11-30 23:41,,R0587,473,ID-ACF20DFF1D56BC7A,1,train,reviewed_real,,,"The body cancels the Wednesday tutorials; PN9484 is only an optional office-drop-in location, not the cancelled tutorial location. [2026-07-11 re-audit] Notice start_time set to Venue-1C8DA09F18 posted_at; end_time left blank per the user's rule."
PKK363I7 F JPW9275 20259:Engineering Analysis,Regarding Assignment 10 Q2,Grace Hobbs Price,45988.683333333334,"Hi everyone,
We found that there is a problem with Q2 of assignment 10 on WileyPlus, so we decided to remove the question.
Have a great day,
Grace",not related,,,,,,R0588,474,ID-A87E684D110625A7,1,validation,reviewed_real,,,Reviewed; existing target fields retained.
PKK363I7 F JPW9275 20259:Engineering Analysis,Course evaluations during Thursday lecture,Rachael Harrell,45987.020833333336,"On Thursday I'm hoping to hold a ~10 minute period during the lecture for filling out the PKK363 course evaluations.
 Please bring your laptop or tablet if that's easier for you to type on.
 And check your e-mail for a link to your evaluations for a user_e9839dfd55a4@example.edu or go to http://resource-0c53629f9b6d42ba.example.edu/pa791510f to access the Course Evals page on Quercus.",notice,,http://resource-0c53629f9b6d42ba.example.edu/pa791510f,Course Evaluation Period,2025-11-26 00:30,,R0589,475,ID-237B78B7F5191AE6,1,train,reviewed_real,,,"A course-evaluation period is scheduled during Thursday's lecture; no clock time is stated, so it is a notice. [2026-07-11 re-audit] Notice start_time set to Venue-1C8DA09F18 posted_at; end_time left blank per the user's rule."
PKK363I7 F JPW9275 20259:Engineering Analysis,About Assignment 10,Grace Hobbs Price,45984.04722222222,"Hi everyone,
 Your last assignment should be completed partly on Wileyplus and partly via google form with the following link:
 https://resource-55cdfd4d46e002ef.example.edu/p227fa566/p88d271cb/p81c24e00/pc2a3acd6/pd459e037?k1=3463534068
 Due Date: ID-ED63F4E2D9C9EACD November 2025 yp 55:59 PM
 Good luck,
 Grace",deadline,,https://resource-55cdfd4d46e002ef.example.edu/p227fa566/p88d271cb/p81c24e00/pc2a3acd6/pd459e037?k1=3463534068,Assignment 10,,2025-11-30 23:59,R0590,476,ID-DBB879577429EC5D,1,train,reviewed_real,,,"The body says November 30, not November 20; the title is shortened to the assignment name."
PKK363I7 F JPW9275 20259:Engineering Analysis,Course Evaluations,Rachael Harrell,45980.56875,"(tldr - please fill them out :-)
 I know they take a bit of time, but it is really important for you to fill out the course evaluations, especially for a course like this that has undergone a curriculum renewal. Comments are particularly important : what you liked, what you didn't like, what could be improved, etc.
 I literally co-wrote the faculty's guidelines on the use of course evaluations in tenure, promotion and teaching award decisions, and one thing we emphasized was that the comments are as important as the scores, and arguably more so because they provide actionable feedback to instructors. Having reviewed many teaching dossiers, I can tell you that many professors act on these.
 So I would encourage you to take advantages of, say, not having a PKK363 lecture tomorrow ;-) to fill these out sooner rather than later.
 Note that all comments and scores are anonymous, and I will not get to see them until after the final exams are graded and course marks are posted, so course evaluations cannot bias individual students or courses. So please feel free to be honest and constructive.",notice,,,PKK363 Lecture Cancelled,2025-11-19 13:39,,R0591,477,ID-0E7173E45001B1B1,1,test,reviewed_real,,,"Although the announcement focuses on evaluations, it explicitly reminds students that there is no PKK363 lecture tomorrow. [2026-07-11 re-audit] Notice start_time set to Venue-1C8DA09F18 posted_at; end_time left blank per the user's rule."
PKK363I7 F JPW9275 20259:Engineering Analysis,No PKK363 lectures this Thursday (Dgn 90),Rachael Harrell,45979.853472222225,"As I mentioned in class, I had a last minute change in appointments, so won't be able to lecture this Thursday (November 20). We will continue on Friday November 21 with scalar surface integrals, and maybe start into divergence theorem.
 At this rate, I expect to finish lectures by Friday November 28.",notice,,,PKK363 Lecture Cancelled,2025-11-18 20:29,,R0592,478,ID-6D2F6C2209986B79,1,train,reviewed_real,,,"The cancellation date was correct, but the positive calendar item lacked a meaningful title. [2026-07-11 re-audit] Notice start_time set to Venue-1C8DA09F18 posted_at; end_time left blank per the user's rule."
PKK363I7 F JPW9275 20259:Engineering Analysis,About Assignment 9,Grace Hobbs Price,45976.95486111111,"Hi everyone,
 This week's assignment should be completed partly on Wileyplus and partly via google form with the following link:
 https://resource-4fee9dce57fbd121.example.edu/pa6accf91/p02f54a6a/p66f023aa/p28397f0a/pde4215ed?k1=c6b77eb6a7
 Due Date: ID-0D29DA0916FEA8B6 November 2025 yp 55:59 PM
 Good luck,
 Grace",deadline,,https://resource-4fee9dce57fbd121.example.edu/pa6accf91/p02f54a6a/p66f023aa/p28397f0a/pde4215ed?k1=c6b77eb6a7,Assignment 9,,2025-11-23 23:59,R0593,479,c5628523114558f9,1,train,reviewed_real,,,"The body says November 23, not November 20; the title is shortened to the assignment name."
PKK363I7 F JPW9275 20259:Engineering Analysis,"ISE UofT Chapter Alumni Career Panel - Yei 21, ID-621F574EDB5F8596 in VI91 (with free food! :-)",Rachael Harrell,45975.745833333334,"This was announced at the 9am lecture for those who attended, otherwise please see below. These events can be useful for network as you start to think about your PEY and future career paths....
 ISE UofT Chapter Alumni Career Panel — an opportunity for undergraduates to explore the diverse internships and career paths available to Mechanical and Industrial Engineering students (and beyond!) after graduation. The panel features alumni from RBC Capital Markets, Ecobee, UofT Faculty (FGF863 Professor), Canada Basketball, Birch Hill Equity Partners, and Kearney , representing fields where both Industrial and Mechanical Engineering students have completed impactful PEYs.
 Networking opportunities like this are invaluable for setting yourself up for a successful third-year PEY job search — so come hear their stories, gain insights on navigating your career journey, and connect directly with professionals who’ve been in your shoes.
 🍕 Dinner will be provided, so bring your friends and join us for an evening of learning, conversation, and networking.
📍 VI91
🕓 Nov. ID-FB2042AD2D819EE4, ID-621F574EDB5F8596
 The link to sign us is here: https://resource-7ca895263d07eaf1.example.edu/p069e21ce
 Or in the LinkTree in our Instagram bio, @user_21eac2015a16",event,VI91,https://resource-7ca895263d07eaf1.example.edu/p069e21ce,ISE UofT Alumni Career Panel,2025-11-19 18:00,2025-11-19 20:00,R0594,480,ID-62D982C98965CAAD,1,train,reviewed_real,,,"The body gives a complete panel time range, room, and actionable signup link."
PKK363I7 F JPW9275 20259:Engineering Analysis,Only a recording today for ID-363E39C00CB8C1B2 lecture.,Rachael Harrell,45975.74375,"I accidentally saved the 9am lecture recording to local, not sure how to get it onto cloud, but in the meantime the ID-363E39C00CB8C1B2 lecture is recorded and available.",not related,,,,,,R0595,481,ID-4C2C4CACDF53B0F0,1,train,reviewed_real,,,Reviewed; existing target fields retained.
PKK363I7 F JPW9275 20259:Engineering Analysis,Only one (long) recording today,Rachael Harrell,45968.76666666667,"Looks like the recording from the 9am lecture never closed, and just continued through the ID-363E39C00CB8C1B2 lecture, so it's just one big recording ¯\_(ツ)_/¯",not related,,,,,,R0596,482,ID-7B94509E1718B3A1,1,train,reviewed_real,,,Reviewed; existing target fields retained.
PKK363I7 F JPW9275 20259:Engineering Analysis,Midterm marks returned,Rachael Harrell,45966.51736111111,"You should have received an email with a link to your midterm mark. Class average mty 89.8. (A reminder that this is (intended to be) balanced by the assignment average, which is well above 90.)
 A special thanks alec day MONTOYA velazquez for their extra, late evening effort in checking their grading of the scanned vs. original booklets. We will get back to you about any trends we spotted in why there were poor-quality scans, so you can prepare (and won't be penalized) for this on the final exam.
 Grading was done according to rubrics, but if you have any ID-493BD7E0444E440F/concerns or spot errors in the addition of marks, please email Head TA Grace &lt;user_88802a1720a9@example.edu&gt; and cc: me &lt;user_d0311a1357b3@example.edu&gt;, with the email subject line ""PKK363 midterm""",not related,,,,,,R0597,483,ID-1A0535389DBD8E6A,1,train,reviewed_real,,,Reviewed; existing target fields retained.
PKK363I7 F JPW9275 20259:Engineering Analysis,"Midterm marks still pending, but in the meantime, here are the ""solutions""",Rachael Harrell,45965.98541666667,"Unfortunately with Crowdmark, we can only release ""all"" grades at once, and since there are still several booklets that need to be checked directly because of the scan/writing quality, we can't release the marks. I have asked the TA's to expedite this as much as possible, or at least to identify the booklets that are completely marked, and then I can copy those marks and release them on Quercus.
 In the meantime, below is an outline of what I was expecting (or intending) for each of the ID-493BD7E0444E440F.
 Question 1 [1 mark]
 Brute force reasoning is that the isoline closest to the origin looks like y=x/2. Meaning, in general, the isolines are y=x/2+b where b is the y-intercept . This can be rewritten as b = y-x/2 or, with some algebra, ID-D68A3DB31DDF9399 = const. So isolines must be for a function , so choice D ).
 Question 2 [1 mark]
 Along the x-axis, vectors clearly point in the same direction whether positive or negative x, so there should be either a |x| or x 2 in the vector. Along the y-axis, vectors point in opposite direction, so a function of y (or y 3 , etc.) directly. The only answer that fits this is choice B ).
 Question 3 [1 mark]
 This was imprecisely worded, because “moment of inertia” can mean different things, e.g., mass moment of inertia, second moment of area, etc. My intention was that, per Notes 5, slide 13, the units would seem like m 4 ( choice D ) because it’s an area integral (m 2 ) of a integrand having units of m 2 . However, there is also density in the formula, hence choice E . So I marked either choice as correct . BTW, if you were surprised to see units on a “math” course, get used to it :-) You’re in engineering, and units are among the top three things that get screwed up in professional engineering calculations, e.g. https://resource-fe979ceae2f772eb.example.edu/pd7cedcf2/pa307aa9c . From personal experience with our image-based CFD research, there is almost always a problem between getting inputs in various (and sometimes varying) clinical units and making sure they are consistent when input to the solver. Fun fact: at a bioengineering conference many years ago I saw a poster of CFD results that didn’t make sense, and I mentioned it to the author (then a PhD student, now an MD) and the next year when I saw him he told me I was right, because he’d accidentally input the model in mm, instead of cm, for his solver
 Question 4 [1 mark]
 It looks like a parabola in the x-y plane, and is clearly independent of z. None of the options satisfy this, so choice E .
 Question 5 [1 mark]
 Surface has circular cross-sections in the y-z plane, so r 2 =y 2 +z 2 . Since r of these circular cross-sections is obviously increasing with x, either xr=x (which would be a cone) or r 2 =x (which is a paraboloid), so choice C .
 Question 6 [5 marks]
 Part a) This was mainly to reinforce what I’ve said (too? ;-) often in lectures: that engineers should develop a feel for what the answer might be, as a reality check for the calculations later.
 Part b) This was a standard 2D integration with curves as boundaries, which most of you seemed to get. This is great, because last year’s PKK363 students really struggled with this concept, so I adapted how I present it.
 Question 7 [5 marks]
 Part a) This was a straightforward cross product of a rotation vector and position vector, like we did in class. The sketch was intended to see if you understood what the math was telling you, and if you appreciated that we were asking for velocity of a point on the disk. The only small “trick” was understanding that, in the standard right-handed coordinate system, a positive rotation means counterclockwise around an axis when you’re looking “down” on the axis – I even showed a nice ACM visualization of this in 3D in class -- so looking “up” the axis from behind means that a clockwise rotation is actually a positive rotation when looked at from the correct direction.
 Part b) The intention here was to make sure you knew that the line y = x axis means a vector of either [1,1,0] or [-1,-1,0], but that you need to take its unit vector before you multiply it by the rotation rate and do the cross product.
 Note: rpm = rotations per minute, a very standard term in engineering that you should know (or now learn), but should be converted to radians/sec. We didn’t penalize for this since I didn’t ask for the answers in specific units.
 Question 8 [10 marks]
 Part a) This should have been trivial, just the first and second derivatives of the given position vector r.
 Part b) This was mainly to test whether you know what a vector plot should look like given the vectors in numerical form, as we had done in class.
 Part c) The question asked you to prove this for any curve, so not just plug in values from above. This was just a straightforward application of a product rule, i.e. (v dot v)’ = v’ dot v + v dot v’, and of course v’ = a.
 Part d) This was a bit tricker, and depended on you recognizing that |v| = (v dot v)^1/2, which can be differentiated via the chain rule and the product rule used for c. The intention was for you to prove this for any vector, as in part c), but since I didn’t explicitly (re)state this, we were gentle with the marking if you solved it for the specific vectors from b.
 Question 9 [5 marks]
 Part a) This was a straightforward application of the arc length integral, for which I gave you the answer. The only “trick” was starting from that s(t) and converting it to t(s). This meant treating s like a constant when solving for roots of t, and recognizing that only the positive root of t is allowed since it should have been clear that t&gt;=0.
 Part b) This was about understanding that s(t) literally tells you how long the curve is, so here the length is simply s(10)-s(0) = 140. Halfway along the length means s = 140/2 (not where t=10/2). Radius of curvature is 1/r’’(s) as we showed in class, here with s=70, but no need to calculate.
 Question 10 [5 marks]
 Part a) The gradient is straightforward to calculate, so the real test was whether you had the ability to think through what the vector field looks like for a given math expression. The sketch didn’t need to be exact, but would have been “easy” if you considered first what the vectors looked like along the edges where one of the coordinates is fixed, so the gradient vector is easier to interpret, e.g. at the top they’d be pointing downwards with increasing length as you move left to right, etc.
 Part b) This started with asking you for a straightforward calculation of the directional derivative. You should know that “diagonal” means a line going from one corner to its opposite. Downward to the right for a square means the direction of [1, -1]/sqrt(2). I then wanted to test if you understood, from the lectures, that the maximum possible value of a directional derivative is always in the direction of the gradient vector, which in this case is close to, but not exactly the diagonal (hence why I asked you to use a particular number of significant digits…).",not related,,,,,,R0598,484,ID-6BC59E920A0B1962,1,train,reviewed_real,,,"The Mars Climate Orbiter Wikipedia link is illustrative background, not an actionable calendar-item URL."
PKK363I7 F JPW9275 20259:Engineering Analysis,About Assignment 7,Grace Hobbs Price,45963.21805555555,"Hi everyone,
 This week's assignment should be completed partly on Wileyplus and partly via google form with the following link:
 https://resource-b76819399d8d1fa8.example.edu/p3a10913a/pbe5e5594/pe3597233/p8f05f380/p293b1c3c?k1=92b08f7921
 Due Date: 9th November 2025 yp 55:59 PM
 Good luck,
 Grace",deadline,,https://resource-b76819399d8d1fa8.example.edu/p3a10913a/pbe5e5594/pe3597233/p8f05f380/p293b1c3c?k1=92b08f7921,Assignment 7,,2025-11-09 23:59,R0599,485,ID-D2B22B38A2A25171,1,train,reviewed_real,,,"The body says November 9, not November 20; the title is shortened to the assignment name."
PKK363I7 F JPW9275 20259:Engineering Analysis,LAPTOP LEFT BEHIND AT MIDTERM - will bring to tomorrow (Thursday) lecture,Rachael Harrell,45952.88888888889,Someone left a laptop being in JU337. I have it and will bring it tomorrow to lecture.,notice,,,Recovered Laptop Pickup at Lecture,2025-10-22 21:20,,R0600,486,ID-9209902F04C2549F,1,train,reviewed_real,,,"This is a lost-property notice without a standalone calendar item; JU337 describes where the laptop was left, not an event location. [2026-07-11 re-audit] The announcement gives an actionable pickup notice; start_time is assigned from Venue-1C8DA09F18 posted_at. Notice start_time set to Venue-1C8DA09F18 posted_at; end_time left blank per the user's rule."
PKK363I7 F JPW9275 20259:Engineering Analysis,torsion not on midterm,Rachael Harrell,45947.82986111111,"Just met with some of your classmates who had some Qs, and I got the sense that folks may be (too) worried about torsion. While curvature is fair game, I will *not* ask you to calculate or derive torsion on the midterm. I just wanted to show you the Frenet coordinate system (and torsion) just to see how the math can be -- and is -- applied (and not just to blood vessels).",not related,,,,,,R0601,487,ID-BC7941D57784C4D6,1,test,reviewed_real,,,Reviewed; existing target fields retained.
PKK363I7 F JPW9275 20259:Engineering Analysis,problem with 9am lecture audio,Rachael Harrell,45947.73055555556,"So it turns out that my AirPods, in my backpack but without their little box (which I accidentally left at home) were fighting for control with my laptop mic, hence the poor audio. This was fixed for the ID-363E39C00CB8C1B2 lecture. (Again, in future, please feel free to interrupt...)
 Recordings are now available, so please only watch/review the ID-363E39C00CB8C1B2 one.",not related,,,,,,R0602,488,ID-7D71FE7C3FD053D9,1,test,reviewed_real,,,Reviewed; existing target fields retained.
PKK363I7 F JPW9275 20259:Engineering Analysis,divergence of a unit vector,Rachael Harrell,45946.748611111114,"This came up in class today: What is the meaning of the divergence of a unit vector v /| v |?
 Well, div( v /| v |) = div( v )/| v |, meaning that it's just the divergence at each point normalized to the magnitude of the vector at each point.",not related,,,,,,R0603,489,ID-93D5C8F8629AE398,1,train,reviewed_real,,,Reviewed; existing target fields retained.
PKK363I7 F JPW9275 20259:Engineering Analysis,"Gradients, Divergence, Curl and ""Conservation"".",Rachael Harrell,45946.709027777775,"From notes 15, slide #12 I mentioned that div( v ) will tell us something about ""conservation"", and curl( v ) something about ""rotation"". I appreciate there might be confusion, because in notes 16 I mentioned that vector fields that can be derived as the gradient of a potential function are conservative . By the latter I meant that energy is conserved, i.e. you don't lose or gain energy as you move through the field. Whereas, today I showed that div( v ) = 0 means mass is conserved. Tomorrow we will talk about what curl can tell us, but in short, for any vector field v :
 div( v ) = 0 means that there is no source or sink adding or removing mass (or, say, magnetic charge) to a field. The latter is why it's also called a "" solenoidal "" field
 curl( v ) = 0 will be shown to mean that the vector field has no rotation, i.e. it is "" irrotational "".
 A vector field that derives from the gradient of a scalar function (i.e. v = grad(f)) is by definition a (energy) conservative field . In which case:
 If div( v ) = 0 and v = grad(f), then the vector field is both conservative and solenoidal . Since div(grad) is the definition of the Laplacian operator, that means that any (scalar) solution, f, of the Laplace equation has a gradient field that is both conservative and solenoidal.
 If curl( v ) = 0 and v = grad(f), the vector field is both conservative and irrotational . However, for any vector, curl(grad( v )) = 0 (try it!), meaning that all conservative fields are irrotational , but not all irrotational fields are conservative. This will become useful when we get into line integrals...",not related,,,,,,R0604,490,ID-6B21D997289F4995,1,train,reviewed_real,,,Reviewed; existing target fields retained.
PKK363I7 F JPW9275 20259:Engineering Analysis,Confusion about question 5 of tutorial 6,Grace Hobbs Price,45946.02361111111,"Hi everyone,
 For those who were unsure about the direction of greatest increase at a point p p , I’d like to refer you to Kreyszig , Section 9.7 (“Gradient as a Vector. Maximum Increase”). It states that if ∇ f ( p ) ≠ 0 \nabla f(p) \neq 0 at some point p p , then the gradient vector points in the direction of the maximum increase of f f at that point.
 Hope this helps!
 Best, Grace",not related,,,,,,R0605,491,ID-CE10EFE7E8E39217,1,validation,reviewed_real,,,Reviewed; existing target fields retained.
PKK363I7 F JPW9275 20259:Engineering Analysis,Tutorial - DR873,Ashlee Elliott,45945.711805555555,"Garrett all,
 I am unwell and cannot come to today’s DR873 tutorial . Rasmussen attend one of the following sessions instead:
 DH795 — Grace Wolf
 HX923 — Mike Ayers
 Foster you for your understanding.
 Buck Steve,
 Ashlee",notice,DR873,,DR873 Tutorial Cancelled,2025-10-15 17:05,,R0606,492,ID-A18BB4C4FD2F1D00,1,train,reviewed_real,,,The body cancels today's DR873 tutorial and explicitly names its room; alternate rooms have no times and are options rather than separate scheduled targets. [2026-07-11 re-audit] Notice start_time set to Venue-1C8DA09F18 posted_at; end_time left blank per the user's rule.
PKK363I7 F JPW9275 20259:Engineering Analysis,Assignment 6,Grace Hobbs Price,45943.11041666667,"Hi everyone,
 This week's assignment should be completed partly on Wileyplus and partly via google form with the following link:
https://resource-a2d589fb84f2a3e0.example.edu/pfb646929/p5d620104/pc6425ee6/p77815753/p9448e533?k1=fcc35aab5d
 Due Date: 19 October 2025 yp 55:59 PM
 Good luck,
 Grace",deadline,,https://resource-a2d589fb84f2a3e0.example.edu/pfb646929/p5d620104/pc6425ee6/p77815753/p9448e533?k1=fcc35aab5d,Assignment 6,,2025-10-19 23:59,R0607,493,ID-1F4B6662AF8AA53A,1,train,reviewed_real,,,"The due date is October 19, not October 20; the title is shortened to the assignment name."
PKK363I7 F JPW9275 20259:Engineering Analysis,Important info re: midterm on Jyy 55,Rachael Harrell,45942.41527777778,"As promised, here are some pointers regarding the Jyy 55 midterm (Pinecrest Centre 100, starting 3:10 sharp).
 First of all, here are the instructions that will be printed on the exam sheet:
 This midterm test is worth 35% of your course grade.
 It must be completed in 1 hour yxb 99 minutes.
 There are a total wu 90 ID-493BD7E0444E440F: 5 multiple choice ID-493BD7E0444E440F below; and 5 longer problem-type ID-493BD7E0444E440F on the other side of this page.
 The number of marks for each question and sub-question are indicated in brackets. Allocate your time accordingly, and read each question carefully.
 This assessment is Type C2, meaning you may use a 5""x11"" double-sided aid sheet that has been hand-written, but may be mechanically reproduced (e.g., prepared on a tablet and printed).
 You may use any non-programmable electronic calculator (Calculator Type 2).
 Clearly underline or otherwise highlight all final answers, and remember that an exam is an exercise in communication. Marks can be deducted for sloppy or unclear answers.",event,Pinecrest Centre 100,,PKK363 Midterm,2025-10-22 15:10,2025-10-22 16:55,R0608,494,ID-74D1F21A3ED39C5E,1,train,reviewed_real,,,"The body gives a 3:10 PM start and a 1-vvuw-63-minute duration, so this is an event with a computed 4:55 PM end and explicit venue."
PKK363I7 F JPW9275 20259:Engineering Analysis,Important info re: midterm on Jyy 55,Rachael Harrell,45942.41527777778,"Please compose/print your aid sheet on this standard form . Also, because the marking will be done on Crowdmark, it will be important for you to bring dark-coloured pens or pencils to ensure the scans of the booklets are clear. Also, because of the Crowdmark bubble sheet, I suggest you bring along a pencil and eraser in case you make a mistake, since it will be difficult to remove/replace the bubble sheet in your booklet. (Unfortunately Crowdmark only provides bubble sheets tpuq 325 ID-493BD7E0444E440F per page, but you'll only need to fill out five of them :-)
 Second , as mentioned on Friday, the midterm can cover material up to and including Friday's lecture on gradients . Any material we cover this coming week will NOT be on the midterm, but will become useful as we move towards vector integral calculus. The midterm will also NOT cover Matlab, i.e., I will not ask you to write or interpret any Matlab code. Also a reminder that there will be no lecture on Tuesday, October 21 , since I will be involved in the CEAB site visit that keeps (y)our engineering program accredited.
 Third , I appreciate that there is some anxiety because you don’t have past midterms for this revised curriculum. As I mentioned in lectures, I am always aiming to improve/test your ability to do the math, but also your understanding and ability to interpret what you’re doing. The WileyPlus exercises and assigned ID-493BD7E0444E440F are good for practicing the former, but admittedly less so for the latter.
 As just one example, I overheard some students talking about one of the ID-493BD7E0444E440F from Kreyszig 10.3, regarding the centroid of a trapezoid. Were I to ask a similar question on a midterm (which I obviously won’t ;-), it would likely have two parts, a) and b). For part a), I would ask you to determine the centroids via double integration. I’d expect you to know that the x-centroid is in the center because of symmetry, and doesn’t necessarily need to be calculated (as long as you justify why), but that you do need to calculate the y-centroid. For the latter I'd hope you'd recognize to do this via three separate integrations for the numerator of the y-centroid formula: one for the central rectangle and one each for the end triangles. For part b), I’d maybe ask you to explain how the centroid would change if I flipped one of the end triangles, i.e., creating a parallelogram. In which case, I’d hope you’d know not to waste time by starting from scratch, but recognize: (i) that the total area (denominator of the centroid formula) doesn’t change; and (ii) that two of the three integrals in the numerator also don’t change. (I repeat, however, that this specific question will NOT be on the midterm. :-)
 I therefore encourage you to go through, yourself, examples I have done in class, paying attention to what I’ve tried to highlight about their meaning or interpretation. Active Calculus Activities (some of which I’ve done in lectures) and Exercises are also a good way not only to practice solving problems but also to think about what understanding they might be aimed at. Same goes for Kreyszig textbook's CAS-type exercises. With that said, we will of course calibrate if the midterm turns out to be too difficult (or too easy :-).",notice,,,PKK363 Lecture Cancelled,2025-10-12 09:58,,R0609,495,ID-74D1F21A3ED39C5E,1,train,reviewed_real,,,"The no-lecture date was correct, but the calendar item lacked a meaningful title. [2026-07-11 re-audit] Notice start_time set to Venue-1C8DA09F18 posted_at; end_time left blank per the user's rule."
PKK363I7 F JPW9275 20259:Engineering Analysis,Looking for volunteer notetaker,Rachael Harrell,45939.29861111111,,not related,,,,,,R0610,496,2766698013a45afc,1,validation,reviewed_real,,,Reviewed; existing target fields retained.
PKK363I7 F JPW9275 20259:Engineering Analysis,corrections to slides 13 ytr 32,Rachael Harrell,45937.65277777778,"Thanks alec a couple of students who pointed out the extra 'R' in the coriolis derivation on slides 8 and 9 from today. Corrected slides are now in Files directory: PKK363_13_ID-83A8C03474D24C75_ID-3EFB3BD95A5735F7.pdf . (Note that I do *not* want/expect you to write down those three acceleration terms on your aid sheets. This was an example/application of exercising the use of vector calculus and derivations. :-)
 Also, there was a minor correction to slides 7 and 8 from last week, noted by students in class. I hadn't uploaded because I wanted to make sure there were no further corrections. So here are the corrected slides, also in Files directory: PKK363_12_ID-9B7B0E46A309B87F_ID-3EFB3BD95A5735F7.pdf",not related,,,,,,R0611,497,70afa2968982543e,1,train,reviewed_real,,,Reviewed; existing target fields retained.
PKK363I7 F JPW9275 20259:Engineering Analysis,About Q9 of the WileyPlus Assignment #3,Grace Hobbs Price,45929.933333333334,"Hi everyone,
 Some of you noticed a mismatch in Q9 between the bracket form and the unit-vector form. For example, b = [-6, 4, 0] is incorrectly shown as 2i − 2j ; the correct unit-vector form is −6i + 4j + 0k . I’ve reported this to WileyPLUS. Until it’s fixed, please treat the bracket notation as authoritative and ignore the unit-vector expression when they conflict.
 If your mark was affected by this issue, I will reset it so you can resubmit your answer without penalty.
Best Steve,
Grace",not related,,,,,,R0612,498,ID-2ADA81F5756D99A5,1,train,reviewed_real,,,Reviewed; existing target fields retained.
PKK363I7 F JPW9275 20259:Engineering Analysis,About Q5 of Assignment 3,Grace Hobbs Price,45929.83263888889,"Hi everyone,
some of the students have reported an issue with Q5 of assignment 3 (which is actually the forth assignment) on WileyPlus, but there is no problem with the question as written. Hint: the notation (a b c) denotes the scalar triple product.
Hope this helps.
kind Steve,
Grace",not related,,,,,,R0613,499,ID-9627069C39775A70,1,train,reviewed_real,,,Reviewed; existing target fields retained.
PKK363I7 F JPW9275 20259:Engineering Analysis,"""Practice"" PKK363 midterm",Rachael Harrell,45927.98541666667,"As some of you have pointed out, owing to the curriculum changes made to PKK363, you can't rely on previous midterms to practice from. All I can offer you is last year's final exam, which focused on Kreyszig Chapters 9 ezk 38: PKK363_ID-80029F3B5A71352D_ID-493BD7E0444E440F.pdf .
 Based on the current lecture pace, the midterm will cover everything we've done so far on multivariable functions (including material not covered in Kreyszig) and up to at least Kreyszig 9.7 (Gradients), but possibly also 9.8 (Divergence) and 9.9 (Curl).
 There may be a few Slido or Forms-type ID-493BD7E0444E440F, which are aimed at testing your intuition about the math and/or what it represents physically or visually. Primarily, you can expect multi-part ID-493BD7E0444E440F of the type on last year's final exam, where I will test your ""mechanics"" of the math (i.e., the plug and chug), but also probe your understanding of what you're doing and/or your ability to extrapolate from your calculations.
 (Please note that, in light of the changes to the course material, I reduced the weight of the midterm ptsc 12% last year kr 06% this year, so that you might feel a bit less pressure, and have a chance to recalibrate, if needed, for the final exam. On the other hand, please also keep in mind that students going into last year's final exam had much less ""training"" on the material from Kreyszig 9 ezk 38, so I might also take that into account in the design/depth of midterm ID-493BD7E0444E440F.)
 As I tell students in all of my courses, the key to excelling is doing, yourself, the assignments, exercises, and in-class examples, and understanding what you're doing, not just memorizing the steps.",not related,,,,,,R0614,500,ID-15A6CD7FA294525E,1,train,reviewed_real,,,Reviewed; existing target fields retained.
PKK363I7 F JPW9275 20259:Engineering Analysis,Corrected minor errors on slides 08 dfa 23,Rachael Harrell,45927.498611111114,"I've posted in the Files directory the corrected versions of slides 08 dfa 23, to fix the (minor) errors I noticed in class:
 08 slide #10 - replaced first cos theta with cos^2 theta on third last tkny
 13 slide #4 - added missing negative signs to the ""inverse"" unit vector cross products
 09 slide #5 - added missing k to unit vector form of vector b",not related,,,,,,R0615,501,ID-CF4F6C2B817F2CE1,1,test,reviewed_real,,,Reviewed; existing target fields retained.
PKK363I7 F JPW9275 20259:Engineering Analysis,student who wanted to ask me a question at the end wu 90-ID-51583D359B89D778 lecture,Rachael Harrell,45923.873611111114,"To the student who asked me at the beginning of today's ID-6F79EB904CC2A1A5 lecture if they could ask me a brief question afterwards, apologies for missing you and then ending up answering other ID-493BD7E0444E440F. Please feel free to reach out to me by email &lt;user_d0311a1357b3@example.edu&gt;",not related,,,,,,R0616,502,ID-AA4F0F607D7ADCB1,1,validation,reviewed_real,,,Reviewed; existing target fields retained.
PKK363I7 F JPW9275 20259:Engineering Analysis,Assignment 3,Grace Hobbs Price,45922.09097222222,"Hi,
 This week's assignment should be completed partly on Wileyplus and partly via google form with the following link.
https://resource-09e5552d568ac988.example.edu/p6fdf3f0a/pfda694cd/p080d5c83/p112c25e3/p71c038c7?k1=44cbcae96d
 Due Date: 28 September 2025 yp 55:59 PM
 Good luck,
 Grace",deadline,,https://resource-09e5552d568ac988.example.edu/p6fdf3f0a/pfda694cd/p080d5c83/p112c25e3/p71c038c7?k1=44cbcae96d,Assignment 3,,2025-09-28 23:59,R0617,503,ID-E344598077066BB8,1,test,reviewed_real,,,"The body says September 28, not September 20; the title is shortened to the assignment name."
PKK363I7 F JPW9275 20259:Engineering Analysis,"Minor correction to triple integral slides, and missing slide from ID-363E39C00CB8C1B2 lecture",Rachael Harrell,45919.899305555555,"Apologies to zhs 75-ID-51583D359B89D778 class today, it does seem that one slide on my powerpoint deck got deleted at the end of the ID-4DC6A4BF3C177373 lecture ¯\_(ツ)_/¯ A screenshot is attached below, which provided the definition for the (right circular) cone that we integrated two slides later. However, this slide was present in the pdf notes file that I originally posted online.
 That said, there was a typo on slide 10 of those notes, which I've now corrected in an updated file: PKK363_06_ID-0C63AA8CF67BFE92_ID-3EFB3BD95A5735F7.pdf",not related,,,,,,R0618,504,ID-906E27A1D89992CC,1,train,reviewed_real,,,Reviewed; existing target fields retained.
PKK363I7 F JPW9275 20259:Engineering Analysis,Corrections to today's slides,Rachael Harrell,45916.6625,"Corrected slides are in the files directory, here: PKK363_05_DoubleIntApps_ID-3EFB3BD95A5735F7.pdf
 For slide 5, I clearly had centroids on the brain :-) Of course for a single variable function the average value (ybar) is not what splits the area in two, but rather the horizontal line whose area underneath is equal to the area under the function f(x). Same would apply to a double integral, i.e. the volume under fbar would equal the (net) volume under the function f(x,y).
 For slide 9, just a sloppy transcription error and not noticing the mistake (see, we all do it! :-)",not related,,,,,,R0619,505,ID-0FA8AA2FABF318EF,1,train,reviewed_real,,,Reviewed; existing target fields retained.
PKK363I7 F JPW9275 20259:Engineering Analysis,Tomorrow (Fhl 34) slides (and Matlab example) posted,Rachael Harrell,45915.998611111114,Sorry for the delay!,not related,,,,,,R0620,506,ID-BAE01AA0AEE3B67F,1,validation,reviewed_real,,,Reviewed; existing target fields retained.
PKK363I7 F JPW9275 20259:Engineering Analysis,PKK363-Assignment 2,Grace Hobbs Price,45914.9,"Hi,
This week's assignment should be completed partly on Wileyplus and partly via google form with the following link.
 https://resource-ac3fd39b97cc160e.example.edu/p713a5a57/p06aab2b2/p7e455118/pcfbee476/p91d25139?k1=6bd7285636
Due Date: 21 September 2025 yp 55:59 PM
Good luck,
Grace",deadline,,https://resource-ac3fd39b97cc160e.example.edu/p713a5a57/p06aab2b2/p7e455118/pcfbee476/p91d25139?k1=6bd7285636,Assignment 2,,2025-09-21 23:59,R0621,507,ID-437730F984A313D0,1,train,reviewed_real,,,"The body says September 21, not September 20; the title is shortened to the assignment name."
PKK363I7 F JPW9275 20259:Engineering Analysis,Corrections to notes 02,Rachael Harrell,45909.76458333333,"There were a couple of typos, one I noticed in one of the lecture, and another when a student came up afterwards with a question.
 Generally, I will keep track of these and post a corrected version of the slides, using redlined text to strike-out the incorrect element on the slide, and now replaced with the correct element. In PKK363_02_ID-A759173A051B3F4B_ID-3EFB3BD95A5735F7.pdf , you can see this on slides 5 vgn 82.",not related,,,,,,R0622,508,ID-65DA2E32ACC8C52B,1,train,reviewed_real,,,Reviewed; existing target fields retained.
PKK363I7 F JPW9275 20259:Engineering Analysis,WileyPlus refunds - no need to email,Rachael Harrell,45905.972916666666,"For those of you who purchased through WileyPlus, Tyrone @ Wiley said there is no need to email, they will be processing the refunds in 7-10 business days.",not related,,,,,,R0623,509,ID-44802A4D0B5FD801,1,train,reviewed_real,,,Reviewed; existing target fields retained.
PKK363I7 F JPW9275 20259:Engineering Analysis,Midterm confirmed: Wed Jyy 55 ID-741FB62C2A9C9E57 in Pinecrest Centre 100,Rachael Harrell,45905.85138888889,Just got the notice from the UG office.,event,Pinecrest Centre 100,,PKK363 Midterm,2025-10-22 15:00,2025-10-22 17:00,R0624,510,ID-BA0BA804F231C973,1,train,reviewed_real,,,"The announcement title supplies the confirmed date, time range, and room even though the short body only says the booking was confirmed."
PKK363I7 F JPW9275 20259:Engineering Analysis,Refunds for previous purchases made directly through WileyPlus,Rachael Harrell,45904.794444444444,"In order to get the $65 (+tax) discounted price you have to purchase through UofT Bookstore.
 If you already purchased directly through WileyPlus, user_24c4755fbea1@example.edu and she will process a refund of the difference.
 Note that, moving forward, you should *not* purchased directly from Wiley. Sorry for the confusion!",not related,,,,,,R0625,511,ID-E1C8EA55FC51B407,1,train,reviewed_real,,,Reviewed; existing target fields retained.
PKK363I7 F JPW9275 20259:Engineering Analysis,Zoom recordings,Rachael Harrell,45904.77222222222,"I forget to turn off zoom after Section ID-5C7BA4FDDD9581F7, so it's a two-hour recording rather than two separate one-hour recordings.
 Either way, though, if you find you are having trouble accessing the recordings, you need to make sure you are using your UofT-licensed Zoom account: How can I verify that I'm using a UofT-licensed Zoom account?
 If you are logged in with the correct account and the issue persists, please share a screenshot of what you are seeing when you access the recordings and user_d8aff960fc22@example.edu .",not related,,,,,,R0626,512,ID-D49DDFDA5DEEF117,1,test,reviewed_real,,,Reviewed; existing target fields retained.
PKK363I7 F JPW9275 20259:Engineering Analysis,Discount for WileyPlus purchased through UofT Bookstore,Rachael Harrell,45904.76875,"I've confirmed and arranged with Herbert that if you buy via the UofT Bookstore you can get a license for WileyPlus (and the ebook, presumably) for $65. If you have already purchased at the higher price, don't worry, you will automatically receive a refund for the difference, but I've been told it might take a week or two.
 Thanks alec stafford Katie ferrell asked about this. Apparently this discount is for any course that uses WileyPlus for graded assignments; I had assumed that it would automatically be in place this year since that's the way we used WileyPlus last year.",not related,,,,,,R0627,513,ID-870B41D1EF4D5C98,1,train,reviewed_real,,,Reviewed; existing target fields retained.
PKK363I7 F JPW9275 20259:Engineering Analysis,PKK363 midterm during tutorial time on Jyy 55,Rachael Harrell,45903.88402777778,"I have gotten a few ID-493BD7E0444E440F about the scheduling of the PKK363 midterm, because I guess there is another midterm scheduled from ID-621F574EDB5F8596 on Jyy 55.
 I had specifically requested from the undergrad office that the PKK363 midterm be booked for ID-741FB62C2A9C9E57, i.e. during the tutorial time, since I know you all are (or should be :-) available. I just emailed the undergrad office to confirm that this has indeed been booked, and then will confirm with you ASAP.",event,,,PKK363 Midterm,2025-10-22 15:00,2025-10-22 17:00,R0628,514,ID-E820AEAFB11A18D0,1,test,reviewed_real,,,The PKK363 requested slot is 3-5 PM; 6-8 PM belongs to another course's midterm and was incorrectly parsed gm 81:00-20:00.
PKK363I7 F JPW9275 20259:Engineering Analysis,Office Hours,Grace Hobbs Price,45903.879166666666,"Hi everyone,
The TAs' office hours are as follows:
1. Mike Ayers (user_c8824cfaa20e@example.edu): Mondays 4-5 PM
2. Grace Hobbs (user_88802a1720a9@example.edu): Wednesdays 5-6 PM
3. Ashlee Elliott (user_029e20f3aa51@example.edu) Fridays 11 KZ - 31 PM
TAs' office location: PN 9484
Thank you.
Steve,
Grace",not related,,,,,,R0629,515,ID-F16553E12FAD5E43,1,train,reviewed_real,,,"The recurring weekday office-hours list has no concrete dates representable in the target schema, so it has no single calendar item and should not retain a standalone location."
PKK363I7 F JPW9275 20259:Engineering Analysis,Slides for Thu lecture posted,Rachael Harrell,45903.72152777778,"I won't make an announcement every time I post new slides, just check the Lecture Notes and Files directory the night before. Still polishing Friday's notes, hope to have them up by tomorrow evening :-)",not related,,,,,,R0630,516,ID-32A5CF7C6C041608,1,train,reviewed_real,,,Reviewed; existing target fields retained.
PKK363I7 F JPW9275 20259:Engineering Analysis,PKK363 Tutorials-First Session,Grace Hobbs Price,45903.06736111111,"Our first session will be held Wednesday, September 3, from 3 PM to 5 PM in BO M927.",event,BO M927,,First PKK363 Tutorial,2025-09-03 15:00,2025-09-03 17:00,R0631,517,ID-96FBEBDE96EFC203,1,train,reviewed_real,,,The title is shortened and the three simultaneous tutorial-room targets are separated. [2026-07-11 re-audit] Restored item-specific source context and removed multi-item target ambiguity.
PKK363I7 F JPW9275 20259:Engineering Analysis,PKK363 Tutorials-First Session,Grace Hobbs Price,45903.06736111111,"Our first session will be held tomorrow, Wednesday, September 3, from 3–5 PM at the following locations:
Andrew 873",event,Andrew 873,,First PKK363 Tutorial,2025-09-03 15:00,2025-09-03 17:00,R0632,517,ID-96FBEBDE96EFC203,2,train,reviewed_real,,,The title is shortened and the three simultaneous tutorial-room targets are separated.
PKK363I7 F JPW9275 20259:Engineering Analysis,PKK363 Tutorials-First Session,Grace Hobbs Price,45903.06736111111,"Our first session will be held tomorrow, Wednesday, September 3, from 3–5 PM at the following locations:
HX 923",event,HX 923,,First PKK363 Tutorial,2025-09-03 15:00,2025-09-03 17:00,R0633,517,ID-96FBEBDE96EFC203,3,train,reviewed_real,,,The title is shortened and the three simultaneous tutorial-room targets are separated.
PKK363I7 F JPW9275 20259:Engineering Analysis,Updated Course Zoom link: https://resource-0b9357d070277220.example.edu/pd360d52c/pa826eda2,Rachael Harrell,45902.67916666667,"I'd forgotten that I need to setup zoom within Quercus for you to be able to access the videos directly, vs. me having to share links every time. So from now on please use the zoom link in the title or just click on the Zoom menu item to the left.
 You may have to ""register"" first/again using your utoronto email, but then moving forward you *should* be able to access all new videos.
 For now, today's video (recorded using the ""old"" zoom link) can be accessed here: https://resource-27a5b99df101e912.example.edu/p7e870725/p8ae0c5c8/p100630cd",not related,,"https://resource-0b9357d070277220.example.edu/pd360d52c/pa826eda2
https://resource-27a5b99df101e912.example.edu/p7e870725/p8ae0c5c8/p100630cd",,,,R0634,518,ID-04DB075BEB4EA698,1,train,reviewed_real,,,Both the updated course Zoom link in the title and the explicitly provided recording link are actionable.
PKK363I7 F JPW9275 20259:Engineering Analysis,WileyPlus Info,Rachael Harrell,45902.66805555556,"Here is the info provided by WileyPlus to register for PKK363. Please follow the instructions below
 To register for your course simply go to www.resource-459c4ee332bab69b.example.edu/p1a5326c6/pa5ba4983 . Click “Sign up now” to create an account. You will be asked to enter your course section ID ( ID-99578DEDDD6F10AA ) for PKK 363 Kreyszig, Advanced Engineering Mathematics, 10e - Xnog 8216 - Harrell to find your course and complete the registration process.
 If you already have a WileyPLUS account, just log in and click the yellow ‘Add more courses’ button. You will be asked to enter your course section ID ( ID-99578DEDDD6F10AA ) to find your course and complete the registration process.",not related,,https://resource-1a50ed8d13b24ec8.example.edu/p9111416b/p88cfaf6d,,,,R0635,519,ID-7BA7DAD4DEDCB03D,1,test,reviewed_real,,,The WileyPlus registration URL is an actionable external link and was omitted.
PKK363I7 F JPW9275 20259:Engineering Analysis,First lecture tomorrow (Tue Sep 2),Rachael Harrell,45901.569444444445,"I encourage you to attend in person, but remember there is a synchronous and asynchronous hybrid (zoom) option at https://resource-17177c3675151897.example.edu/p8f85aa1a/pf74aeae0 for those who might not be able to make it in person..",notice,Zoom,https://resource-17177c3675151897.example.edu/p8f85aa1a/pf74aeae0,First PKK363 Lecture,2025-09-01 13:40,,R0636,520,ID-970FB66F1BDE886F,1,test,reviewed_real,,,The row contains two distinct dated starts: the first lecture and the first tutorial. [2026-07-11 re-audit] Notice start_time set to Venue-1C8DA09F18 posted_at; end_time left blank per the user's rule.
PKK363I7 F JPW9275 20259:Engineering Analysis,First lecture tomorrow (Tue Sep 2),Rachael Harrell,45901.569444444445,The first tutorial will be on Wed Sep 3 (day after tomorrow!).,notice,,,First PKK363 Tutorial,2025-09-01 13:40,,R0637,520,ID-970FB66F1BDE886F,2,test,reviewed_real,,,The row contains two distinct dated starts: the first lecture and the first tutorial. [2026-07-11 re-audit] Notice start_time set to Venue-1C8DA09F18 posted_at; end_time left blank per the user's rule.
PKK363I7 F JPW9275 20259:Engineering Analysis,First lecture tomorrow (Tue Sep 2),Rachael Harrell,45901.569444444445,"For this course you need to buy the textbook (in print or digital/online form; doesn't matter to me), but the key is to have access to WileyPlus, which will be used for most of the assignments. For this you will need a course code, which I hope to get from the folks at Wiley in the next couple of days. The first assignment will be handed out only before next week's tutorial (Wed Zep 20), so there is still plenty of time; and the first few lectures will anyway introduce material that is mostly not in the Kreyszig book.",notice,,,Assignment 1 Release,2025-09-01 13:40,,R0638,521,ID-970FB66F1BDE886F,1,test,reviewed_real,,,"September 10 is an anticipated assignment-release/tutorial milestone, not a submission deadline. [2026-07-11 re-audit] Notice start_time set to Venue-1C8DA09F18 posted_at; end_time left blank per the user's rule."
PKK363I7 F JPW9275 20259:Engineering Analysis,Matlab license,Rachael Harrell,45893.256944444445,"This course will require you to use Matlab for visualizing 2D and 3D functions and fields. The first tutorial (Wednesday, Sept 3) will provide an overview and review of Matlab specific to this course, so please come prepared with your laptop/device with Matlab installed.
 Matlab is free to any UofT student. To install, please check here: https://resource-d4cba51d80251bb6.example.edu/p11df02d1/p6dee71a6/pf317261d.html.",notice,,https://resource-d4cba51d80251bb6.example.edu/p11df02d1/p6dee71a6/pf317261d.html,PKK363 Matlab Tutorial,2025-08-24 06:10,,R0639,522,ID-AFD6D7EC67C8D35F,1,train,reviewed_real,,,The dated tutorial notice lacked a meaningful calendar title. [2026-07-11 re-audit] Notice start_time set to Venue-1C8DA09F18 posted_at; end_time left blank per the user's rule.
PKK363I7 F JPW9275 20259:Engineering Analysis,Zoom link,Rachael Harrell,45893.25277777778,"I've added a menu item for the course zoom: https://resource-17177c3675151897.example.edu/p8f85aa1a/pf74aeae0 .
 For this to work, please be sure you are logged into zoom using you utoronto email address, otherwise you won't be verified or have access to recordings.
 For more information: https://resource-5b52c6effd06ceeb.example.edu/p9481bb1a/pd3a0a133",not related,,https://resource-17177c3675151897.example.edu/p8f85aa1a/pf74aeae0,,,,R0640,523,ID-18B686E0E95B150A,1,train,reviewed_real,,,The course Zoom join URL is actionable; the general Zoom-information article is informational rather than an action target.
PKK363I7 F JPW9275 20259:Engineering Analysis,Updated syllabus with visible links,Rachael Harrell,45893.23333333333,"I heard from a student that the embedded link for the video course wasn't working, so I've updated the syllabus, attached, with the links provided explicitly.
 Note that the syllabus, and eventually course materials, is also available under ""Files"".",not related,,,,,,R0641,524,ID-78C72549C048434B,1,validation,reviewed_real,,,Reviewed; existing target fields retained.
PKK363I7 F JPW9275 20259:Engineering Analysis,Welcome to PKK363!,Rachael Harrell,45892.407638888886,"Please read carefully the attached syllabus for information about the course. More to come, but for now if you have any specific ID-493BD7E0444E440F not answered by the syllabus, please feel free to email me.",not related,,,,,,R0642,525,ID-28838C5923C01E2E,1,train,reviewed_real,,,Reviewed; existing target fields retained.
CAW652I7 F JPW9275 20259:Probability and Statistics with Engineering Applications,END OF TERM SUMMARY,None,45851.54652777778,"Hello Everyone:
 I would like to take this opportunity to wish you a safe and joyous New Year, as I summarize the term below:
 You will soon be receiving your course grades (as soon as they are approved by the Faculty) -- probably by end of next week.
 You can note below the average grades (rounded to the nearest ID-9727B69692517A58 grade, upwards/downwards) for term work, so that you can calibrate your expectations:
 Project: about 90% average
 Midterm: about 85% average
 Final Exam: about 55% average ...
 Expected class average for the course B+ (Expected range rij 70% of the students: 50 jh 30%) . :)
 All worked out, as discussed in class.
 ** -------- Regarding appeals and grade checks ----------
 0) Please note that the majority of the class went into the Final exam with an average jo 38 plus. But, only half the class will have a course grade above 80% (Normal distribution) - the final exam re-distributes the grades.
 1) Final-exam grades are not released, by Faculty guidelines. Namely, please do not ask me for your Final exam grade. :)
 2) I do not have access to your final exams - the Faculty Office has them.
 3) If you would like to have a re-mark request (or, even just to see your exam), you need to submit paperwork to the Faculty Office to get a copy of your Final Exam delivered to you/me, etc.
 ----------------------------------------------
 HAPPY NEW YEAR!
 BB",not related,,,,,,R0643,526,ID-B72CF72AC6E58D72,1,train,reviewed_real,,,Reviewed; existing target fields retained.
CAW652I7 F JPW9275 20259:Probability and Statistics with Engineering Applications,Autumn Project 2 Grades,Hayley Moore,46000.035416666666,"Hi Everyone:
 I re-posted all the Autumn Project marks . Please check later for your corrected grades!
 Autumn Project 2 Grades will be posted shortly. Please email me your appeals. I will pass them on to the TAs.
 Please note that the reports were graded 'hard' (but, fair, of course). Sorry!
 BB",not related,,,,,,R0644,527,ID-1077FE2AD42CB00E,1,train,reviewed_real,,,Reviewed; existing target fields retained.
CAW652I7 F JPW9275 20259:Probability and Statistics with Engineering Applications,Les Us REMEMBER THEM!,None,45851.54652777778,"National Day of ID-755D9553C512F267 and Action on Violence ID-EFE65B4B0C7C6F0B Women
 On "" December 6, 1989 , an armed man killed 14 women, and injured 13 other individuals at Polytechnique Montréal.
 Still incomprehensible to this day, this anti-woman attack stunned the entire country, and sent shockwaves throughout the entire world.
 By commemorating this painful event, we also highlight the courage, solidarity, and dedication to equity that the Polytechnique community continues to express.
 The triumphs and successes of our community are the most sincere way to honour tcu 70 women whose lives and dreams were dramatically and unjustly cut short.""
 ID-B32B8FE7AD41555A of Venue-1C8DA09F18:
 https://resource-efa070042db518c0.example.edu/p816b3793/pdd3188e8
 Canada:
 https://resource-f1f261f6f400893e.example.edu/p56612822/pd14a76f7/p077f8129/p442eff5f/p4f8b90f1.html",notice,,https://resource-efa070042db518c0.example.edu/p816b3793/pdd3188e8,National Day of ID-755D9553C512F267 and Action on Violence ID-EFE65B4B0C7C6F0B Women,2025-07-13 13:07,,R0645,528,ID-889EF03EB56EF571,1,train,reviewed_real,,,The body names the December 6 observance and links to the U of T event page; the government background page is not an actionable event URL. [2026-07-11 re-audit] Notice start_time set to Venue-1C8DA09F18 posted_at; end_time left blank per the user's rule.
CAW652I7 F JPW9275 20259:Probability and Statistics with Engineering Applications,Midterm Grades,Hayley Moore,45994.78611111111,"Hi Everyone:
 your midterm grades were lost for a few hours.
 They are back on
 Apologies! :)
 ps/ please check your grade and let me know, if you notice anything out of place.
 BB",not related,,,,,,R0646,529,ID-E04B82FC511A0281,1,validation,reviewed_real,,,Reviewed; existing target fields retained.
CAW652I7 F JPW9275 20259:Probability and Statistics with Engineering Applications,Content for Final Exam,None,45851.54652777778,"Hello Everyone:
 The Final Exam will cover ALL material from start of year till end of Chapter 11 - as included in class slides. :)
 ps/ NO specific weight attached for material after the midterm test.
 pps/ You may review past Final Exams for style.
 ppps/ No solutions will be provided for the past final exams.
 pppps/ If you have any ID-493BD7E0444E440F, please post them on the Discussion Board. In order for everyone to benefit from my answers, ID-493BD7E0444E440F posed via email to me will not be replied to . Sorry! :(
 BB",not related,,,,,,R0647,530,ID-BFE1DAE3C3AC6525,1,validation,reviewed_real,,,Reviewed; existing target fields retained.
CAW652I7 F JPW9275 20259:Probability and Statistics with Engineering Applications,Autumn Project CHI-Squared Table,None,45851.54652777778,"A complete Chi-squared table can be found here:
 http://resource-ef93dd7f4760d59c.example.edu/p7c1e06e5/p05f55e4e.php
 BB",not related,,http://resource-ef93dd7f4760d59c.example.edu/p7c1e06e5/p05f55e4e.php,,,,R0648,531,ID-AAB856C955C9BF95,1,train,reviewed_real,,,Reviewed; existing target fields retained.
CAW652I7 F JPW9275 20259:Probability and Statistics with Engineering Applications,Midterm Pickup and Regrading,None,45851.54652777778,"You can pick up your midterm at PU88 from 4 to 5 p.m.
on Thursday (today), November 13 th , and 3 to 4 p.m.",event,PU88,,Midterm Pickup,2025-11-13 16:00,2025-11-13 17:00,R0649,532,ID-7554B3D782FA2ED4,1,train,reviewed_real,,,The row contains two separate pickup windows plus a distinct regrading deadline; the first pickup was also one hour early in the existing output.
CAW652I7 F JPW9275 20259:Probability and Statistics with Engineering Applications,Midterm Pickup and Regrading,None,45851.54652777778,"You can pick up your midterm at PU88 from 3 PM to 4 PM on Friday, November 14.",event,PU88,,Midterm Pickup,2025-11-14 15:00,2025-11-14 16:00,R0650,532,ID-7554B3D782FA2ED4,2,train,reviewed_real,,,The row contains two separate pickup windows plus a distinct regrading deadline; the first pickup was also one hour early in the existing output. [2026-07-11 re-audit] Restored item-specific source context and removed multi-item target ambiguity.
CAW652I7 F JPW9275 20259:Probability and Statistics with Engineering Applications,Midterm Pickup and Regrading,None,45851.54652777778,"If you have a regrading request, return your exam only to Professor Moore during the lecture on Wednesday, November 19. No regrading request will be accepted after this.",deadline,,,Midterm Regrading Request,,2025-11-19 23:59 (time inferred),R0651,532,ID-7554B3D782FA2ED4,3,train,reviewed_real,,,The row contains two separate pickup windows plus a distinct regrading deadline; the first pickup was also one hour early in the existing output. [2026-07-11 re-audit] Restored item-specific source context and removed multi-item target ambiguity.
CAW652I7 F JPW9275 20259:Probability and Statistics with Engineering Applications,Autumn Project 2 submission,None,45851.54652777778,"Hi Everyone,
 The Autumn projects need to be submitted through Quercus. Please see the Assignments tab in our course - The submission page for Report 2 is now open.
 Your submission should be a single PDF file, with your name and student number included on first page , answers to the ID-493BD7E0444E440F, and the necessary screenshots of your Autumn worksheet (with properly labelled columns) clearly shown.
 Please remember to clearly define all your variables and show all your steps to receive full grades!
 &gt;&gt;&gt;&gt; Please start submitting your draft(s): As of Today lplj 765 submissions. (December 2, 2025).
 Thanks!
 GEORGE",not related,,,,,,R0652,533,ID-CDC718E8FDB4961E,1,train,reviewed_real,,,Reviewed; existing target fields retained.
CAW652I7 F JPW9275 20259:Probability and Statistics with Engineering Applications,Project 1 - Autumn - Grades,Hayley Moore,45960.76875,"Hi Everyone:
 Project 1 - Autumn - Grades have been posted.
 For appeals: Email the TA: Rose &lt;user_00fdbddf9074@example.edu&gt; ; AND, copy me on your email - detailing your concerns.
 BB",not related,,,,,,R0653,534,ID-5EC91D7C39572400,1,validation,reviewed_real,,,Reviewed; existing target fields retained.
CAW652I7 F JPW9275 20259:Probability and Statistics with Engineering Applications,"Reminder: IMPORTANT NOTICE FOR CAW652 Midterm and FINAL Exam:  ID-4BBCEF2773DD9D3D, Coats, Water bottles, and Masks",None,45851.54652777778,"Hi Everyone: Read all rules, please.
 For our (Type C ) Midterm and Final Exams: You may want to review: https://resource-bad7f2f9eca5a159.example.edu/p0faf5249/p00ec1e68
 Calculators: Type 1: All programmable and non-programmable electronic calculators are allowed.
 Aid Sheets: Type C1 : Such entries will be handwritten and not mechanically reproduced. Digitally prepared sheets ( e.g ., handwritten on a tablet) will not be permitted.
 All other loose pages will be confiscated during the exam.
 the blank ID-4BBCEF2773DD9D3D can be found at:
 https://resource-ab5c16fe9b4f61f2.example.edu/p0e144a57/pcf0e9dd3/pb074d5fa/p62c350a3/p2b149b86.pdf
 Or: ID-13F96B92E53913AC-ID-4BBCEF2773DD9D3D-0215.pdf
 You can write on both sides ..... Aid Sheets with material printed on them (i.e., not handwritten) will be confiscated.
 NOTE: Type C: A ""closed book"" ID-13F96B92E53913AC. A student may take a single, double-sided aid sheet to a Type C exam. The aid sheet is for personal use only and must be printed using the Faculty's template. Students may enter information on both sides of the aid sheet, without restriction. Such entries will be ONLY handwritten and not mechanically reproduced. Nothing may be fixed or appended to the sheet. The template may not be modified in any way and must be printed on 8.5"" x 11"" paper.
 An example of ' not allowed ID-4BBCEF2773DD9D3D ': If you fill-out your ID-4BBCEF2773DD9D3D on your tablet, handwritten or typed, and you then print it, it will be confiscated.
 Also: Other rules for the CAW652 exams:
 1) Please take your coat and bags with you when you sit down. Keep them under your chair or desk.
 2) All water bottles must be kept on the floor. NO liquids on your desk.
 3) Must have your student card ready on your desk.
 4) At the end of the exam, please take all your belongings, proceed to the front of the room, hand-in your exam and leave the room. KEEP YOUR ID-4BBCEF2773DD9D3D and (for the Final Exam) the TABLES BOOKLET , please.
 Note: For CAW652 exams, you are encouraged to wear a mask. Though, regardless, during the exam, if you were to choose to ask a question to me, you will need to wear a mask. I will bring extra masks to the exam. :)
 BB",not related,,"https://resource-bad7f2f9eca5a159.example.edu/p0faf5249/p00ec1e68
https://resource-ab5c16fe9b4f61f2.example.edu/p0e144a57/pcf0e9dd3/pb074d5fa/p62c350a3/p2b149b86.pdf",,,,R0654,535,ID-D33E1B5526AFC08E,1,train,reviewed_real,,,Reviewed; existing target fields retained.
CAW652I7 F JPW9275 20259:Probability and Statistics with Engineering Applications,Participants for A Study on Machine Learning and Understanding,Hayley Moore,45953.711805555555,"Hi Everyone:
 The ELO Lab at UofT is recruiting participants for a study on machine learning and understanding. You’ll read a poem and a short story, answer ID-493BD7E0444E440F about each, and have your facial expressions and audio recorded over Zoom.
 Participants can win $500.
 To participate or for more information, contact user_e7c7ddf59bbd@example.edu ""
 Thanks,
 Roberta",not related,,,,,,R0655,536,ID-4B68BEA0149B9196,1,train,reviewed_real,,,Reviewed; existing target fields retained.
CAW652I7 F JPW9275 20259:Probability and Statistics with Engineering Applications,Autumn Project 1 Submission,Hayley Moore,45951.59930555556,"Hi Everyone:
 as of 5 minutes ago, still SQYD 259 Submissions were noted on the website!!! Almost there ....
 Please test your submission process. Less wjug 52 minutes to go.
 BB",deadline,,,Autumn Project 1,,2025-10-21 15:00 (time inferred),R0656,537,ID-B2B63244FFD2374F,1,validation,reviewed_real,,,"The countdown says fewer wjug 52 minutes remain; the Venue-1C8DA09F18-local posting time is about 2:23 PM, indicating the imminent 3:00 PM submission cutoff."
CAW652I7 F JPW9275 20259:Probability and Statistics with Engineering Applications,Autumn Project 1 Report Screenshot Clarification,None,45851.54652777778,"Hi Everyone,
 In addition to: https://resource-108c68b45a65fa52.example.edu/p133b50fe/p44eb4b0b/p9f7ecb36/p29cc223e?k1=c4ce4ac47e&k2=8180c99e30
 and https://resource-fa0599812b092b01.example.edu/p4fff75f8/p5901abb1/p50f7beca/p7f4f67c1
 Please note that in your submission for the Autumn Project 1 Report, you MUST include screenshots of your Autumn worksheet for the parts that use Autumn. You will lose marks if you don't include these screenshots!
 Please also note the maximum page count for this report and DO NOT go over this limit. No appendices or any other extra pages: (1) You will be penalized for extra pages, and (2) we will NOT read beyond the two pages.
 Thanks,
 Shelley Powers",not related,,"https://resource-108c68b45a65fa52.example.edu/p133b50fe/p44eb4b0b/p9f7ecb36/p29cc223e?k1=c4ce4ac47e&k2=8180c99e30
https://resource-fa0599812b092b01.example.edu/p4fff75f8/p5901abb1/p50f7beca/p7f4f67c1",,,,R0657,538,ID-9B0EEFD6F8B0AFEA,1,validation,reviewed_real,,,Reviewed; existing target fields retained.
CAW652I7 F JPW9275 20259:Probability and Statistics with Engineering Applications,Use of Autumn without a link!,None,45851.54652777778,"Hi Everyone: Last Warning .....
 It came to my attention that some of you may have still not activated your personal Autumn link and, thus, resorting to other means of accessing Autumn.
 Please note that UofT pays Autumn Software Providers with $$ per every link activated (ie, Licensing fee). By, for example, you using a friend's account, the ID-B32B8FE7AD41555A would be seen as not paying the correct fees, amounting to ""intellectual property theft""!!
 So:
 &gt;&gt;&gt; If, and only if , you did not activate your personal link, but still doing your project through other means: You will receive an INComplete grade, even if you submit your project report. Email me and explain what has happened!
 ps/ I have the list of all in above group.
 Please DO NOT EMAIL ME IF YOU HAVE USED YOUR OWN LINK!!
 Thanks,
 GEORGE",not related,,,,,,R0658,539,ID-BC4691CDC0AE83CB,1,train,reviewed_real,,,Reviewed; existing target fields retained.
CAW652I7 F JPW9275 20259:Probability and Statistics with Engineering Applications,New Slide for Chapter 2,Hayley Moore,45911.686111111114,"Hi Everyone:
 I added a new slide to Chapter 2 ....
 It is attached
 BB",not related,,,,,,R0659,540,ID-7187CC74C9A77449,1,train,reviewed_real,,,Reviewed; existing target fields retained.
CAW652I7 F JPW9275 20259:Probability and Statistics with Engineering Applications,"Office Hours on Zoom, by Appointment ONLY",None,45851.54652777778,"Hi Everyone,
 Starting the week of September 15, you may ask for PERSONAL office hours over ZOOM.
 YOU MUST EMAIL ME TO MAKE AN APPOINTMENT FOR THE OFFICE HOUR. Please provide me a few time slots to choose from.
 ps/ You can also post your ID-493BD7E0444E440F on the Discussion Board on this site (viewed by me and the TAs, daily).
 Thanks,
 B Moore
 user_7f2213751351@example.edu",notice,Zoom,,Personal Office Hours Begin,2025-07-13 13:07,,R0660,541,ID-6E32A4BAE4910306,1,train,reviewed_real,,,"The existing start is valid, but the title was sentence-length and the explicitly named online platform was omitted. [2026-07-11 re-audit] Notice start_time set to Venue-1C8DA09F18 posted_at; end_time left blank per the user's rule."
CAW652I7 F JPW9275 20259:Probability and Statistics with Engineering Applications,"NEW: Midterm Content, Date, and Location  (Updated October 22, 2025)",None,45851.54652777778,"Date: November 6, 2025 (5 to 7 pm)
 We will start qy 46:10 (5:ID-D5C6D3DDEC151408)
 Material: Everything covered in class (this year) till the end of Chapter 6
 (i.e., including Normal and Gamma Distributions).
 Location: JU337",event,JU337,,CAW652 Midterm,2025-11-06 17:10,2025-11-06 19:00,R0661,542,ID-A315799508D356A0,1,train,reviewed_real,,,"The body explicitly says the exam starts at 5:10 PM (despite the 5-7 block), and it names JU337."
CAW652I7 F JPW9275 20259:Probability and Statistics with Engineering Applications,Volunteer note-takers needed for CAW652,None,45851.54652777778,"IMPORTANT:
----------
 The volunteer notetaking program is one of the most commonly required accommodations provided to students registered with Accessibility Services. Here, at the ID-B32B8FE7AD41555A of Venue-1C8DA09F18, the accessibility office is seeking dependable volunteer note-takers to assist students living with a disability to achieve academic success.
 Volunteers report that by giving back to the U of T community, their class attendance and note-taking skills improve.
 To become a volunteer note-taker, all you have to do is attend classes regularly & submit your notes consistently. Volunteers can receive co-curricular credit(s) and/or a certificate of appreciation.
 Steps to Register as a Volunteer :
 Register Online as a Volunteer Note-Taker at: https://resource-016912b2c1777e11.example.edu/p14781b06/p9430fe68/pe7e68d23.aspx
 For a step-to-step guide please follow this link to the Volunteer Notetaking Portal Guide
 Click on Volunteer Notetakers , and sign in using your UTORid
 Select the course(s) you wish to take notes for. Please note: you do NOT need to upload sample notes or be selected as a volunteer to begin uploading your notes.
 Start uploading notes.
 -----------------------
 Thanks
U. Moore",not related,,https://resource-016912b2c1777e11.example.edu/p14781b06/p9430fe68/pe7e68d23.aspx,,,,R0662,543,ID-03C36C1732B9C643,1,train,reviewed_real,,,Reviewed; existing target fields retained.
CAW652I7 F JPW9275 20259:Probability and Statistics with Engineering Applications,Lecture Videos and corresponding Notes,None,45851.54652777778,"Hi Everyone:
 In-class videos (as recorded yt 1040) are available for viewing in uToronto's MyMedia Website:
 C1 https://resource-4a3523f3c3fb81ed.example.edu/pc4a88ae6/pa721ecd1
 C2 https://resource-5c7933072051dbef.example.edu/p92a7391e/pb2dada82
 C3 https://resource-8612b43897e32adf.example.edu/pe1ebf508/p001765cf
 C4 https://resource-3cac28199f095b91.example.edu/p7747d2ff/p2b575338
 C5 https://resource-fb61e88ae95a3bfb.example.edu/pab1c954d/p332e07ee
 C6 https://resource-cabdd4d08fc5c817.example.edu/p04a9427b/pf1e3bd69
 C8 https://resource-8143a98331cab0d5.example.edu/p59a2818c/pd2a0fb89
 C9 https://resource-75a7b33653dbd66e.example.edu/p5aa403ca/p3da11271
 C11 https://resource-0599544da08eae2f.example.edu/pcb5bf98d/p2d271c9e
 Notes corresponding to these video sessions will also be made available on this website weekly in the specific module.
 Module: CAW652 2021 Notes Annotated based on Video-recorded Lectures
 BB",not related,,"https://resource-4a3523f3c3fb81ed.example.edu/pc4a88ae6/pa721ecd1
https://resource-5c7933072051dbef.example.edu/p92a7391e/pb2dada82
https://resource-8612b43897e32adf.example.edu/pe1ebf508/p001765cf
https://resource-3cac28199f095b91.example.edu/p7747d2ff/p2b575338
https://resource-fb61e88ae95a3bfb.example.edu/pab1c954d/p332e07ee
https://resource-cabdd4d08fc5c817.example.edu/p04a9427b/pf1e3bd69
https://resource-8143a98331cab0d5.example.edu/p59a2818c/pd2a0fb89
https://resource-75a7b33653dbd66e.example.edu/p5aa403ca/p3da11271
https://resource-0599544da08eae2f.example.edu/pcb5bf98d/p2d271c9e",,,,R0663,544,ID-806EDF9EE7CB9C93,1,train,reviewed_real,,,Reviewed; existing target fields retained.
CAW652I7 F JPW9275 20259:Probability and Statistics with Engineering Applications,Tutorial Videos and corresponding Notes,None,45851.54652777778,"Hi everyone,
 The tutorial videos (recorded yt 1040) are available through UofT MyMedia:
 Tutorial 1 - Probability Part 1 - https://resource-bc859f61e66b711e.example.edu/p9698b1ca/pc5478ad8
 Tutorial 2 - Probability Part 2 - https://resource-ef719a43f78cf5b8.example.edu/p6b68cae8/pde818dc0
 Tutorial 3 - Random Variables - https://resource-2e154bb0dca5c3ef.example.edu/pe05d4ff3/p25502919
 Tutorial 4 - Mathematical Expectations - https://resource-f33153e0de8bf1e7.example.edu/p220202fb/pa70262d1
 Tutorial 5 - Discrete Probability Distributions - https://resource-258fd49a9fe63521.example.edu/p1584a684/p3b3f3d7d
 Tutorial 6 - Continuous Probability Distributions - https://resource-ef1ae1422dda5bd6.example.edu/p655d2c21/p1812c6b3
 Tutorial 7 - Continuous Probability Distributions Part 2 - https://resource-4aeb48ea20b20115.example.edu/p39bc1cb7/p180ee20d
 Tutorial 8 - Random Sampling - https://resource-644bbef96ad7a799.example.edu/p453cc892/pce7b5b4d
 Tutorial 9 - Estimation Theory Part 1 - https://resource-03b5a4f9ce03fd5c.example.edu/p97c6d686/p4f8f8455
 Tutorial 10 - Estimation Theory Part 2 - https://resource-c86cbebcbf2c0313.example.edu/p8fe73087/p2af8113b
 Tutorial 11 - Linear Regression - https://resource-402ba68b1e796846.example.edu/p3c113de4/p93bc51ec
 Solutions to problems solved in class will be posted on our Quercus page as the term progresses.",not related,,"https://resource-bc859f61e66b711e.example.edu/p9698b1ca/pc5478ad8
https://resource-ef719a43f78cf5b8.example.edu/p6b68cae8/pde818dc0
https://resource-2e154bb0dca5c3ef.example.edu/pe05d4ff3/p25502919
https://resource-f33153e0de8bf1e7.example.edu/p220202fb/pa70262d1
https://resource-258fd49a9fe63521.example.edu/p1584a684/p3b3f3d7d
https://resource-ef1ae1422dda5bd6.example.edu/p655d2c21/p1812c6b3
https://resource-4aeb48ea20b20115.example.edu/p39bc1cb7/p180ee20d
https://resource-644bbef96ad7a799.example.edu/p453cc892/pce7b5b4d
https://resource-03b5a4f9ce03fd5c.example.edu/p97c6d686/p4f8f8455
https://resource-c86cbebcbf2c0313.example.edu/p8fe73087/p2af8113b
https://resource-402ba68b1e796846.example.edu/p3c113de4/p93bc51ec",,,,R0664,545,ID-23658DD10F1FFE69,1,train,reviewed_real,,,Reviewed; existing target fields retained.
CAW652I7 F JPW9275 20259:Probability and Statistics with Engineering Applications,Autumn Software for CAW652 Project --  ACTIVATE ASAP,None,45851.54652777778,"Hi Everyone,
 Please read the below carefully and evaluate all options - if you have a question please contact us.
 There are three ways to utilize the Autumn software for your project -- all free for you ( i.e. , UofT will absorb licensing costs).
 All Options (including the use of ECF Computers) require students to activate their Autumn account upon receiving an activation email from Autumn, which may not be before mid-September 2024. (Note: DO NOT CREATE A PERSONAL ACCOUNT, WHERE YOU MAY NEED TO PAY THE FEE YOURSELF - PLEASE use the information in THE EMAIL ):
 1.1) Download it onto your personal computer (only Windows based),
 1.2) Use the online Web version on ANY computer, or
 2) Use the software already existing on the ECF Computers (in-person or in remote-desktop mode**).
 Note: The Autumn activation link expires a few days after receiving it.
 ** For Option (2), as noted above, you can access the ECF computers remotely (to use Autumn and to access your files ONLY saved on your ECF account ) by following the steps below :
 Go to https://resource-507ad076a682d253.example.edu/pb1bd8046/p21ae99cc/p25bee803 Links to an external site.
 Login to your ECF account by pressing the “Philip Duke” button on the top left of the page and entering your credentials.
 Select the “remote desktop” button on the top of the page.
 Connect to a remote workstation by selecting from one of the available rooms.
 Note :
You can choose “Madison Woods Bentley” to randomly select a computer.
You can also play around with the resolution on top of the page to get a larger window size.
 Login to your ECF account and access Autumn by searching for it through the Windows toolbar.
 ---------
 IMPORTANT: IF YOU CHOOSE BOTH OPTIONS, 1 AND 2, IT IS YOUR RESPONSIBILITY FOR DEALING WITH MULTIPLE COPIES OF YOUR WORK STORED AT MULTIPLE LOCATIONS.
 Please also note that TAs will/can only provide assistance when you are (in-person) in the lab -- unfortunately, we do not have the resources for online help. Though, you can post Project/Autumn related ID-493BD7E0444E440F on the Discussion Board and expect an answer as soon as possible.
 Thanks!
 GEORGE",not related,,https://resource-507ad076a682d253.example.edu/pb1bd8046/p21ae99cc/p25bee803,,,,R0665,546,ID-789148DB615AEE68,1,test,reviewed_real,,,"No fixed activation deadline is stated; 'mid-September 2024' describes possible email timing, not a 2025 due date."
CAW652I7 F JPW9275 20259:Probability and Statistics with Engineering Applications,GB Machining Course,None,45851.54652777778,"Hi Everyone:
 As in every year, the
 Basic Machining two-day (weekend) course of Courtney Kennedy ( https://resource-5feb49c8b865e6d8.example.edu/p1fcb2975/pc2ed203d )
 will also be offered this year. You are encouraged to take it. :)
 You can email Courtney Hester ( Email: user_6522dd9f72bb@example.edu) for more details.
 If you choose to attend this course, you will receive credit for it in TOF364, 2026 Spring Term. See details below.
 ps/ For Credit in TOF364: You must have taken the course and received a grade before end of Winter Epkn 7193 - BEFORE the Final Exams start.
 BB
 -----------
 Tentative Grading Scheme for TOF364 (2026): 4 Labs/Tutorials: 4×6=24%; Group Project: 11% ; Midterm Test: 25%; Final Exam : 40%.
 By attending the Courtney Kennedy Basic Machining course, you agree that you may earn up qd 13% of your course grade , and use it to replace ONLY the group-project work. Namely, if you take the GB Machining Course AND choose to use the grade you earned in it toward credit in TOF364, you will automatically receive a 0% for the group-project mark, but, have it replaced with your grade (of up qd 13%) in the GB Machining Course. It is your responsibility that we receive a copy of your GB Machining Course grade – it can be submitted until the last day of the (Winter/Spring) term (before final exams start - about mid-April 2026).
 ------------------",deadline,,https://resource-5feb49c8b865e6d8.example.edu/p1fcb2975/pc2ed203d,TOF364 Machining Course Credit,,2026-04-15 23:59 (time inferred),R0666,547,ID-363F20D8F3F83BCC,1,train,reviewed_real,,,"The credit/grade deadline is approximately mid-April 2026, not April 2025, and TOF364 is a course identifier rather than a location."
CAW652I7 F JPW9275 20259:Probability and Statistics with Engineering Applications,Start dates for Tutorials and Computer Ooqx -7983,Hayley Moore,45890.65277777778,"Tutorials: Monday, September 8, 2025",notice,,,CAW652 Tutorials Begin,2025-08-21 15:40,,R0667,548,ID-E0763C60F73038F2,1,train,reviewed_real,,,The body gives two distinct course-component start dates. [2026-07-11 re-audit] Notice start_time set to Venue-1C8DA09F18 posted_at; end_time left blank per the user's rule.
CAW652I7 F JPW9275 20259:Probability and Statistics with Engineering Applications,Start dates for Tutorials and Computer Ooqx -7983,Hayley Moore,45890.65277777778,"Computer Labs: Monday, October 6, 2025",notice,,,CAW652 Computer Labs Begin,2025-08-21 15:40,,R0668,548,ID-E0763C60F73038F2,2,train,reviewed_real,,,The body gives two distinct course-component start dates. [2026-07-11 re-audit] Notice start_time set to Venue-1C8DA09F18 posted_at; end_time left blank per the user's rule.
CAW652I7 F JPW9275 20259:Probability and Statistics with Engineering Applications,Course Textbook,None,45851.54652777778,"Hi Everyone:
 Used copies of the textbook can also be found at, for example, ebay:
 https://resource-7675573f606ff56e.example.edu/pbd467e0c/p81225323.html?k1=952b9716e1&k2=3e2be68d6b&k3=183e09e52b&k4=903f3ac785
 Versions 5 and forward are acceptable for this course. :)
 BB",not related,,https://resource-7675573f606ff56e.example.edu/pbd467e0c/p81225323.html?k1=952b9716e1&k2=3e2be68d6b&k3=183e09e52b&k4=903f3ac785,,,,R0669,549,ID-6F822FC1AC6C0A14,1,train,reviewed_real,,,Reviewed; existing target fields retained.
CAW652I7 F JPW9275 20259:Probability and Statistics with Engineering Applications,Class notes,None,45851.54652777778,"Hi Everyone:
 Lecture notes to be annotated in class will be made available to you weekly.
 Module: CAW652 2021 Notes to be Annotated
 The corresponding annotated notes (as covered ion class) will also be made available to you weekly.
 Module: CAW652 2021 Notes as Annotated in Lectures
 Please note that these are the 'cleaner' versions of the notes posted on this website corresponding to video-recorded lectures qftc 8636.
 Module: CAW652 2021 Notes Annotated based on Video-recorded Lectures
 BB",not related,,,,,,R0670,550,ID-9076E05846B465F4,1,train,reviewed_real,,,Reviewed; existing target fields retained.
CAW652I7 F JPW9275 20259:Probability and Statistics with Engineering Applications,"Welcome to Xnog 8216 CAW652 --  (Updated on August 15, 2025)",None,45851.54652777778,"Hi Everyone:
 Welcome to Xnog 8216 CAW652. A draft version of our course outline is now posted (it will be updated as the term start date approaches). :)
 Lectures: Notes and (links to) Videos will be posted on this site, as the term progresses.
 Tutorials: Notes and (links to) Videos will be posted on this site, as the term progresses.
 Practicals: TA-supervised labs.
 ps/ Please, also read announcements on the Course Portal Page, in an on-going and timely manner.
 Thanks,
 GEORGE
 ------------------------------------------
 Let us remember: ""We wish to acknowledge this land on which the ID-B32B8FE7AD41555A of Venue-1C8DA09F18 operates. For thousands of years it has been the ID-30EEE8D2DFF7F393 land of the Huron-Wendat, the Seneca, and most recently, the Mississaugas of the Credit River. Today, this meeting place is still the home to many Indigenous people from across Turtle Island and we are grateful to have the opportunity to work on this land."" https://resource-aaa9e0656f8c523b.example.edu/pdde96874",not related,,,,,,R0671,551,ID-320FF042BD8EADA0,1,test,reviewed_real,,,"The land-acknowledgement memo is background reading, not an actionable calendar-item URL."
CAW652I7 F JPW9275 20259:Probability and Statistics with Engineering Applications,Safety course,None,45851.54652777778,"Hi everyone: Please note
 Under the Occupational Health and Safety Act, all MIE students are required to complete annual Health and Safety training: All MIE undergraduates must complete the MIE on-line H&S course annually. Requests for this training are administered by the MIE H&S Committee.
 For the Autumn Labs, please make sure you adhere to the rules of the ECF rooms, especially regarding drinks that may spill and cause electric shorts. Please do not tamper with any electrical connections to the computers/printers, and if you do notice any electrical connection problems and/or computer overheating problems (or any other safety related problems) report these to any one of the TAs in the room at the time without delay.
 When in doubt about safety, always act first to be safe and report without delay! :)
 You should hear directly from MIE Administration about the following. No need for any action until then.
 https://resource-db5abfd965cee7c0.example.edu/pa8482373/p60a41419/p33bf96e5",not related,,,,,,R0672,552,ID-357663F8E69521E2,1,train,reviewed_real,,,"The announcement explicitly says no action is needed until administration follows up, so the general safety-services page is not an actionable item URL."
IRG409I7 S WMR6103 20261:Numerical Analysis and Computatational Methods,Grades for Assignment 4,Grace Hobbs Price,46131.756944444445,"Hi everyone,
 The grades for Assignment 4 have been posted.
 For this assignment, Question 2 was selected for grading. As a result, any comments you see are related to Question 2 only . If you received a zero, it means that Question 2 was not submitted.
 Please note that late submissions were penalized according to the course policy.
 Best Steve,
 Grace Hobbs",not related,,,,,,R0673,553,ID-7CD37C95C1BCACBA,1,train,reviewed_real,,,Reviewed; existing target fields retained.
IRG409I7 S WMR6103 20261:Numerical Analysis and Computatational Methods,Grades for Assignment 3,Grace Hobbs Price,46119.81875,"Hi everyone,
 The grades for Assignment 3 have been posted.
 For this assignment, Question 3 was selected for grading. As a result, any comments you see are related to Question 3 only . If you received a zero, it means that Question 3 was not submitted.
 Please note that late submissions were penalized according to the course policy.
 Best Steve,
 Grace Hobbs",not related,,,,,,R0674,554,ID-885CF28E11A9CF8B,1,train,reviewed_real,,,Reviewed; existing target fields retained.
IRG409I7 S WMR6103 20261:Numerical Analysis and Computatational Methods,Important Info Regarding the Final Maynard,Grace Hobbs Price,46119.03888888889,"Hi everyone,
please read the following info carefully and let me know if you have any ID-493BD7E0444E440F.
Kind Steve,
Grace
Maynard Preston & Permitted Materials
 The final Maynard is classified as Type D, meaning you may bring printed materials, including:
 ✔ Textbook – Any edition of Numerical Methods for Engineers by S. C. Chapra & R. P. Canale.
✔ Course Materials – You may bring a printed copy of all materials uploaded on Quercus, in either a compact Preston (e.g., multiple slides per page) or full-page prints. Annotation - whether handwritten, typed, or digitally created - are also allowed on these printed pages.
✔ Assignment & Textbook Solutions: You may bring your own solutions to assignments and practice problems from the textbook. Additionally, posted assignment solutions (since they are part of the materials on Quercus) are also permitted.
✔ Aid Sheet – You may prepare TEN double-sided aid sheets to help quickly find formulas and key concepts during the Maynard. It can include content from lecture slides, the textbook, sample examples, and any course materials from Quercus. Screenshots, copied images, and a mix of handwritten, typed, or pasted content are all allowed. However, you must create the aid sheet yourself - using one made by someone else is not permitted.
✔ Calculator – Type 2 calculators (non-programmable electronic calculators) are permitted.
 Restrictions
 ❌ You may not bring notes, solutions, or ID-493BD7E0444E440F from external resources.
 ❌ The use of any unauthorized electronic devices (e.g., smartphones, smartwatches, tablets, laptops) is not allowed.",not related,,,,,,R0675,555,ID-7611001F86AE76A2,1,validation,reviewed_real,,,Reviewed; existing target fields retained.
IRG409I7 S WMR6103 20261:Numerical Analysis and Computatational Methods,Regarding petitions,Grace Hobbs Price,46118.657638888886,"Hi everyone,
To those who submitted a petition and their petition has been deemed as ""Valid"", please email me the text of your valid petition.
Kind Steve,
Grace",not related,,,,,,R0676,556,ID-4A82AA2D37583742,1,validation,reviewed_real,,,Reviewed; existing target fields retained.
IRG409I7 S WMR6103 20261:Numerical Analysis and Computatational Methods,Assignment 4,Grace Hobbs Price,46104.896527777775,"Hi everyone,
 Assignment 4 with the due date of Monday April 7, 2026 yp 55:59 PM is posted: ID-91575B941CF1A36C_2026.pdf
 An answer sheet is also uploaded for you in .docx format: ID-C50181B9D37AB36E_ID-0B90ECC843B5415F.docx
 You will upload a single PDF as your final answers.
 Good luck,
 Grace",deadline,,,Assignment 4,,2026-04-07 23:59,R0677,557,ID-16839A9F6DB53A22,1,train,reviewed_real,,,"The due timestamp is correct, but the extracted title was a full sentence rather than the assignment name."
IRG409I7 S WMR6103 20261:Numerical Analysis and Computatational Methods,Project 1 grades were published,Grace Hobbs Price,46098.71666666667,"Hi everyone,
your marks for project 1 was published. For inquires regarding marking you may contact Philip and Wendy with the following information:
For Q1,Q2, and Q4, please contact Wendy user_c3d255879087@example.edu
For Q3 and Q5, please contact Philip user_8b349c713bdd@example.edu
 Steve,
Grace",not related,,,,,,R0678,558,ID-9E3B572462FCE651,1,test,reviewed_real,,,Reviewed; existing target fields retained.
IRG409I7 S WMR6103 20261:Numerical Analysis and Computatational Methods,Project 2 published,Grace Hobbs Price,46097.89097222222,"Hi everyone,
Project 2 is now published. You may complete it by April 7th 2026, 11:59 PM: ID-574A2761E588BC20.pdf
 Your grades for Project 1 will be published tomorrow by the end of the day.
Best Steve,
Grace",deadline,,,Project 2,,2026-04-07 23:59,R0679,559,ID-BD9B0A8DB388F81E,1,train,reviewed_real,,,The body explicitly states a Project 2 submission deadline.
IRG409I7 S WMR6103 20261:Numerical Analysis and Computatational Methods,Participate in Economic Experiments and Earn Money!,Grace Hobbs Price,46097.08888888889,"Venue-2DA5987FFD (TEEL), which is based in the Department of Economics, is looking for students to participate in various economic experiments. All ID-B32B8FE7AD41555A of Venue-1C8DA09F18 students are welcome to participate and no special knowledge is required!
 How it works:
 1. Registration: In order to be included in our database of potential participants, please visit: http://resource-6f376971e9b7cbe5.example.edu and click ""sign up"".
 2. Invitation: After your registration, you will be invited to participate in various experiments conducted by researchers affiliated with the laboratory.
 3. Participate experiments: Experiments take place either in-person at the lab, or online which you can participate in from your home. You can choose which experiments you would like to participate in.
 4. Earn money: The payment for participation includes a show-up payment and a payment that is based on participants' performance. The invitation to a specific experiment, which will be sent by e-mail, will include more information.
 Registration is open to all students, with no preference for any major or specialization. Please feel free to forward this message to as many of your friends who are students at The ID-B32B8FE7AD41555A of Venue-1C8DA09F18 or to post it online on social networks.
 Best Steve,
Grace",not related,,http://resource-6f376971e9b7cbe5.example.edu,,,,R0680,560,ID-49C8A5BB0903D79C,1,train,reviewed_real,,,Reviewed; existing target fields retained.
IRG409I7 S WMR6103 20261:Numerical Analysis and Computatational Methods,Assignment 3,Grace Hobbs Price,46090.92986111111,"Hi everyone,
 Assignment 3 with the due date of Monday March 23, 2026 yp 55:59 PM is posted: ID-485C667651AF9CC9_2026.pdf
 An answer sheet is also uploaded for you in .docx format: ID-4467181381004A59 ID-0B90ECC843B5415F.docx
 You will upload a single PDF as your final answers.
 Good luck,
 Grace",deadline,,,Assignment 3,,2026-03-23 23:59,R0681,561,ID-D121C0880440A924,1,test,reviewed_real,,,"The due timestamp is correct, but the extracted title was a full sentence rather than the assignment name."
IRG409I7 S WMR6103 20261:Numerical Analysis and Computatational Methods,IRG409 Midterm and Assignment 2 marks,Grace Hobbs Price,46090.91805555556,"Hi everyone,
 The grades for the midterm and Assignment 2 have now been published.
 For Assignment 2, only Question 4 was graded. If you have any ID-493BD7E0444E440F about your marks, please contact user_fb09ce1bb0e8@example.edu .
 For the midterm, please review your solutions on Crowdmark and compare them with the posted solutions on Quercus. If you would like to request a regrade, please contact user_b9913faaa269@example.edu .
 Best Steve,
Grace",not related,,,,,,R0682,562,ID-091C64AD034FD408,1,test,reviewed_real,,,Reviewed; existing target fields retained.
IRG409I7 S WMR6103 20261:Numerical Analysis and Computatational Methods,IRG409 Midterm Important Info,Grace Hobbs Price,46079.87708333333,"Hi everyone,
Please read the following information about the midterm exam carefully:
 Exam Date and Time: Friday, Ngw 86, 6:30 - 8:20 PM (110 Minutes)
Location(s): KP652 and EV816 ( 800 Stonebridge Street )
Room KP652: Surnames A-K (Sonya Fredrick-Krishnakumar)
Room EV816: Surnames K-Z (Kundu-Zong)
**Please make sure you are in the correct room, otherwise you have to change rooms in the middle of the exam.
 You will be provided with Crowdmark booklets with enough space for answering the ID-493BD7E0444E440F; It is your responsibility to make sure that you write your answer inside the provided boxes and also you write you responses with a dark pen/pencil in a manner that is readable when scanned, otherwise your exam cannot be graded properly . There is also a scantron on the last page that you should be careful NOT to rip it off .
 For those who fast during holy Ramadan , as we will start the exam at 6:30 PM (past Maghrib), you are expected to break your fast and pray by then, so that you do not need to leave the exam rooms for this case during the exam.
 Exam Format & Permitted Materials
 The midterm is classified as Type D, meaning you may bring printed materials, including:
 ✔ Textbook – Any edition of Numerical Methods for Engineers by S. C. Chapra & R. P. Canale.
 ✔ Course Materials – You may bring a printed copy of all materials uploaded on Quercus, in either a compact format (e.g., multiple slides per page) or full-page prints. Annotation - whether handwritten, typed, or digitally created - are also allowed on these printed pages.
 ✔ Assignment & Textbook Solutions: You may bring your own solutions to assignments and practice problems from the textbook. Additionally, posted assignment solutions (since they are part of the materials on Quercus) are also permitted.
 ✔ Aid Sheet – You may prepare five double-sided aid sheets to help quickly find formulas and key concepts during the exam. It can include content from lecture slides, the textbook, sample examples, and any course materials from Quercus. Screenshots, copied images, and a mix of handwritten, typed, or pasted content are all allowed. However, you must create the aid sheet yourself - using one made by someone else is not permitted.
 ✔ Calculator – Type 2 calculators (non-programmable electronic calculators) are permitted.
 Restrictions
 ❌ You may not bring notes, solutions, or ID-493BD7E0444E440F from external resources.
 ❌ The use of any unauthorized electronic devices (e.g., smartphones, smartwatches, tablets, laptops) is not allowed.
if you have any ID-493BD7E0444E440F/concerns, email me and I will be happy to assist.
Good luck,
Steve,
Grace",event,"KP652 and EV816, 800 Stonebridge Street",,IRG409 Midterm,2026-02-27 18:30,2026-02-27 20:20,R0683,563,ID-0E7CA0D894E9A1A6,1,train,reviewed_real,,,"The event time was correct, but the title and explicit room/address assignment were missing."
IRG409I7 S WMR6103 20261:Numerical Analysis and Computatational Methods,Midterm during Ramadan,Grace Hobbs Price,46076.947916666664,"Ramadan Mubarak!
 As you know, the midterm will take place on Friday, February 27, from 6:00–8:00 PM .
 For those who will be fasting during Ramadan, you are welcome to bring a light snack to break your fast at iftar during the exam. You may also step outside (or use a designated space inside or near the room, if available) to pray individually if needed.
 Please note that, unfortunately, extra time cannot be provided.
 If you believe you are unable to write the exam at the scheduled time, you may submit a petition to request a change of date and time; however, approval is not guaranteed.
 Steve, Grace",event,,,IRG409 Midterm,2026-02-27 18:00,2026-02-27 20:00,R0684,564,ID-886D85E4A7F946BE,1,train,reviewed_real,,,"The row's stated time range is retained, but the title is shortened to a calendar noun phrase."
IRG409I7 S WMR6103 20261:Numerical Analysis and Computatational Methods,Deadline Extended,Grace Hobbs Price,46075.13611111111,"Hi everyone,
We decided to extend the deadline of Project 1 to March 2, 2026, 11:59 PM.
Steve,
Grace",deadline,,,Project 1,,2026-03-02 23:59,R0685,565,ID-B4BBC68908CCD510,1,train,reviewed_real,,,"The extended due timestamp is correct, but the title is shortened to the project name."
IRG409I7 S WMR6103 20261:Numerical Analysis and Computatational Methods,TA Award Nomination,Grace Hobbs Price,46065.15416666667,"Hi everyone,
 Student nominations for the Best ANDREW Keller melendez donovan open and will be closed tomorrow . If you’ve had a positive experience in IRG409 and would like to recognize the TA team’s support this term, we’d really appreciate your nomination.
 You’re welcome to nominate any TA from our course team:
 Head TA: Grace Hobbs Price ( user_88802a1720a9@example.edu )
 TAs:
 Wendy Mcdaniel (user_b4e68b71e49c@example.edu): RIV315 Subsection 1 (Surnames A to K)
 Philip Olsen (user_13d68c216fc0@example.edu): RIV315 Subsection 2 (Surnames L to Z)
 Miranda Terrell (user_18dd4f50042c@example.edu): CXH841 Subsection 3 (Surnames A to K)
 Mike Ayers (user_c8824cfaa20e@example.edu): CXH841 Subsection 4 (Surnames L to Z)
 Charlotte Johnson (user_5610a4328ce8@example.edu): Midterm TA
Nomination form link: https://resource-18bba3928ae9bf33.example.edu/p0e0be5ff/p68a7b8d4/p4153810c Deadline to submit: Friday Feb ID-0AA1600DC9D2CEC1 , 2026
Nominations are completely optional, but if you feel any TA helped you learn, stay engaged, or feel supported, your feedback can make a real difference.
 Thank you for your time and support!
Steve,
Grace",deadline,,https://resource-18bba3928ae9bf33.example.edu/p0e0be5ff/p68a7b8d4/p4153810c,Best ANDREW Keller Galloway,,2026-02-13 23:59 (time inferred),R0686,566,ID-5C46B73550506403,1,test,reviewed_real,,,"The deadline is valid, but the extracted title was a truncated URL sentence."
IRG409I7 S WMR6103 20261:Numerical Analysis and Computatational Methods,Grades for Assignment 1,Grace Hobbs Price,46063.961805555555,"Hi everyone,
 The grades for Assignment 1 have been posted.
 For this assignment, Question 4 was selected for grading. As a result, any comments you see are related to Question 4 only . If you received a zero, it means that Question 4 was not submitted.
 Please note that late submissions were penalized according to the course policy.
 Good luck with the rest of the course.
 Best Steve,
 Grace Hobbs",not related,,,,,,R0687,567,ID-017F79648A97891A,1,train,reviewed_real,,,Reviewed; existing target fields retained.
IRG409I7 S WMR6103 20261:Numerical Analysis and Computatational Methods,Assignment 2,Grace Hobbs Price,46063.09305555555,"Hi everyone,
 Assignment 2 with the due date of Monday Fqu 37, 2026 yp 55:59 PM is posted: ID-328BD69FAB258F9C_2026.docx
 An answer sheet is also uploaded for you in .docx format: ID-EEA9B3F893CD91C3 ID-0B90ECC843B5415F.docx
 You will upload a single PDF as your final answers.
 Good luck,
 Grace Hobbs",deadline,,,Assignment 2,,2026-02-23 23:59,R0688,568,ID-17A5713E621DAF77,1,train,reviewed_real,,,"The due timestamp is correct, but the extracted title was a full sentence rather than the assignment name."
IRG409I7 S WMR6103 20261:Numerical Analysis and Computatational Methods,Midterm Guidelines,Grace Hobbs Price,46057.94305555556,"Exam Date and Time: Feb. 27, 6-8 PM
Location: Will be announced later.
Exam Format & Permitted Materials
 The midterm is classified as Type D, meaning you may bring printed materials, including:
 ✔ Textbook – Any edition of Numerical Methods for Engineers by S. C. Chapra & R. P. Canale.
 ✔ Course Materials – You may bring a printed copy of all materials uploaded on Quercus, in either a compact format (e.g., multiple slides per page) or full-page prints. Annotation - whether handwritten, typed, or digitally created - are also allowed on these printed pages.
 ✔ Assignment & Textbook Solutions: You may bring your own solutions to assignments and practice problems from the textbook. Additionally, posted assignment solutions (since they are part of the materials on Quercus) are also permitted.
 ✔ Aid Sheet – You may prepare five double-sided aid sheets to help quickly find formulas and key concepts during the exam. It can include content from lecture slides, the textbook, sample examples, and any course materials from Quercus. Screenshots, copied images, and a mix of handwritten, typed, or pasted content are all allowed. However, you must create the aid sheet yourself - using one made by someone else is not permitted.
 ✔ Calculator – Type 2 calculators (non-programmable electronic calculators) are permitted.
 Restrictions
 ❌ You may not bring notes, solutions, or ID-493BD7E0444E440F from external resources.
 ❌ The use of any unauthorized electronic devices (e.g., smartphones, smartwatches, tablets, laptops) is not allowed.
 Content Coverage
 The midterm will cover material through the end of Lecture 15.
 Linear regression will NOT be covered.
 MATLAB-related ID-493BD7E0444E440F will NOT be included.
 --------------------------------------------------",event,,,IRG409 Midterm,2026-02-27 18:00,2026-02-27 20:00,R0689,569,ID-098B458286BB0FFB,1,validation,reviewed_real,,,"The body provides a complete 6-8 PM range, so this is an event rather than a date-only notice."
IRG409I7 S WMR6103 20261:Numerical Analysis and Computatational Methods,Project 1,Grace Hobbs Price,46055.86736111111,"Hi everyone,
 Project 1 is available now and ready for you to begin working on: ID-C55318664AB197D9.pdf
 The due date for submission is February 23 yp 55:59 PM. Please make sure to review the project details carefully and plan your time accordingly.
 Note that the upcoming tutorial session will be entirely dedicated to Project 1 to help you get started and clarify any doubts. The session will include:
 ✅ Overview of the project description
 ✅ Review of the Thomas Algorithm
 ✅ Solving an example case
 ✅ Open Q&A session
 This is a great opportunity to ask ID-493BD7E0444E440F and ensure you have a solid understanding of the concepts needed to complete the project.
 Good luck,
 Grace",deadline,,,Project 1,,2026-02-23 23:59,R0690,570,ID-9492CAC2C8B9BAB2,1,train,reviewed_real,,,"The due timestamp is correct, but the extracted title was a sentence rather than the project name."
IRG409I7 S WMR6103 20261:Numerical Analysis and Computatational Methods,Tomorrow's class will be held online,Grace Hobbs Price,46048.01180555556,"Due to heavy snowfall and weather conditions, tomorrow’s morning class will be held online via Zoom .
Time: Hpk 80, 2026 11:00 AM Eastern Time (US and Canada)",notice,Zoom,"https://resource-27e085079a364282.example.edu/pbf68cad0/p9d7cd05e
https://resource-6e0f40d0c5430504.example.edu/p4fb3ef89/p684ae8e3/p149b943d?k1=f9457bd1da",IRG409 Online Class,2026-01-26 00:17,,R0691,571,ID-0D11887A877A8728,1,train,reviewed_real,,,"The scheduled Zoom topic gives January 26 yp 55 AM, not January 20, and the row also mentions a distinct 8 PM session. [2026-07-11 re-audit] Notice start_time set to Venue-1C8DA09F18 posted_at; end_time left blank per the user's rule."
IRG409I7 S WMR6103 20261:Numerical Analysis and Computatational Methods,Tomorrow's class will be held online,Grace Hobbs Price,46048.01180555556,"As a reminder, you have another session tomorrow night at 8 PM. The Zoom link was sent earlier.",notice,Zoom,,IRG409 Evening Session,2026-01-26 00:17,,R0692,571,ID-0D11887A877A8728,2,train,reviewed_real,,,"The scheduled Zoom topic gives January 26 yp 55 AM, not January 20, and the row also mentions a distinct 8 PM session. [2026-07-11 re-audit] Restored item-specific source context and removed multi-item target ambiguity. Notice start_time set to Venue-1C8DA09F18 posted_at; end_time left blank per the user's rule."
IRG409I7 S WMR6103 20261:Numerical Analysis and Computatational Methods,Make-up Session,Grace Hobbs Price,46041.91458333333,"Hi everyone,
please be advised that the make-up session for the last Thursday (Jan ID-E34952F4B899E0BE), will be held online on Jan ID-B6AA70C17DA6A08F, at 8:00 PM.",notice,,,IRG409 Make-up Session,2026-01-19 21:57,,R0693,572,ID-0752F21AAA2D1744,1,test,reviewed_real,,,January 15 identifies the missed class being made up; the actual online session is January 26 at 8 PM. [2026-07-11 re-audit] Notice start_time set to Venue-1C8DA09F18 posted_at; end_time left blank per the user's rule.
IRG409I7 S WMR6103 20261:Numerical Analysis and Computatational Methods,Make-up Session,Grace Hobbs Price,46041.91458333333,The information for the meeting is provided below:,not related,,,,,,R0694,573,ID-0752F21AAA2D1744,1,test,reviewed_real,,,This segmented row only says that information follows and contains no calendar target itself; copied data from adjacent text should be removed.
IRG409I7 S WMR6103 20261:Numerical Analysis and Computatational Methods,Make-up Session,Grace Hobbs Price,46041.91458333333,"Grace Hobbs Price is inviting you to a scheduled Zoom meeting.
 Topic: Thursday Jan ID-E34952F4B899E0BE Make-up Session
Time: Hpk 80, 2026 08:00 PM Eastern Time (US and Canada)
Join Zoom Meeting
https://resource-f952acb1e676b354.example.edu/pb6690e88/p20664533
 Meeting ID: 316 0040 1340
Passcode: [TOKEN-24c4a2c389b2]
 ---
 One tap mobile
+24534756231,,73257429634#,,,,*[TOKEN-24c4a2c389b2]# Canada
+82015889808,,73257429634#,,,,*[TOKEN-24c4a2c389b2]# Canada
 ---
 Join by SIP
• user_6924b858ff36@example.edu
Passcode: [TOKEN-24c4a2c389b2]
 Join instructions
https://resource-c447f6328931b90a.example.edu/p37b1e81d/p448ae64d/pd771eb82?k1=65dc526460
Thank you.
Grace",notice,Zoom,"https://resource-f952acb1e676b354.example.edu/pb6690e88/p20664533
https://resource-c447f6328931b90a.example.edu/p37b1e81d/p448ae64d/pd771eb82?k1=65dc526460",IRG409 Make-up Session,2026-01-19 21:57,,R0695,574,ID-0752F21AAA2D1744,1,test,reviewed_real,,,The Zoom Time line is authoritative: January 26 at 8 PM; January 15 only names the class being made up. [2026-07-11 re-audit] Notice start_time set to Venue-1C8DA09F18 posted_at; end_time left blank per the user's rule.
IRG409I7 S WMR6103 20261:Numerical Analysis and Computatational Methods,Assignment 1,Grace Hobbs Price,46041.70208333333,"Hi everyone,
 Assignment 1 with the due date of Monday Feb 2, 2026 yp 55:59 PM is posted: IRG409_A1_ID-493BD7E0444E440F_2026.pdf
 An answer sheet is also uploaded for you in .docx format: IRG409_A1_ID-CBE84FCE087587AA_2026.docx
You will upload a single PDF as your final answers.
 Good luck,
 Grace",deadline,,,Assignment 1,,2026-02-02 23:59,R0696,575,ID-13E1702E0C33D7C4,1,train,reviewed_real,,,"The due timestamp is correct, but the extracted title was a full sentence rather than the assignment name."
IRG409I7 S WMR6103 20261:Numerical Analysis and Computatational Methods,Sample Problems,Grace Hobbs Price,46038.0,"Hi everyone,
 A list of sample recommended problems from the textbook is now available here: Practice Problems
 Please note that sample problems for the remaining chapters will be posted during the second half of the semester.
Best Steve,
Grace",not related,,,,,,R0697,576,ID-43EEC86F8F7D1BCD,1,train,reviewed_real,,,Reviewed; existing target fields retained.
IRG409I7 S WMR6103 20261:Numerical Analysis and Computatational Methods,a correction to the FPM method,Grace Hobbs Price,46037.881944444445,"Hi everyone,
There was an error in the derivation of the FPM root in slide # 8 of the lecture 5 presentation, the final formula, however, was correct. The correction was applied and the revised PDF file was uploaded.
Stay warm,
Steve,
Grace",not related,,,,,,R0698,577,ID-FC58DE3E6CE7BD55,1,train,reviewed_real,,,Reviewed; existing target fields retained.
IRG409I7 S WMR6103 20261:Numerical Analysis and Computatational Methods,Sample Problems,Grace Hobbs Price,46037.13333333333,"Hi everyone,
 A list of sample recommended problems from the textbook is now available here: Practice Problems
 Please note that sample problems for the remaining chapters will be posted during the second half of the semester.
Best Steve,
Grace",not related,,,,,,R0699,578,ID-34ADA57AD01B652D,1,test,reviewed_real,,,Reviewed; existing target fields retained.
IRG409I7 S WMR6103 20261:Numerical Analysis and Computatational Methods,Assignments and Projects Schedule,Grace Hobbs Price,46035.82847222222,"Hi everyone,
IRG409 assignments and projects schedule is published and is accessible under the module section of quercus.
Have a great day.
Grace",not related,,,,,,R0700,579,dda8616254475eab,1,train,reviewed_real,,,Reviewed; existing target fields retained.
IRG409I7 S WMR6103 20261:Numerical Analysis and Computatational Methods,A few important points about today's tutorials,Grace Hobbs Price,46028.64444444444,"Hi everyone,
 We have been informed that RK909 and NS417 are currently closed due to system updates. However, the department has allowed us to use these rooms provided that the following conditions are strictly followed :
 Please do not sign in to the workstations, as signing in will interfere with the imaging process.
 Please leave the room promptly once the class is over.
 Thank you for your cooperation.
 Have a great day.
 Steve,
 Grace",notice,RK909 and NS417,,IRG409 Tutorials,2026-01-06 15:28,,R0701,580,ID-A44EA689FC4C5586,1,train,reviewed_real,,,The announcement gives same-day room-access instructions for today's tutorials and explicitly names both rooms. [2026-07-11 re-audit] Notice start_time set to Venue-1C8DA09F18 posted_at; end_time left blank per the user's rule.
IRG409I7 S WMR6103 20261:Numerical Analysis and Computatational Methods,A correction on CXH841,Grace Hobbs Price,46027.87013888889,The first RIV315 session will be held tomorrow from 3 PM to 6 PM.,event,,,First RIV315 Session,2026-01-06 15:00,2026-01-06 18:00,R0702,581,ID-6FBE025A707AAF0F,1,train,reviewed_real,,,The correction supplies two distinct tutorial starts: RIV315 tomorrow from 3-6 PM and CXH841 on January 13. [2026-07-11 re-audit] Restored item-specific source context and removed multi-item target ambiguity.
IRG409I7 S WMR6103 20261:Numerical Analysis and Computatational Methods,A correction on CXH841,Grace Hobbs Price,46027.87013888889,"The first CXH841 session will be on Tuesday, January 13.",notice,,,First CXH841 Session,2026-01-05 20:53,,R0703,581,ID-6FBE025A707AAF0F,2,train,reviewed_real,,,The correction supplies two distinct tutorial starts: RIV315 tomorrow from 3-6 PM and CXH841 on January 13. [2026-07-11 re-audit] Restored item-specific source context and removed multi-item target ambiguity. Notice start_time set to Venue-1C8DA09F18 posted_at; end_time left blank per the user's rule.
IRG409I7 S WMR6103 20261:Numerical Analysis and Computatational Methods,Tutorial Schedule,Grace Hobbs Price,46027.83888888889,"Hi everyone,
 Welcome to IRG409! My name is Grace and I'm glad to be the head TA of this course in this semester.
 Each of you have been assigned to a tutorial section (RIV 315 and CXH 841). Note that your lecture section (LJT 335 and NHS 665) is not necessarily the same as your tutorial section.
 Each tutorial section is divided into two subsections which happen in parallel (same time, different rooms). Overall, we have four tutorial subsections and there is a Tutorial TA assigned to each subsection as follows:
 Section RIV 315:
 Subsection 1: Students with family names starting by A to K -- Assigned TA:
 Wendy Mcdaniel ( user_b4e68b71e49c@example.edu )
 Subsection 2: Students with family names starting by L to Z: -- Assigned TA:
 Philip Olsen (user_13d68c216fc0@example.edu)
 Section CXH 841:
 Subsection 3: Students with family names starting by A to K -- Assigned TA:
 Miranda Terrell ( user_18dd4f50042c@example.edu )
 Subsection 4: Students with family names starting by L to Z -- Assigned TA:
 Mike Ayers ( user_c8824cfaa20e@example.edu )
 Please refer to your specific assigned TA for your ID-493BD7E0444E440F on tutorials, assignments and projects.
 Important: Tutorials will start this week. A detailed schedule of the tutorials is available under files section of Quercus.
 First session of RIV 315: Tuesday January 6th",notice,,,First RIV315 Session,2026-01-05 20:08,,R0704,582,ID-948D276D3EF54C33,1,train,reviewed_real,,,"The date is retained from this announcement version, but the title is shortened to a calendar noun phrase. [2026-07-11 re-audit] Notice start_time set to Venue-1C8DA09F18 posted_at; end_time left blank per the user's rule."
IRG409I7 S WMR6103 20261:Numerical Analysis and Computatational Methods,Tutorial Schedule,Grace Hobbs Price,46027.83888888889,"First session of CXH 841: Tuesday January 6th
 Feel free to contact user_ffad9cfe579b@example.edu if you have any general ID-493BD7E0444E440F about the course or tutorials.
Best Steve,
Grace",notice,,,First CXH841 Session,2026-01-05 20:08,,R0705,583,ID-948D276D3EF54C33,1,train,reviewed_real,,,"The date is retained from this announcement version, but the title is shortened to a calendar noun phrase. [2026-07-11 re-audit] Notice start_time set to Venue-1C8DA09F18 posted_at; end_time left blank per the user's rule."
IRG409I7 S WMR6103 20261:Numerical Analysis and Computatational Methods,Volunteer Notetaker,Grace Hobbs Price,46012.14791666667,"Hi everyone,
 Accessibility Services is recruiting a Volunteer Notetaker for this class. Please sign up today if you are interested in supporting a fellow classmate by sharing your notes. You can scan the QR code or follow the link below for more details.
 https://resource-368810f4d1f6d807.example.edu/p76019a7a/pb1b85a3d/p02115a9e/p8e417355/pf1db4b50?k1=8636ca5a17&k2=ce255dcf1f&k3=e8ae1d90f4
 Thank you.
Steve,
Grace",not related,,https://resource-368810f4d1f6d807.example.edu/p76019a7a/pb1b85a3d/p02115a9e/p8e417355/pf1db4b50?k1=8636ca5a17&k2=ce255dcf1f&k3=e8ae1d90f4,,,,R0706,584,ID-2F0D54C431B7B8AF,1,train,reviewed_real,,,Reviewed; existing target fields retained.
IRG409I7 S QCG5812 20261:Numerical Analysis and Computatational Methods,Volunteer Notetaker,Grace Hobbs Price,46012.149305555555,"Hi everyone,
 Accessibility Services is recruiting a Volunteer Notetaker for this class. Please sign up today if you are interested in supporting a fellow classmate by sharing your notes. You can scan the QR code or follow the link below for more details.
 https://resource-368810f4d1f6d807.example.edu/p76019a7a/pb1b85a3d/p02115a9e/p8e417355/pf1db4b50?k1=8636ca5a17&k2=ce255dcf1f&k3=e8ae1d90f4
 Thank you.
Steve,
Grace",not related,,https://resource-368810f4d1f6d807.example.edu/p76019a7a/pb1b85a3d/p02115a9e/p8e417355/pf1db4b50?k1=8636ca5a17&k2=ce255dcf1f&k3=e8ae1d90f4,,,,R0707,585,ID-22E4E22C3C6F0AFB,1,train,reviewed_real,,,Reviewed; existing target fields retained.
JSM253I7 F JPW9275 20259:Mechanical Engineering Design,Dissection 6,Connie Thomas,46001.71527777778,"Hey everyone!
 Alexandra and I just wanted to say great job on the gear boxes!
 Shoutout to group 10 for the fastest assembly time: 8 seconds
 Shoutout to groups 10, 15, 21, 25, 33, 37, 45, 51, yak 48 for lasting over 1 minute in the drill test before failure.
 Checkout the image attached to see the histogram of the drill test results across all groups.
 Good luck on your exams,
 Connie and Alexandra",not related,,,,,,R0708,586,ID-F23D3E30E8B1CDB5,1,train,reviewed_real,,,Reviewed; existing target fields retained.
JSM253I7 F JPW9275 20259:Mechanical Engineering Design,CSWA Credit Extension & Bonus Deadline (Dec ID-920A3CF1B6469E57 at 6PM),Catherine Mclean,45997.15277777778,"As I mentioned before, if you want to earn the 2% bonus , you must complete and pass the CSWA exam by December ID-920A3CF1B6469E57 before 6:00 PM .",deadline,,,CSWA Bonus Deadline,,2025-12-20 18:00,R0709,587,ID-A63BB667531994B1,1,validation,reviewed_real,,,The row contains the bonus cutoff and a separate extended CSWA-credit expiry.
JSM253I7 F JPW9275 20259:Mechanical Engineering Design,CSWA Credit Extension & Bonus Deadline (Dec ID-920A3CF1B6469E57 at 6PM),Catherine Mclean,45997.15277777778,"I know the next couple of weeks are packed with finals, so I’ve extended all CSWA credits to January 5th (one month from now) to give you some additional time!",deadline,,,CSWA Credit Expiry,,2026-01-05 23:59 (time inferred),R0710,587,ID-A63BB667531994B1,2,validation,reviewed_real,,,The row contains the bonus cutoff and a separate extended CSWA-credit expiry.
JSM253I7 F JPW9275 20259:Mechanical Engineering Design,Zoom Office Hour,Shelia Haley,45992.77638888889,"Hi JSM253 students,
 The zoom link for today's 1:1 session is the tutorial link, found here: https://resource-dad9acea37c7685b.example.edu/pcae0168b/p6f2c8d88
 - Shelia",notice,Zoom,https://resource-dad9acea37c7685b.example.edu/pcae0168b/p6f2c8d88,JSM253 Zoom Office Hour,2025-12-01 18:38,,R0711,588,ID-D59139096E01EBD5,1,train,reviewed_real,,,"The body announces today's 1:1 session and supplies its Zoom join link, but no clock time. [2026-07-11 re-audit] Notice start_time set to Venue-1C8DA09F18 posted_at; end_time left blank per the user's rule."
JSM253I7 F JPW9275 20259:Mechanical Engineering Design,Dissection 6 Schedule,Alexandra Cochran,45988.77847222222,"Hi Everyone,
 Please check the new schedule, groups will have their final CAD 6 presentation in the first hour of the practical session before coming to IU313 for testing.
 Dissection 6 Schedule.xlsx
 - Alexandra Cochran",not related,,,,,,R0712,589,ID-7E600C85A56AF522,1,test,reviewed_real,,,Reviewed; existing target fields retained.
JSM253I7 F JPW9275 20259:Mechanical Engineering Design,ID-7F2EE3347B24AB73 starting today!,Catherine Mclean,45988.75833333333,"Hi everyone,
 Sorry for the confusion between ID-7F2EE3347B24AB73 and ID-DCAE438B53BAAD73. Starting today, we’ll have our final 1hr CAD session on rendering and animation before you head to IU313 to test your gearbox. If you missed Thursday’s session today, feel free to join any of the remaining ones tomorrow or next week:) See you soon!
 Best,
 Nathan",notice,IU313,,ID-7F2EE3347B24AB73 and Gearbox Testing,2025-11-27 18:12,,R0713,590,ID-385020256D1A9520,1,validation,reviewed_real,,,"The final ID-7F2EE3347B24AB73 session and subsequent gearbox testing start today; no clock start is stated, and IU313 is explicitly named for testing. [2026-07-11 re-audit] Notice start_time set to Venue-1C8DA09F18 posted_at; end_time left blank per the user's rule."
JSM253I7 F JPW9275 20259:Mechanical Engineering Design,Lecture Cancelled - Nov. 27,Danielle Henson,45988.50069444445,"Hello JSM253 Students,
 I am sorry for the last-minute nature of this, but I find myself very sick today and I'm not going to be able to come to campus. Rather than run the lecture online to a poor standard of quality, we will instead cover the remainder of in-class example 5 plus the beginning of the exam tutorial during the regular ID-1C5B9D772F2CDFF7 Tuesday time next week. Any overflow will then be covered by an async video, likely no more than ~20 mins in length, as the exam practice example tends to be more condensed than our usual content.
 For those who have office hours meetings booked, if at all possible I would kindly ask that we reschedule to early next week. However, if necessary I can meet on Zoom. Please e-mail me to let me know your preference. Thank you all for your understanding.",notice,,,JSM253 Lecture Cancelled,2025-11-27 12:01,,R0714,591,ID-226729BC30AF4372,1,validation,reviewed_real,,,The title and body explicitly cancel the November 27 lecture; Zoom pertains only to optional office-hour meetings. [2026-07-11 re-audit] Notice start_time set to Venue-1C8DA09F18 posted_at; end_time left blank per the user's rule.
JSM253I7 F JPW9275 20259:Mechanical Engineering Design,Dissection 6 Schedule and Reminder,Alexandra Cochran,45987.95625,"Hello Everyone,
 As Dissection 6 begins tomorrow, we would like to remind all groups to bring their 3D printed gearbox and a printed physical copy of their assembly instructions to the dissection. Please note that you are still required to upload your assembly instructions to Quercus under the Dissection 6 Assignment page. Finally, please remember that Dissection 6 will be held in IU313 .
 Please see the schedule for each practical session below. We will make further announcements if the schedule changes, but please check the schedule on the day of your dissection.
 Dissection 6 Schedule.xlsx
 If your group does not have an assigned time, it is because you have yet to fill out the first spreadsheet. Please either respond to our emails asking you to, and tell us your practical session, or fill out the original spreadsheet here: Dissection 6 PRA Section
 Please show up at your assigned time so that we do not exceed the capacity limit of IU313.
 - Alexandra and Connie",notice,IU313,,Dissection 6 Begins,2025-11-26 22:57,,R0715,592,ID-8B49A0AE0FBBC6D7,1,train,reviewed_real,,,"In Venue-1C8DA09F18 the announcement was posted November 26, so 'tomorrow' is November 27; IU313 is explicitly named. [2026-07-11 re-audit] Notice start_time set to Venue-1C8DA09F18 posted_at; end_time left blank per the user's rule."
JSM253I7 F JPW9275 20259:Mechanical Engineering Design,"Room change: Damon Interviews with Carrie, tonight (Wednesday, November 26), 5 - 7 pm",Lorraine Cabrera,45987.822222222225,"If your mock interview is tonight with Carrie, we've had a room change. Interviews with Carrie, tonight from 5 - 7 pm, will be happening in NE203.
 Apologies for the short notice--we only just heard.",event,NE203,,Mock Interviews with Carrie,2025-11-26 17:00,2025-11-26 19:00,R0716,593,ID-BBE7E4684848F89E,1,train,reviewed_real,,,The announcement gives a complete Wednesday-night time range and the changed room.
JSM253I7 F JPW9275 20259:Mechanical Engineering Design,Final Design 1:1's and Tutorial Schedule,Shelia Haley,45986.89027777778,Thursday ID-D130FB0F79EED3F2 - XT5646,notice,XT5646,,Final Design 1:1 Session,2025-11-25 21:22,,R0717,594,ID-4E00DDABA662C8A1,1,validation,reviewed_real,,,The current result captured the explanatory no-tutorial date instead of the three distinct dated 1:1 offerings. [2026-07-11 re-audit] Notice start_time set to Venue-1C8DA09F18 posted_at; end_time left blank per the user's rule.
JSM253I7 F JPW9275 20259:Mechanical Engineering Design,Final Design 1:1's and Tutorial Schedule,Shelia Haley,45986.89027777778,Friday ID-6394DBE79C91E0EF - IB0405,notice,IB0405,,Final Design 1:1 Session,2025-11-25 21:22,,R0718,594,ID-4E00DDABA662C8A1,2,validation,reviewed_real,,,The current result captured the explanatory no-tutorial date instead of the three distinct dated 1:1 offerings. [2026-07-11 re-audit] Notice start_time set to Venue-1C8DA09F18 posted_at; end_time left blank per the user's rule.
JSM253I7 F JPW9275 20259:Mechanical Engineering Design,Final Design 1:1's and Tutorial Schedule,Shelia Haley,45986.89027777778,"For tutorial this week, I will be hosting (optional) 1:1 sessions for you to come ask ID-493BD7E0444E440F about the final design.
Monday 1st - Online, Zoom",notice,Zoom,,Final Design 1:1 Session,2025-11-25 21:22,,R0719,594,ID-4E00DDABA662C8A1,3,validation,reviewed_real,,,The current result captured the explanatory no-tutorial date instead of the three distinct dated 1:1 offerings. [2026-07-11 re-audit] Notice start_time set to Venue-1C8DA09F18 posted_at; end_time left blank per the user's rule.
JSM253I7 F JPW9275 20259:Mechanical Engineering Design,ITP Metrics temporarily reopened and accessing your report,Allen Curry,45986.57986111111,"As I discussed with some of you in the workshop last week, ITP Metrics' introduction of a new survey platform led to a bit of a mixup on my end. You received an invite to two different surveys. I gather that some teams decided on one survey to complete, others completed both, and in some instances members completed two different surveys. If this last scenario is you, you can now access the reopened Team Dynamics Feedback Survey to complete the same survey.
 The system will only provide you with a report (that you can use for your portfolio) if all team members completed the survey. However, I have found a workaround if only 3 out of 4 team members have decided to participate. If this is you, you have double-checked with the outstanding teammate and they have confirmed that they will not complete the survey, and, you would like to get your report data, please email me directly and I can login to the system to make your report visible. My user_722467b4b6cf@example.edu",not related,,,,,,R0720,595,ID-515D54523A720E9A,1,train,reviewed_real,,,Reviewed; existing target fields retained.
JSM253I7 F JPW9275 20259:Mechanical Engineering Design,Dissection 6 Schedule and Room,Alexandra Cochran,45985.92847222222,"Hello Everyone,
 Dissection 6 on Thursday November ID-D130FB0F79EED3F2 to Wednesday December 3rd will be held in IU313 to allow for testing of your gearbox designs.",event,IU313,,Dissection 6,2025-11-27 00:00 (time inferred),2025-12-03 23:59 (time inferred),R0721,596,8574b98512834201,1,train,reviewed_real,,,"The body supplies both boundaries of the Dissection 6 period and its room, so it is a multi-day event rather than a start-only notice."
JSM253I7 F JPW9275 20259:Mechanical Engineering Design,Dissection 6 Schedule and Room,Alexandra Cochran,45985.92847222222,"Please ensure that each group brings their 3D printed gearboxes and printed assembly instructions to the dissection. Due to the limited capacity of IU313 we will be splitting up the dissection session into sections so that groups can attend, have their design tested, then leave. Please fill out the excel spreadsheet below as soon as possible so that we can create this schedule and post it. Please note that you will need to be signed into your UofT email on OneDrive to access the spreadsheet.
 Dissection 6 Schedule
 - Alexandra and Connie",not related,,,,,,R0722,597,8574b98512834201,1,train,reviewed_real,,,This segmented row contains logistics and an ASAP request but no date; December 3 was copied from the preceding segment and is unsupported here.
JSM253I7 F JPW9275 20259:Mechanical Engineering Design,Final Project Rubric,Shelia Haley,45979.01597222222,"Hi everyone,
 I've uploaded the JSM253 Final Project Rubric to the Project page. Please feel free to utilize this resource when writing your final report.
 - Shelia",not related,,,,,,R0723,598,ID-BE1AC677DA5F84AC,1,train,reviewed_real,,,Reviewed; existing target fields retained.
JSM253I7 F JPW9275 20259:Mechanical Engineering Design,JSM253 Zoom Office Hours,Shelia Haley,45972.83819444444,"Hi everyone,
 Due to an emergency, I will be starting the Office Hours at 3:ID-F8DEF058564AA3D5 today.
 Thanks,
 Shelia Haley",notice,Zoom,,JSM253 Zoom Office Hours,2025-11-11 20:07,,R0724,599,ID-F4EE60477374CC09,1,validation,reviewed_real,,,The body moves today's office-hours start to 3:30 PM; Venue-1C8DA09F18-local posting time places 'today' on November 11. [2026-07-11 re-audit] Notice start_time set to Venue-1C8DA09F18 posted_at; end_time left blank per the user's rule.
JSM253I7 F JPW9275 20259:Mechanical Engineering Design,Portfolio-related Practicals - Weeks 10 vgn 82,Lorraine Cabrera,45971.86875,"A reminder: Practicals in Weeks 10 vgn 82 will be devoted to all things portfolio.
 In Wush 64 (starting November 13), we'll be doing a workshop that takes you through the requirements for the portfolio and helps you prepare for your Mock Interview.",notice,,,Portfolio Workshop Week,2025-11-10 20:51,,R0725,600,ID-9079FD83C2FFC668,1,train,reviewed_real,,,"The start date is valid, but 'Wush 64' is not a location and the calendar item needed a title. [2026-07-11 re-audit] Notice start_time set to Venue-1C8DA09F18 posted_at; end_time left blank per the user's rule."
JSM253I7 F JPW9275 20259:Mechanical Engineering Design,Portfolio-related Practicals - Weeks 10 vgn 82,Lorraine Cabrera,45971.86875,"In Jdbi 15 (starting November 20), you'll be doing your Mock Interview (if you haven't booked an appointment slot, please do that as soon as possible--click on ""Suzanne Cole Mccormick"" in the right-hand menu, then click on ""Jackson Edwards""). Note that we'll be using the computer labs where Practicals happen for the Mock Interviews, so you won't be able to use that as a work space on those days; we'll have multiple interviews going on simultaneously, and we want to minimize distractions.
 A note on booking your Mock Interview: remember to note the name of the Portfolio TA, the date, time, and location of the interview. (We do have some time slots outside of Practical times as well, so especially important to note locations.)
 As always, reach out if you have ID-493BD7E0444E440F, either via email or post to the Portfolio discussion thread.",notice,,,Mock Interview Week,2025-11-10 20:51,,R0726,601,ID-9079FD83C2FFC668,1,train,reviewed_real,,,"The start date is valid, but 'Jdbi 15' is not a location and the calendar item needed a title. [2026-07-11 re-audit] Notice start_time set to Venue-1C8DA09F18 posted_at; end_time left blank per the user's rule."
JSM253I7 F JPW9275 20259:Mechanical Engineering Design,Providing team feedback via ITP Metrics,Allen Curry,45971.652083333334,"Last week you received an invite to provide team feedback via ITP Metrics. This feedback is a valuable data source for improving your own strengths as a team member and for improving your team function on this project. Data from ITP Metrics can be included in your portfolio for the entry on teamwork. These slides from Thursday's lecture provide additional guidance to help you complete ITP Metrics. ITP Metrics will only be open until November ID-920A3CF1B6469E57, so please complete the peer feedback as soon a possible.",deadline,,,ITP Metrics Peer Feedback,,2025-11-20 23:59 (time inferred),R0727,602,c6124355812ba061,1,train,reviewed_real,,,"The feedback system is explicitly open only until November 20, which is a deadline."
JSM253I7 F JPW9275 20259:Mechanical Engineering Design,Final Project Q&A Document,Shelia Haley,45969.98333333333,"Hi JSM253 Students,
 Since I've been getting many ID-493BD7E0444E440F about the JSM253 Final Project, I've decided to open an FAQ table.
 Feel free to submit your ID-493BD7E0444E440F about the JSM253 Final Project. All answers are anonymous and no personal information is collected.
 The link to the submission form is here .
 You can view my answers in this document . I've already gone ahead and compiled some commonly asked ID-493BD7E0444E440F from previous years.
You can also find the links for both the question submission and FAQ table in the Project section of the Quercus.",not related,,,,,,R0728,603,ID-05F6E81B228CE1E8,1,train,reviewed_real,,,Reviewed; existing target fields retained.
JSM253I7 F JPW9275 20259:Mechanical Engineering Design,Wednesday Dissection 4 Makeup,Alexandra Cochran,45966.84722222222,"Due to the fire alarm incident during today’s dissection practical, groups in the Wednesday session can come to the second half of the lab practical either this Thursday or Friday to finish getting the dimensions they need for Dissection 4.",notice,,,Dissection 4 Make-up,2025-11-05 20:20,,R0729,604,ID-FC0930052057784E,1,train,reviewed_real,,,The row offers distinct Thursday and Friday make-up opportunities after the Wednesday interruption. [2026-07-11 re-audit] Notice start_time set to Venue-1C8DA09F18 posted_at; end_time left blank per the user's rule.
JSM253I7 F JPW9275 20259:Mechanical Engineering Design,CSWA Signup,Catherine Mclean,45964.70138888889,"I’ll process exam credits in batches every Friday (Nov 7 th , 14 th , 21 st , 28 th and Dec 5 th ) as new sign-ups come in.",notice,,https://resource-a2a313f165319199.example.edu/p05474057,CSWA Credit Processing,2025-11-03 16:50,,R0731,605,ID-9AEE822E3A9B8DA2,1,train,reviewed_real,,,Five separate Friday processing dates are listed and the signup form is actionable. [2026-07-11 re-audit] Notice start_time set to Venue-1C8DA09F18 posted_at; end_time left blank per the user's rule.
JSM253I7 F JPW9275 20259:Mechanical Engineering Design,CSWA Signup,Catherine Mclean,45964.70138888889,"Once the credit appears in your Virtualtester account, you can use it anytime within one month.",not related,,,,,,R0736,606,ID-9AEE822E3A9B8DA2,1,train,reviewed_real,,,"A credit is usable for one month after an individual activation, but this row supplies no fixed calendar date; December 5 came from adjacent text."
JSM253I7 F JPW9275 20259:Mechanical Engineering Design,CSWA Signup,Catherine Mclean,45964.70138888889,"(If you submit your form between today and Nov 7 th , you can expect your credit to be available on Nov 8 th, which will expire on Nov 7 th ).",deadline,,,CSWA Credit Request,,2025-11-07 23:59 (time inferred),R0737,607,ID-9AEE822E3A9B8DA2,1,train,reviewed_real,,,November 7 is the stated end of the form-submission window; the title was missing.
JSM253I7 F JPW9275 20259:Mechanical Engineering Design,CSWA Signup,Catherine Mclean,45964.70138888889,"Study material can be found here: https://resource-d68a90e893f1419a.example.edu/p0ebe60c2/pcd9f9eb8/p6b2ba7a9?k1=7d3443e567
 And info on how to take the exam is in the PDF here (you will need to create an account with your UofT email) . The exam is 3 hours from when you click ""Start"". You don't need to send me your results for the bonus, as I can see that on the back end as well.
 Good luck:)",not related,,https://resource-d68a90e893f1419a.example.edu/p0ebe60c2/pcd9f9eb8/p6b2ba7a9?k1=7d3443e567,,,,R0738,608,ID-9AEE822E3A9B8DA2,1,train,reviewed_real,,,"The three-hour duration begins whenever an individual starts the exam; no absolute deadline is stated, so the borrowed November 8 deadline should be removed."
JSM253I7 F JPW9275 20259:Mechanical Engineering Design,Project Office Hours,Shelia Haley,45964.68194444444,"Project office hours will be Tuesday, November 4, from 3 PM to 5 PM.",event,,,JSM253 Project Office Hours,2025-11-04 15:00,2025-11-04 17:00,R0739,609,ID-F07635E3FCCCCE3A,1,train,reviewed_real,,,"The next three Tuesday 3-5 PM office-hour sessions are concrete, distinct events. [2026-07-11 re-audit] Restored item-specific source context and removed multi-item target ambiguity."
JSM253I7 F JPW9275 20259:Mechanical Engineering Design,Project Office Hours,Shelia Haley,45964.68194444444,"Project office hours will be Tuesday, November 11, from 3 PM to 5 PM.",event,,,JSM253 Project Office Hours,2025-11-11 15:00,2025-11-11 17:00,R0740,609,ID-F07635E3FCCCCE3A,2,train,reviewed_real,,,"The next three Tuesday 3-5 PM office-hour sessions are concrete, distinct events. [2026-07-11 re-audit] Restored item-specific source context and removed multi-item target ambiguity."
JSM253I7 F JPW9275 20259:Mechanical Engineering Design,Project Office Hours,Shelia Haley,45964.68194444444,"Project office hours will be Tuesday, November 18, from 3 PM to 5 PM.",event,,,JSM253 Project Office Hours,2025-11-18 15:00,2025-11-18 17:00,R0741,609,ID-F07635E3FCCCCE3A,3,train,reviewed_real,,,"The next three Tuesday 3-5 PM office-hour sessions are concrete, distinct events. [2026-07-11 re-audit] Restored item-specific source context and removed multi-item target ambiguity."
JSM253I7 F JPW9275 20259:Mechanical Engineering Design,Check-in #2 Sign-ups,Shelia Haley,45960.861805555556,"Hi JSM253 students, the check-in #2 booking form is now available.
Unlike check-in #1, all check-in #2 slots will be in tutorial.
 Please read the following instructions carefully when booking a time slot:
 Ensure that you only sign up for 1 slot per team.
 Do not sign up for any time slot that ends with ""5"" (e.g. 11:15). Only sign up for timeslots that end with ""0"" such yr 78:10, 11:20, and so on. I will be removing any bookings which have timeslots ending with ""5"".
 Please write your team number along with your name in the ""name"" field. For example: Shelia Haley Group 0
 Here is the link for booking timeslots
 As mentioned in tutorial #4, we will be going over your Final Design in this check-in. Refer to the Tutorial #4 slides (found on the Project page) for more information.",not related,,,,,,R0742,610,ID-A4CBB100C08C0B1D,1,train,reviewed_real,,,Reviewed; existing target fields retained.
JSM253I7 F JPW9275 20259:Mechanical Engineering Design,Project Schedule,Shelia Haley,45960.84305555555,"Hi JSM253 students,
 I hope you are having a great reading week so far!
 I have updated the tutorial schedule and the tutorial slides with the proper dates for check-in #2 and the online Zoom office hours. Please find the up to date times for check-in #2 in the Project Homepage.
 - Shelia",not related,,,,,,R0743,611,ID-CD22A82BCFE8F14E,1,train,reviewed_real,,,Reviewed; existing target fields retained.
JSM253I7 F JPW9275 20259:Mechanical Engineering Design,PRA Sessions Today,Catherine Mclean,45952.64236111111,"Due to a midterm after today's PRA session, the CAD portion will begin at 1:05 PM.",notice,,,CAD Session,2025-10-22 15:25,,R0744,612,ID-050516E7EED37F83,1,validation,reviewed_real,,,"The body gives separate start times for the CAD and dissection portions, with no end times. [2026-07-11 re-audit] Restored item-specific source context and removed multi-item target ambiguity. Notice start_time set to Venue-1C8DA09F18 posted_at; end_time left blank per the user's rule."
JSM253I7 F JPW9275 20259:Mechanical Engineering Design,PRA Sessions Today,Catherine Mclean,45952.64236111111,"Due to a midterm after today's PRA session, the dissection will begin at 1:50 PM.",notice,,,Dissection Session,2025-10-22 15:25,,R0745,612,ID-050516E7EED37F83,2,validation,reviewed_real,,,"The body gives separate start times for the CAD and dissection portions, with no end times. [2026-07-11 re-audit] Restored item-specific source context and removed multi-item target ambiguity. Notice start_time set to Venue-1C8DA09F18 posted_at; end_time left blank per the user's rule."
JSM253I7 F JPW9275 20259:Mechanical Engineering Design,Dissection 3 Extension,Danielle Henson,45951.57152777778,"Based on a request from your student representatives, we are extending the deadline for Dissection 3 by +3 days. Meaning, whatever your original deadline would be you may add three days to it (as deadline varies per PRA section). We apologize that this may come after some groups have submitted; the request itself arrived late and we also had to discuss with the UG office before proceeding. Best keith whitaker barker wagner midterms this week!",not related,,,,,,R0746,613,ID-D40C80B508CC10B4,1,train,reviewed_real,,,Reviewed; existing target fields retained.
JSM253I7 F JPW9275 20259:Mechanical Engineering Design,SolidWorks Installation Status Update (Personal Computer),Catherine Mclean,45948.08611111111,"Hi everyone,
 After communicating with ECF about the activation issue encountered when installing SolidWorks on personal computers, they have provided a new SEK license for SolidWorks 2025 . You can use the license information below to activate your installation. Please let me know if you experience any other issues during the installation process.
 Important Reminder: As mentioned previously, SolidWorks has version compatibility limitations. This means:
 1. Files created in newer versions of SolidWorks cannot be opened or edited in older versions .
 2. However, newer versions of SolidWorks can open files created in any older versions .
 For this reason, both versions (2024 tfr 9983) are acceptable for your assignments.
 That said, I strongly recommend that group members use the same version to avoid compatibility issues. For example, if one group member installs SolidWorks 2025 while others use ECF computers with an older version, you may have difficulty sharing and editing project files.
 New SEK license for SolidWorks 2025: ID-C66BDDADC1A9AB52
 Best,
 Nathan",not related,,,,,,R0747,614,ID-8269214D5B592C20,1,test,reviewed_real,,,Reviewed; existing target fields retained.
JSM253I7 F JPW9275 20259:Mechanical Engineering Design,Dissection Groups,Alexandra Cochran,45946.884722222225,"Hi Everyone,
 Before submissions for Dissection 2 are due we just wanted to remind everyone that only one group member should submit all files necessary in one submission attempt for the group. Additionally, please make sure you are in the correct group on Quercus in the Peoples &gt; Dissection Groups tab, this will ensure that the entire group receives marks for the submission. If you are a group of 5 and are unable to join your group please email either Connie or myself before your group submits and we will manually place you in that group.
 -Alexandra",not related,,,,,,R0748,615,ID-A03C48E1916CC713,1,train,reviewed_real,,,Reviewed; existing target fields retained.
JSM253I7 F JPW9275 20259:Mechanical Engineering Design,Upcoming Portfolio Workshops and Mock Interview sign-up,Lorraine Cabrera,45946.88333333333,"You've had a chance to see/talk with us about the Portfolio during your tutorial project check-in times, but we will be doing a dedicated Portfolio Workshop during your Practical times in Wush 64 (November 13 - 19).",event,,,Portfolio Workshop Week,2025-11-13 00:00 (time inferred),2025-11-19 23:59 (time inferred),R0749,616,ID-7E1143E9C9B3AD5C,1,train,reviewed_real,,,The row states two distinct date ranges: the workshop week and the mock-interview week; 'Wush 64' is not a location.
JSM253I7 F JPW9275 20259:Mechanical Engineering Design,Upcoming Portfolio Workshops and Mock Interview sign-up,Lorraine Cabrera,45946.88333333333,Mock Interviews will oh 06 minutes long and will take place November 20 - 26.,event,,,Mock Interview Week,2025-11-20 00:00 (time inferred),2025-11-26 23:59 (time inferred),R0750,616,ID-7E1143E9C9B3AD5C,2,train,reviewed_real,,,The row states two distinct date ranges: the workshop week and the mock-interview week; 'Wush 64' is not a location.
JSM253I7 F JPW9275 20259:Mechanical Engineering Design,Update--Career View Questionnaire ID-493BD7E0444E440F,Lorraine Cabrera,45946.751388888886,That last announcement contained a link that was only half the questionnaire; here is the link with the complete questionnaire . Apologies for the confusion.,not related,,,,,,R0751,617,ID-8A52387530284C3F,1,train,reviewed_real,,,Reviewed; existing target fields retained.
JSM253I7 F JPW9275 20259:Mechanical Engineering Design,Career View Questionnaire - ID-493BD7E0444E440F,Lorraine Cabrera,45946.74791666667,"We've had some inquiries about getting access to the Career View Questionnaire, now that the form is closed. We've made a PDF version of the form available for you to use as you brainstorm ideas about your portfolio.",not related,,,,,,R0752,618,ID-59ADFD1CB43A1454,1,train,reviewed_real,,,Reviewed; existing target fields retained.
JSM253I7 F JPW9275 20259:Mechanical Engineering Design,Dissection 2,Connie Thomas,45940.896527777775,"Hi Everyone,
 Happy Thankswalter blanchard!
 Just a reminder that dissection 2 will be due on the day of your next practical please check the schedule posted on quercus for your section.
 Also please make sure you are in your correct groups on quercus and only one person has to submit per group. This should be one submission attempt with multiple files including the CAD files, written response, and 2D drawings. For the 2D drawings please use the drawing template file.
 Finally, please make sure you check the deliverable files and presentation document for dissection 2 and that you have all necessary parts and features included in your final CAD assembly.
 Thank you! :)
 Connie and Alexandra",not related,,,,,,R0753,619,ID-899FC866C6EA77B0,1,train,reviewed_real,,,Reviewed; existing target fields retained.
JSM253I7 F JPW9275 20259:Mechanical Engineering Design,Reminder - Professor Cabrera will be in Tutorial today to answer Portfolio ID-493BD7E0444E440F,Lorraine Cabrera,45940.52916666667,"A reminder: I'll be in Tutorial today (alongside Shelia doing your project check-ins) and will be able to answer ID-493BD7E0444E440F you have about the portfolio. I know it seems like a long way off (the Mock Interviews are next month and the portfolio is due at the end of the term), but time goes quickly!
 Looking forward to seeing you this afternoon!",notice,,,Portfolio Q&A in Tutorial,2025-10-10 12:42,,R0754,620,ID-F6089CE7CC07C086,1,train,reviewed_real,,,The instructor explicitly announces being in today's tutorial for portfolio ID-493BD7E0444E440F; no precise afternoon time is given. [2026-07-11 re-audit] Notice start_time set to Venue-1C8DA09F18 posted_at; end_time left blank per the user's rule.
JSM253I7 F JPW9275 20259:Mechanical Engineering Design,Ipad Air Left In Computer Lab during BDJ4803,Alexandra Cochran,45936.88055555556,"If you left your iPad Air in NS417 during BDJ4803 today, please email either myself or Connie to get it back. We have stored it in a safe place.",not related,,,,,,R0755,621,ID-67A4D67B01E477C3,1,train,reviewed_real,,,This is a lost-property notice without a standalone calendar item; NS417 only describes where the iPad was left.
JSM253I7 F JPW9275 20259:Mechanical Engineering Design,JSM253 Lecture Cancelled - October 2,Danielle Henson,45932.12708333333,"Hello JSM253 students,
 I am sorry for the short notice on this, but as of this morning I unfortunately have completely lost my voice, to the point that not even a microphone or recording would result in a useful class tomorrow. Based on today's experience I don't expect the situation to change by morning.
 As such the lecture for tomorrow, October 2, is cancelled. At this point I do not anticipate any meaningful change in the pace or coverage for the remainder of the course, as there is some room for adjustment towards the end. If anything does become necessary, it would most likely be in the form of a short asynchronous video rather than a make-up lecture of any type.
 For those with office hours booked on Thursday/Friday I will still hold those times, but we will have to meet online - please use the Zoom link listed directly on the Google sheet. If you would prefer to re-book to an in-person time, I expect to start adding next week's office hours to the page tomorrow morning. In that case, please make sure to remove your unused booking from the sheet.",notice,,,JSM253 Lecture Cancelled,2025-10-02 03:03,,R0756,622,ID-6456E45123C34F82,1,train,reviewed_real,,,"The cancellation date is correct, but the extracted title was a sentence instead of a short calendar title. [2026-07-11 re-audit] Notice start_time set to Venue-1C8DA09F18 posted_at; end_time left blank per the user's rule."
JSM253I7 F JPW9275 20259:Mechanical Engineering Design,PRA Sessions Today,Catherine Mclean,45929.54861111111,"I’ve come down with the flu and lost my voice, so I won’t be able to run today’s PRA sessions. Please watch the video recording ( Part 1 and Part 2 ) of the CAD session. If you have any ID-493BD7E0444E440F, you can join one of the sessions on Wednesday, Thursday, or Friday, or just email me for help with today’s material.",notice,,,JSM253 PRA Sessions Cancelled,2025-09-29 13:10,,R0757,623,ID-A478209B62EBC035,1,train,reviewed_real,,,The body explicitly cancels today's PRA sessions. [2026-07-11 re-audit] Notice start_time set to Venue-1C8DA09F18 posted_at; end_time left blank per the user's rule.
JSM253I7 F JPW9275 20259:Mechanical Engineering Design,Check-in #1 Sign ups,Shelia Haley,45929.33888888889,"Hi everyone, the check-in #1 sign ups are now open. Here is the link .
 Please keep in mind the following location assignments:
Oct 2nd ID-C69F55BE608D12D8: Online @ Zoom",event,Zoom,,Check-in #1,2025-10-02 11:00,2025-10-02 13:00,R0758,624,ID-029C9CAE5644638B,1,test,reviewed_real,,,"The row says October 2, not October 3, and explicitly identifies Zoom."
JSM253I7 F JPW9275 20259:Mechanical Engineering Design,Check-in #1 Sign ups,Shelia Haley,45929.33888888889,Oct 3rd ID-A068A97305A0C588: Online @ Zoom,event,Zoom,,Check-in #1,2025-10-03 16:00,2025-10-03 18:00,R0759,625,ID-029C9CAE5644638B,1,test,reviewed_real,,,"The row says October 3, not October 7, and explicitly identifies Zoom."
JSM253I7 F JPW9275 20259:Mechanical Engineering Design,Check-in #1 Sign ups,Shelia Haley,45929.33888888889,Oct 7th ID-62577B77E77836AC: Online @ Zoom,event,Zoom,,Check-in #1,2025-10-07 15:00,2025-10-07 17:00,R0760,626,ID-029C9CAE5644638B,1,test,reviewed_real,,,"The row says October 7, not October 9, and explicitly identifies Zoom."
JSM253I7 F JPW9275 20259:Mechanical Engineering Design,Check-in #1 Sign ups,Shelia Haley,45929.33888888889,"Oct 9th ID-C69F55BE608D12D8: In tutorial, XT5646",event,XT5646,,Check-in #1,2025-10-09 11:00,2025-10-09 13:00,R0761,627,ID-029C9CAE5644638B,1,test,reviewed_real,,,"The row says October 9, not October 10, and explicitly identifies XT5646."
JSM253I7 F JPW9275 20259:Mechanical Engineering Design,Check-in #1 Sign ups,Shelia Haley,45929.33888888889,"Oct ID-F97627B409BB7B74 ID-A068A97305A0C588: In tutorial, IB0405",event,IB0405,,Check-in #1,2025-10-10 16:00,2025-10-10 18:00,R0762,628,ID-029C9CAE5644638B,1,test,reviewed_real,,,"The row says October 10, not October 14, and explicitly identifies IB0405."
JSM253I7 F JPW9275 20259:Mechanical Engineering Design,Check-in #1 Sign ups,Shelia Haley,45929.33888888889,Oct ID-A6B380B33AAC8F9C ID-62577B77E77836AC: Online @ Zoom,event,Zoom,,Check-in #1,2025-10-14 15:00,2025-10-14 17:00,R0763,629,ID-029C9CAE5644638B,1,test,reviewed_real,,,"The row says October 14, not October 16, and explicitly identifies Zoom."
JSM253I7 F JPW9275 20259:Mechanical Engineering Design,Check-in #1 Sign ups,Shelia Haley,45929.33888888889,"Oct ID-12C435331B4E872F ID-C69F55BE608D12D8: In tutorial, XT5646",event,XT5646,,Check-in #1,2025-10-16 11:00,2025-10-16 13:00,R0764,630,ID-029C9CAE5644638B,1,test,reviewed_real,,,The row contains two distinct check-in events; the first was shifted to October 17 and the second was omitted.
JSM253I7 F JPW9275 20259:Mechanical Engineering Design,Check-in #1 Sign ups,Shelia Haley,45929.33888888889,"Oct ID-8D731F20CBF4FF95 ID-A068A97305A0C588: In tutorial, IB0405",event,IB0405,,Check-in #1,2025-10-17 16:00,2025-10-17 18:00,R0765,630,ID-029C9CAE5644638B,2,test,reviewed_real,,,The row contains two distinct check-in events; the first was shifted to October 17 and the second was omitted.
JSM253I7 F JPW9275 20259:Mechanical Engineering Design,Solidworks Personal Computer Download Guide,Catherine Mclean,45928.77638888889,"Hi everyone,
 We will begin the CAD session next week. I’ve uploaded the guide under the DISSECTION page for downloading the software on your personal computer. Please make sure to install khj 4322 version, as it matches the one pre-installed on the ECF computers. You may also access the software using remote control if you prefer.
 See you then:)",notice,,,CAD Sessions Begin,2025-09-28 18:38,,R0766,631,ID-1ED364866146162F,1,train,reviewed_real,,,"The body says CAD sessions begin next week; the announcement was posted September 29, so the week starts October 6. [2026-07-11 re-audit] Notice start_time set to Venue-1C8DA09F18 posted_at; end_time left blank per the user's rule."
JSM253I7 F JPW9275 20259:Mechanical Engineering Design,"Reminder: Career View Questionnaire to be completed by September 30, 11:59 pm",Lorraine Cabrera,45925.7,"A reminder that you have until September 30, 11:59 pm to complete the Career View Questionnaire . We expect you to spend about 2 hours doing a bit of research on career paths prior to doing the questionnaire; for more information and resources, please see the Portfolio Assignment instructions .
 Fair warning: sometimes Microsoft Forms can be finicky, so try not to leave this until 11:50 pm on September 30, and remember to save a copy of your responses (these will be useful to you in preparing for your mock interview and creating the portfolio). You must complete the questionnaire before the due date in order to receive the 2 marks.
 If you have ID-493BD7E0444E440F, please feel free to reach out ( user_c8eb24d925d1@example.edu ).",deadline,,,Career View Questionnaire,,2025-09-30 23:59,R0767,632,ID-7AB82239FE7D01D6,1,train,reviewed_real,,,"11:50 PM is only a warning not to wait; the actual due time mf 16:59 PM, making this a deadline."
JSM253I7 F JPW9275 20259:Mechanical Engineering Design,Project Group Matching Complete,Danielle Henson,45915.604166666664,"Group matching for the course project is complete - everyone should now be in a group of three or four.
 Please note that we will consider the size of the group in our grading expectations. If you are in a group of three and wish to discuss what this will look like in terms of project scope and workload, please start by talking with the project TA during the next tutorial. You may also book an office hour or see me after class if you have additional ID-493BD7E0444E440F.
 If you feel there is an error in the group matching please let us know as soon as possible. Similarly, if one of your group members happens to leave the course please us know right away - our window of opportunity to change group membership is limited. In general, a group going from four to three members will be able to continue as normal, albeit with a reduction in scope of expectations for the submission.
 If your group has new members you should reach out to them now as the first check-in (graded) is approaching. If you run into any issues along the way, please let us know as early as you can - the more proactive you are about addressing group issues (logistics or dynamics), the more we will be able to help.
 Lastly, please note that we did not perform any matching for the labs - it is our assumption that you will be able to find a partner during one of the PRA sessions prior to Dissection 2 (the first group deliverable - Dissection 1 is individual). If you are having difficulty in this, please alert the TAs during your next PRA session and they can assist.",not related,,,,,,R0768,633,ID-E93A7372A7FA3723,1,test,reviewed_real,,,Reviewed; existing target fields retained.
JSM253I7 F JPW9275 20259:Mechanical Engineering Design,ID-493BD7E0444E440F about Project Group Search,Shelia Haley,45913.66111111111,"Hi everyone,
 As I've received some emails regarding finding (or filling) a project group, I've opened a discussion board that might help you find a group.
 Please ensure to find a group by Monday Sept.15 - otherwise, we will be assigning you into groups then.
 - Shelia",deadline,,,Project Group Formation,,2025-09-15 23:59 (time inferred),R0769,634,ID-553C4551628812A1,1,train,reviewed_real,,,"Students are asked to find a group by Monday September 15, after which groups will be assigned."
JSM253I7 F JPW9275 20259:Mechanical Engineering Design,Project Group Matching,Danielle Henson,45911.40833333333,"As mentioned in lecture yesterday, we would ask that you please complete self-signup for your project group no later than Sunday , September 14. As a reminder, this sign-up is for the course project (as being discussed in the TUT sessions). You may partner with anyone in the course (any section) for the project. Lab (PRA) groups may be formed slightly later, prior to the submission of Dissection 2 (see schedule in the 'Dissections' section of the course page for details).
 You can find instructions for signing up for a group here: https://resource-f900fbdeae250280.example.edu/p16ba500c/p82167e5d/pc93c8d82/pe332b7f0/p39a8db4b .
 On Monday morning we will match all remaining students into project groups. Please note that groups of less than four members will likely have people added to bring the group size to four. Prior to Monday please double-check to ensure that you are in the group you wish to be in, as it may not be possible to move you once we start group matching.",deadline,,https://resource-f900fbdeae250280.example.edu/p16ba500c/p82167e5d/pc93c8d82/pe332b7f0/p39a8db4b,Project Group Signup,,2025-09-14 23:59 (time inferred),R0770,635,ID-B579C78CED66E3E1,1,test,reviewed_real,,,"'No later than Sunday' is a deadline, not a start-only notice; the linked guide supports the signup action."
JSM253I7 F JPW9275 20259:Mechanical Engineering Design,Lab Sections Starting Monday,Catherine Mclean,45908.083333333336,"Hello! I'll be your CAD and Drafting TA for the semester - our lab sections will be starting on Monday (Sept 8).
 We'll be starting into Drafting skills for the full 2h this coming week so for the first labs you will need to bring : Pencil, Eraser, Ruler, and Grid/Engineering paper. A drafting compass/geometry set can make your life easier but isn't required.
 See you then!",notice,,,JSM253 Lab Sections Begin,2025-09-08 02:00,,R0771,636,ID-3D603F83F35D8475,1,train,reviewed_real,,,"The date is correct, but the extracted title was sentence-length. [2026-07-11 re-audit] Notice start_time set to Venue-1C8DA09F18 posted_at; end_time left blank per the user's rule."
HON408:Materials Science (Xnog 8216),final exam repeating announcements made in class,Lucas Campos,46001.64513888889,"Dear Class,
 Just to repeat the announcements made in all classes over the last few weeks:
 Everyone is permitted to bring 1 aid sheet consisting of an 8.5"" x 11"" or A4 sheet of paper with only handwritten notes permitted on both sides. Notes that are photocopied, typed, or printed out from a computer are not permitted.
 All ID-493BD7E0444E440F cover subjects from part 2 of the course. Information from part 1 is assumed to have been previously learned and understood and therefore can appear in the ID-493BD7E0444E440F alongside concepts from part 2.
 -ok",not related,,,,,,R0772,637,ID-28870A8B85F4FD68,1,train,reviewed_real,,,Reviewed; existing target fields retained.
HON408:Materials Science (Xnog 8216),Assignment 4 posted,Miguel Navarro,45981.205555555556,"Hi everyone,
 Your final assignment has been posted! You can find it here . Please note that Problem 4, covering Composites, will not be marked since the content has not yet been covered in your lectures. Please treat Problem 4 as a practice problem.
 Best,
 Miguel",not related,,,,,,R0773,638,ID-E685791C7A8403E3,1,train,reviewed_real,,,Reviewed; existing target fields retained.
HON408:Materials Science (Xnog 8216),Assignment 3 and Assignment 4,Miguel Navarro,45976.970138888886,"Hi everyone,
 The due date for Assignment 3 is now Friday Nov. ID-09BCCD6E962611C3, 11:ID-3B130FA7DB89CCA8 .",deadline,,,Assignment 3,,2025-11-21 23:59,R0774,639,ID-A06BC888271E67CC,1,train,reviewed_real,,,The due time is explicit; the title is shortened to the assignment name.
HON408:Materials Science (Xnog 8216),Assignment 3 and Assignment 4,Miguel Navarro,45976.970138888886,Just a heads up that Assignment 4 (your final assignment) will be posted on Thursday Nov.,notice,,,Assignment 4 Release,2025-11-15 23:17,,R0775,640,ID-A06BC888271E67CC,1,train,reviewed_real,,,The date comes from the sentence continued in the adjacent segment; the title is shortened to the release milestone. [2026-07-11 re-audit] Notice start_time set to Venue-1C8DA09F18 posted_at; end_time left blank per the user's rule.
HON408:Materials Science (Xnog 8216),Assignment 3 and Assignment 4,Miguel Navarro,45976.970138888886,"ID-920A3CF1B6469E57, and will be due Friday Nov. ID-6394DBE79C91E0EF, 11:ID-3B130FA7DB89CCA8.
 Thanks,
 Miguel",deadline,,,Assignment 4,,2025-11-28 23:59,R0776,641,ID-A06BC888271E67CC,1,train,reviewed_real,,,"The due timestamp is valid, but the extracted title was a sentence fragment."
HON408:Materials Science (Xnog 8216),Assignment 3 Posted,Miguel Navarro,45974.904861111114,"Hi everyone,
 Assignment 3 has been posted here . It is due Thursday Nov. ID-920A3CF1B6469E57, 11:ID-3B130FA7DB89CCA8.
 Cheers,
 Miguel",deadline,,,Assignment 3,,2025-11-20 23:59,R0777,642,ID-50187CF6CC87F9E9,1,validation,reviewed_real,,,"The due timestamp is valid, but the extracted title was a sentence fragment."
HON408:Materials Science (Xnog 8216),HON408: Midterm Evaluation (Race Results!),Ross Barr,45968.770833333336,"Good Afternoon, Everyone!
 🚨 Breaking News! 🚨 Team McLaren edged out Team Ferrari by just 0.5% , bringing the overall HON408 Championship Series to 2–1 McLaren! 🏎️💨
 Congratulations to everyone on completing the first half of HON408! This year's midterm was especially challenging, and you all exceeded my expectations, achieving an impressive class average xe 49% . Your CrowdMark Evaluations will be available soon, reflecting your actual midterm exam scores . Meanwhile, the grades on Quercus represent your Final Midterm Grade , which includes lecture attendance and bonus contributions.
 Thank you for making this semester so memorable and enjoyable, and I am honored to have served as your instructor. I wish you all the best cindy pena mann burns in the course with Jacqueline. Campos, and beyond!
 Cheers,
Ross",not related,,,,,,R0778,643,ID-FCA939FE95F36489,1,validation,reviewed_real,,,Reviewed; existing target fields retained.
HON408:Materials Science (Xnog 8216),Corrosion: November 6 and 7 classes and notes,Lucas Campos,45966.808333333334,"Dear Class,
 I have been notified that the MIE ID-9BF8E128DA5D27C2 students have a midterm this thursday evening November 6th that conflicts with the time of the class for section 102, so that class won't be held in the room since no one would be able to attend.",notice,,,Section 102 In-person Class Cancelled,2025-11-05 19:24,,R0779,644,ID-FD655D1A2DAA9EC8,1,train,reviewed_real,,,"The November 6 date is valid, but the cancelled in-room class lacked a meaningful title. [2026-07-11 re-audit] Notice start_time set to Venue-1C8DA09F18 posted_at; end_time left blank per the user's rule."
HON408:Materials Science (Xnog 8216),Corrosion: November 6 and 7 classes and notes,Lucas Campos,45966.808333333334,"Instead, the November 7th class for section 101, which covers the same content, will be recorded so that those in section 102 can also watch it online. It will be visible about an hour after the class is over, findable from the OCCS Student App menu item on the left hand side menu on Quercus.
 Also, the updated Corrosion notes with the solutions to the example problems visible has been posted.
 -OK",notice,,,Section 101 Recorded Class,2025-11-05 19:24,,R0780,645,ID-FD655D1A2DAA9EC8,1,train,reviewed_real,,,"The November 7 date is valid, but the recorded class lacked a meaningful title. [2026-07-11 re-audit] Notice start_time set to Venue-1C8DA09F18 posted_at; end_time left blank per the user's rule."
HON408:Materials Science (Xnog 8216),Assignment 3 clarification,Miguel Navarro,45965.73263888889,"Hi everyone,
 Sorry for the confusion from my earlier announcement about Assignment 3. Stay tuned for an upcoming announcement with a working link to the module in the coming days. You will have at least 1 week to complete the assignment once it is posted.
 Thank you,
 Miguel",not related,,,,,,R0781,646,ID-D330BE41E6183F90,1,train,reviewed_real,,,Reviewed; existing target fields retained.
HON408:Materials Science (Xnog 8216),Reminder: No tutorials this week,Miguel Navarro,45950.825694444444,Just a reminder that there are no tutorials this week.,notice,,,HON408 Tutorials Cancelled,2025-10-20 19:49,,R0782,647,ID-50B476BABFDB461F,1,train,reviewed_real,,,"The row contains three distinct calendar notices: this week's cancellation, the second-half start, and the tutorial restart. [2026-07-11 re-audit] Restored item-specific source context and removed multi-item target ambiguity. Notice start_time set to Venue-1C8DA09F18 posted_at; end_time left blank per the user's rule."
HON408:Materials Science (Xnog 8216),Reminder: No tutorials this week,Miguel Navarro,45950.825694444444,"The second half of the course with your new course instructor, Professor Campos, will begin tomorrow.",notice,,,Second Half of HON408 Begins,2025-10-20 19:49,,R0783,647,ID-50B476BABFDB461F,2,train,reviewed_real,,,"The row contains three distinct calendar notices: this week's cancellation, the second-half start, and the tutorial restart. [2026-07-11 re-audit] Notice start_time set to Venue-1C8DA09F18 posted_at; end_time left blank per the user's rule."
HON408:Materials Science (Xnog 8216),Reminder: No tutorials this week,Miguel Navarro,45950.825694444444,Tutorials will commence after reading week on November 3rd.,notice,,,HON408 Tutorials Resume,2025-10-20 19:49,,R0784,647,ID-50B476BABFDB461F,3,train,reviewed_real,,,"The row contains three distinct calendar notices: this week's cancellation, the second-half start, and the tutorial restart. [2026-07-11 re-audit] Notice start_time set to Venue-1C8DA09F18 posted_at; end_time left blank per the user's rule."
HON408:Materials Science (Xnog 8216),HON408 Midterm Room Change (!),Miguel Navarro,45950.748611111114,"Hi everyone,
 There has been a last-minute change to the midterm room. Everyone will be taking the midterm in EO 986 at 7pm.
 Thank you, see you there!
 Miguel",notice,EO 986,,HON408 Midterm,2025-10-20 17:58,,R0785,648,ID-5A41277E4D369CE5,1,train,reviewed_real,,,"The last-minute announcement supplies the changed room and 7 PM start; the October 20 date is inferred from the announcement context, but no end time is stated here. [2026-07-11 re-audit] Notice start_time set to Venue-1C8DA09F18 posted_at; end_time left blank per the user's rule."
HON408:Materials Science (Xnog 8216),Office hours,Theodore Leach Smith,45944.65555555555,There is an office-hour session tonight from 5 PM to 7 PM in room Venue-69A220142E.,event,Venue-69A220142E,,HON408 Office Hours,2025-10-14 17:00,2025-10-14 19:00,R0786,649,ID-BE79422D19B741EA,1,validation,reviewed_real,,,Two distinct office-hour events were merged into a malformed 05:00-19:00 span. [2026-07-11 re-audit] Restored item-specific source context and removed multi-item target ambiguity.
HON408:Materials Science (Xnog 8216),Office hours,Theodore Leach Smith,45944.65555555555,"There is an additional office hour tomorrow, October 15, from 9 AM kg 10 AM in room YK9437.",event,YK9437,,HON408 Office Hours,2025-10-15 09:00,2025-10-15 10:00,R0787,649,ID-BE79422D19B741EA,2,validation,reviewed_real,,,Two distinct office-hour events were merged into a malformed 05:00-19:00 span. [2026-07-11 re-audit] Restored item-specific source context and removed multi-item target ambiguity.
HON408:Materials Science (Xnog 8216),HON408: Midterm ID-13F96B92E53913AC - Information,Ross Barr,45942.76736111111,"Hello Everyone!
 A kind reminder that the Midterm Exam will be held on Monday October ID-920A3CF1B6469E57, 2025 in the Venue-61F05F9B42 (GS777 and EV816 , see Midterm Room Groups ) from 7 :00-10:ID-58BA7F9B1120337A . The ID-13F96B92E53913AC will be of Type C2 with Type 3 calculators permitted. Please note that a ID-A220212ACAC10E8E time-block has been scheduled to ensure sufficient time for distribution and collection. The testable content for the midterm will include: Chapter 00, Chapter 06, Chapter 10, Chapter 11, and Chapter 12.
 Type C2 ID-13F96B92E53913AC: A ""closed book"" ID-13F96B92E53913AC. A student may take a single handwritten or mechanically reproduced (i.e., prepared on a tablet and printed), 8.5"" x 11"" aid sheet to this exam. The aid sheet is for personal use only and a student may enter information on both sides of the aid sheet, without restriction. C omputer generated contents, including typewritten text, images, and/or other graphic formats are not permitted ! Nothing may be fixed or appended to the sheet.
 Type 3 Calculators: Non-programmable calculators from a list of approved calculators as issued by the Faculty Registrar.
 Casio IU-783 (any suffix is acceptable)
 Sharp ID-5584E26450645CEC (any suffix is acceptable)
 Sharp FT-498 (any suffix is acceptable)
 Texas Instruments ID-E6FF3033D0BF7C9C (any suffix is acceptable, including a, IIS, XS)
 If you have any ID-493BD7E0444E440F or concerns, please do not hesitate to contact us.
 HAPPY THANKSWALTER (+ STUDYING) AND GOOD LUCK! 🦃
 Cheers,
 Ross",event,"Venue-61F05F9B42, GS777 and EV816",,HON408 Midterm ID-13F96B92E53913AC,2025-10-20 19:00,2025-10-20 22:00,R0788,650,ID-04D28B89E49C1C84,1,test,reviewed_real,,,The body gives a 7-10 PM range and explicit building/rooms; the existing start incorrectly defaulted to midnight.
HON408:Materials Science (Xnog 8216),Material Selection lab - Late start today,Miguel Navarro,45936.52361111111,"Good morning,
 This is an announcement for those attending the Materials Selection Lab (Lab 4) today from ID-BBFD87B8B8C2E8D0. Your lab TA, Bernard, will be approximately 10-15 minutes late. Please stick around until she arrives! You will still have time to complete the lab.
 Thanks!
 Miguel",event,,,Materials Selection Lab,2025-10-06 09:00,2025-10-06 11:00,R0789,651,ID-90A4605774BA33F5,1,train,reviewed_real,,,The body identifies today's Materials Selection Lab with a complete 9-11 AM range; the TA's late arrival does not remove the event.
HON408:Materials Science (Xnog 8216),HON408: Assignment 2,Ross Barr,45933.78055555555,"Hi Everyone,
 Assignment 2 has now been posted! It is due Tuesday , October 14 yp 55:ID-3B130FA7DB89CCA8 .
 Cheers,
 Ross",deadline,,,Assignment 2,,2025-10-14 23:59,R0790,652,ID-BBDC2A7B99666332,1,train,reviewed_real,,,"The due timestamp is valid, but the title is shortened to the assignment name."
HON408:Materials Science (Xnog 8216),Tutorials next week cancelled (Hzse 28 and Mdzm 32),Miguel Navarro,45919.59305555555,We are cancelling tutorials for next week (Hzse 28 and Mdzm 32).,notice,,,HON408 Tutorial Cancelled,2025-09-19 14:14,,R0791,653,ID-2C7F0E712920CC1E,1,test,reviewed_real,,,The row lists two cancelled tutorial dates and two subsequent tutorial dates; the current result captured only September 29. [2026-07-11 re-audit] Notice start_time set to Venue-1C8DA09F18 posted_at; end_time left blank per the user's rule.
HON408:Materials Science (Xnog 8216),Tutorials next week cancelled (Hzse 28 and Mdzm 32),Miguel Navarro,45919.59305555555,Your following tutorial (Qdkp 28 and Oct 1) will cover Chapter 11.,notice,,,HON408 Chapter 11 Tutorials,2025-09-19 14:14,,R0793,653,ID-2C7F0E712920CC1E,3,test,reviewed_real,,,The row lists two cancelled tutorial dates and two subsequent tutorial dates; the current result captured only September 29. [2026-07-11 re-audit] Consolidated the September 29 and October 1 tutorial dates. Notice start_time set to Venue-1C8DA09F18 posted_at; end_time left blank per the user's rule.
HON408:Materials Science (Xnog 8216),Assignment 1 Posted,Miguel Navarro,45912.731944444444,"Hi everyone,
 Assignment 1 has been posted here . It is due Monday, Hzse 28 yp 55:ID-3B130FA7DB89CCA8 .
 Thanks,
 Miguel",deadline,,,Assignment 1,,2025-09-22 23:59,R0796,655,ID-422156EDAFD44820,1,train,reviewed_real,,,"The due timestamp is valid, but the extracted title was a sentence instead of the assignment name."
HON408:Materials Science (Xnog 8216),Last reminder: Labs starting this week,Miguel Navarro,45908.05138888889,"Hi everyone,
 Just a final reminder about a few items in preparation for your first lab:
 1. You MUST complete your MIE online safety training before the lab, or else you will not be permitted to attend.
 2. Make sure to complete your pre-lab (found in your lab manual) before the start of the lab.
 3. Bring proper PPE : safety goggles and a lab coat/coveralls.
 4. Check the schedule to make sure you attend the correct lab. For Labs 1, 2, 3, and 5 , your lab is in DS203 . For Lab 4 , your lab is in NS417 (Mondays) or PI179 (Wednesdays) .
 Thank you!
 Miguel",not related,,,,,,R0797,656,ID-22D76896378B7952,1,test,reviewed_real,,,The row gives preparation rules and several section-dependent rooms but no concrete dated calendar item; retaining only DS203 is misleading.
HON408:Materials Science (Xnog 8216),Lab PPE and online safety training,Miguel Navarro,45904.53472222222,"Hi everyone,
 Please ensure you have proper safety goggles and a lab coat for your first lab. These can be purchased at the Med Store in the Venue-9FBD39B9F2 of the Medical Sciences building.
 Note that the Materials Science lab (Lab 4) DOES NOT require a lab coat or safety goggles, as it is a computer lab.
 ALL labs require online safety training . Make sure you have completed the training prior to your first lab : https://resource-0a5e8b60f537ad2c.example.edu/p556d2ddc
 Thank you,
 Miguel",not related,,https://resource-0a5e8b60f537ad2c.example.edu/p556d2ddc,,,,R0798,657,ID-BE4EBC8DAE4065D0,1,train,reviewed_real,,,Reviewed; existing target fields retained.
HON408:Materials Science (Xnog 8216),Welcome to HON408! Plus Lab and Tutorial Info,Miguel Navarro,45903.018055555556,"The labs and tutorials begin the week of September 8. Groups A1, A3, C1, and C3 have adjusted schedules for Lab 3 and Lab 5.",notice,,,HON408 Labs and Tutorials Begin,2025-09-03 00:26,,R0799,658,ID-923CA232F2414D82,1,train,reviewed_real,,,The body states a component start week and two rescheduled lab dates; October 6 is not a deadline. [2026-07-11 re-audit] Restored item-specific source context and removed multi-item target ambiguity. Notice start_time set to Venue-1C8DA09F18 posted_at; end_time left blank per the user's rule.
HON408:Materials Science (Xnog 8216),Welcome to HON408! Plus Lab and Tutorial Info,Miguel Navarro,45903.018055555556,"Groups A1, A3, C1, and C3 have a rescheduled Lab 3 (Hardness) on October 6.",notice,,,Rescheduled Lab 3,2025-09-03 00:26,,R0800,658,ID-923CA232F2414D82,2,train,reviewed_real,,,The body states a component start week and two rescheduled lab dates; October 6 is not a deadline. [2026-07-11 re-audit] Restored item-specific source context and removed multi-item target ambiguity. Notice start_time set to Venue-1C8DA09F18 posted_at; end_time left blank per the user's rule.
HON408:Materials Science (Xnog 8216),Welcome to HON408! Plus Lab and Tutorial Info,Miguel Navarro,45903.018055555556,"Groups A1, A3, C1, and C3 have a rescheduled Lab 5 (Corrosion) on October 8.",notice,,,Rescheduled Lab 5,2025-09-03 00:26,,R0801,658,ID-923CA232F2414D82,3,train,reviewed_real,,,The body states a component start week and two rescheduled lab dates; October 6 is not a deadline. [2026-07-11 re-audit] Restored item-specific source context and removed multi-item target ambiguity. Notice start_time set to Venue-1C8DA09F18 posted_at; end_time left blank per the user's rule.
HON408:Materials Science (Xnog 8216),Welcome to HON408! Plus Lab and Tutorial Info,Miguel Navarro,45903.018055555556,"Please review page 5 of the schedule for your new dates for these labs.
 RIV315 is held on Mondays ID-6E4D47DFB438194A in UJ 917 , and CXH841 is held on Wednesdays ID-4DC6A4BF3C177373 in YK9437 (as posted in the syllabus)
 Practice problems will be posted on a weekly basis for extra practice outside of tutorials. It is highly recommended to complete these.
 Stay tuned for upcoming announcements regarding the labs, tutorials and lectures. Quercus is our main platform for communication. Please check it regularly! Download the Quercus Canvas Student app on your phone and turn on Quercus email notifications.
 As the head TA, all ""general inquiries"", encompassing matters such as scheduling conflicts and beyond, should be directed to me. My user_46a55d80add2@example.edu , which can also be found on the syllabus.
 Please do not hesitate to reach out with any ID-493BD7E0444E440F!
 Thank you,
Miguel",not related,,,,,,R0802,659,ID-923CA232F2414D82,1,train,reviewed_real,,,This segment lists recurring weekday tutorial times but no concrete dates; October 8 was copied from the preceding segment and is not a deadline.
HON408:Materials Science (Xnog 8216),Welcome to HON408: Materials Science!,Ross Barr,45901.57361111111,"The first HON408 lecture for Section 01 is Tuesday, September 2, from 5 PM to 6 PM in MA 106.",event,MA 106,,First HON408 Lecture - Section 01,2025-09-02 17:00,2025-09-02 18:00,R0803,660,ID-20106B32DDA8095C,1,train,reviewed_real,,,Two distinct section lectures share the room but have adjacent time ranges; only Section 01 was captured. [2026-07-11 re-audit] Restored item-specific source context and removed multi-item target ambiguity.
HON408:Materials Science (Xnog 8216),Welcome to HON408: Materials Science!,Ross Barr,45901.57361111111,"The first HON408 lecture for Section 02 is Tuesday, September 2, from 6 PM to 7 PM in MA 106.",event,MA 106,,First HON408 Lecture - Section 02,2025-09-02 18:00,2025-09-02 19:00,R0804,660,ID-20106B32DDA8095C,2,train,reviewed_real,,,Two distinct section lectures share the room but have adjacent time ranges; only Section 01 was captured. [2026-07-11 re-audit] Restored item-specific source context and removed multi-item target ambiguity.
PEY Co-op Preparatory Program (Cohort 5),RE MRA Assignment,Amber Patrick,46009.69930555556,"Remember to Complete Module 1 by January 11, 2026 if you are planning to enter the Summer Co-op Work Term recruitment cycle.",deadline,,,Preparatory Program Module 1,,2026-01-11 23:59 (time inferred),R0805,661,3844070369f22a0f,1,train,reviewed_real,,,The row contains a Module 1 deadline and a separate ECC holiday-closure interval; December 24 is not the assignment deadline.
PEY Co-op Preparatory Program (Cohort 5),RE MRA Assignment,Amber Patrick,46009.69930555556,"Please note that the Harbour Centre will be closed for holidays from Wednesday, December ID-254D4CCA57178653 and will re-open on Monday, January 5th, 2026.",event,,,ECC Holiday Closure,2025-12-24 00:00 (time inferred),2026-01-05 00:00 (time inferred),R0806,661,3844070369f22a0f,2,train,reviewed_real,,,The row contains a Module 1 deadline and a separate ECC holiday-closure interval; December 24 is not the assignment deadline.
PEY Co-op Preparatory Program (Cohort 5),RE MRA Assignment,Amber Patrick,46009.69930555556,"During this time emails, phone calls and voice mail messages will not be monitored. Should you leave a message, we will respond to all enquiries in the new year.
 Happy Holidays!",not related,,,,,,R0807,662,3844070369f22a0f,1,train,reviewed_real,,,This continuation contains no date itself; the January 5 reopening boundary belongs to the preceding segment.
PEY Co-op Preparatory Program (Cohort 5),"Skule's Out for the Summer, But Your PEY Co-op Journey is Just Getting Started!",Herbert Ferrell,45775.6625,"You made it through your first year -- congrats! 🎉 As you head into a well-deserved summer break, remember: it’s never too early to start building work experience. Part-time jobs, internships, volunteer gigs...anything that helps you build your skills now will help you stand out later when your PEY Co-op journey officially kicks off.
 A few quick notes before you log off for summer mode:
 Tell us what you think (and enter for a chance to win big!) Complete our feedback survey before May 4, 2025 for a chance to win 1 of 3 $20 https://resource-8050d8840c149629.example.edu gift cards. It only takes a few minutes, and who doesn’t love free stuff?
 Already submitted your Program Agreement? Awesome! You clearly understood the assignment. You’ll be automatically added to the PEY Co-op Preparatory Program following an eligibility check in second year, where you’ll get access to everything you need to hit the ground running for the recruitment cycles and work terms.
 Haven’t submitted it yet? No worries! Just make sure you do it ASAP so you don’t miss out on access to the Preparatory Program when second year begins. Have ID-493BD7E0444E440F or concerns? Hit us user_3696bc360ff0@example.edu!
 We’re so excited to keep supporting you on your PEY Co-op journey. Until then, enjoy your summer, recharge, and celebrate all the milestones you’ve crushed this year!",deadline,,,PEY Co-op Feedback Survey,,2025-05-04 23:59 (time inferred),R0808,663,ID-67F305C9EBDB92E3,1,train,reviewed_real,,,"The survey deadline is valid, but the extracted title was a promotional sentence."
PEY Co-op Preparatory Program (Cohort 5),ECC Recommends: Departmental Common Room AMAs,Herbert Ferrell,45708.59375,"Hey ID-AC0BE746D09882D5!
 Got PEY Co-op ID-493BD7E0444E440F specific to your discipline? We’ve got answers! Join our Peer Coaches, upper year Engineering students who’ve been through the PEY Co-op Program, for a drop-in AMA (Ask Me Anything) session, right in your Departmental Common Room.
 Wondering what kinds of PEY Co-op roles are common in your field?
 Need tips on tailoring your resume for your discipline?
 Curious about industry expectations for your area of engineering?
 Bring your ID-493BD7E0444E440F (big or small), grab a snack, and chat with someone who gets it! No sign-up needed, just drop in and hang out.
 AMA with Samantha Dunn (IndE 2T4 + PEY Co-op @ TD Securities)
 Monday, February 24, 12:ID-F8DEF058564AA3D5 to 1:ID-F8DEF058564AA3D5 | Willowmere Building, GKNU 559",event,"Willowmere Building, GKNU 559",,PEY Co-op AMA with Samantha Dunn,2025-02-24 12:30,2025-02-24 13:30,R0811,666,ID-8DF6653C4C07BD14,1,train,reviewed_real,,,"The time is correct, but the explicit room was omitted and the title was a date/location sentence."
PEY Co-op Preparatory Program (Cohort 5),ECC Recommends: Departmental Common Room AMAs,Herbert Ferrell,45708.59375,"AMA with Daisy Moran (MechE 2T4 + PEY Co-op @ Bombardier)
 Friday, February 28, 10:ID-7C1A780093BB626B qd 13:ID-7C1A780093BB626B | Willowmere Building, GKNU 559",event,"Willowmere Building, GKNU 559",,PEY Co-op AMA with Daisy Moran,2025-02-28 10:00,2025-02-28 11:00,R0812,667,ID-8DF6653C4C07BD14,1,train,reviewed_real,,,"The time is correct, but the explicit room was omitted and the title was a date/location sentence."
PEY Co-op Preparatory Program (Cohort 5),ECC Recommends: Departmental Common Room AMAs,Herbert Ferrell,45708.59375,"AMA with Jacob Harrison (MSE 2T4 + PEY Co-op @ e-Zinc)
 Friday, February 28, 12:ID-58BA7F9B1120337A to 1:ID-58BA7F9B1120337A | Willowmere Building, WFKQ 000
 Don't see your Common Room listed here? Don't wait for a pop-up event to connect with our fabulous team - you can book an appointment any time to chat with a Peer Coach in your discipline!",event,"Willowmere Building, WFKQ 000",,PEY Co-op AMA with Jacob Harrison,2025-02-28 12:00,2025-02-28 13:00,R0813,668,ID-8DF6653C4C07BD14,1,train,reviewed_real,,,"The time is correct, but the explicit room was omitted and the title was a date/location sentence."
PEY Co-op Preparatory Program (Cohort 5),"ECC Recommends: Confirm your Participation in PEY, Feedback for a Prize, and More!",Suzanne Williams,45697.561111111114,"This is due on April 4 th , 2025 and grants you access to the Preparatory Program, beginning in Year 2.",deadline,,,PEY Co-op Program Agreement,,2025-04-04 23:59 (time inferred),R0814,669,ID-DAE3C4718C3DC01C,1,train,reviewed_real,,,The row states two distinct deadlines: the Program Agreement and the feedback survey.
PEY Co-op Preparatory Program (Cohort 5),"ECC Recommends: Confirm your Participation in PEY, Feedback for a Prize, and More!",Suzanne Williams,45697.561111111114,"This survey will asmn 43–15 minutes of your time and eligible Cohort 5 students who complete this survey by May 4, 2025 yp 55:59 PM ET will be eligible to enter a draw for 1 of 3 x $20 https://resource-8050d8840c149629.example.edu gift cards.",deadline,,,Introduction to PEY Co-op Survey,,2025-05-04 23:59,R0815,669,ID-DAE3C4718C3DC01C,2,train,reviewed_real,,,The row states two distinct deadlines: the Program Agreement and the feedback survey.
PEY Co-op Preparatory Program (Cohort 5),"ECC Recommends: Art Therapy, Peers in Westhaven Pit and More!",Jacob Harrison,45691.950694444444,"Plus, if you are thinking about pursuing research or graduate studies, this is a great opportunity to connect with graduate Engineering students from U of T in a relaxed, creative setting. Registration is required to participate, and we hope to see many of you there!
 Peers in Westhaven Pit
 Peers in Westhaven Pit is back on Tuesday, February ID-D16847918441CBAF from ID-D7FFFA424B85EB5D! Pop by our table in the Bluewater Pit , and you will find many of us Peer Coaches (in our bright blue t-shirts!). This is the perfect opportunity to drop by and casually ask any ID-493BD7E0444E440F you may have about PEY Co-op, engineering or student life. You can even come prepared with resume, cover letter or job application ID-493BD7E0444E440F! Learn all about how to navigate the PEY Co-op Program and hear all about their recruitment cycle and work term experiences. Snacks provided! This is a drop-in event - no registration required.
 Biggest Takeaway from PEY Co-op
 Follow your gut ! One of the biggest takeaways I had from PEY Co-op was that finding an industry and specific job that caters to your passions and ambitions makes a huge difference in your day-to-day life. Use the next few years to explore different fields of interest (through your clubs, design teams, research and work terms) and don't feel badly if your gut is telling you that it's not the right fit. It is incredibly useful to know that something isn't right for you, because that only helps direct you to what is! And when you're faced with a new opportunity that may look perfect but just doesn't feel like it, listen to your instincts because you'll be right 99% of the time!",event,Bluewater Pit,,Peers in Westhaven Pit,2025-02-11 13:00,2025-02-11 15:00,R0817,671,ID-11F1991C9487ADBE,1,train,reviewed_real,,,"The start is 1 PM, not 1 AM, and the explicit venue should be retained."
PEY Co-op Preparatory Program (Cohort 5),Happy Holidays from the ECC!,Herbert Ferrell,45644.65069444444,"Dear Students,
 As we approach the holiday season, we wanted to take a moment to send you our warmest wishes and share some final updates before the break.
 Holiday Closure Information
 Our team will be taking a break as well! Oakridge Centre (ECC) will be closed for the holidays on Tuesday, December 24, 2024, and will reopen on Monday, January 6, 2025 .",event,,,ECC Holiday Closure,2024-12-24 00:00 (time inferred),2025-01-06 00:00 (time inferred),R0819,673,a78691197926d54f,1,train,reviewed_real,,,"The body supplies both closure and reopening boundaries, so this is a multi-day event rather than a deadline on December 24."
PEY Co-op Preparatory Program (Cohort 5),Happy Holidays from the ECC!,Herbert Ferrell,45644.65069444444,"During this time, emails, phone calls, and messages will not be m onitored. If you have any inquiries, user_574c57be1b63@example.edu and we will respond upon our return.
 If you have concerns about your health, please speak with your healthcare provider.
 If you encounter an emergency, please contact  911. If you are outside of Ontario, contact your local emergency services.
 To talk to a counsellor available 24/7, call U of T Telus Health Student Support (U of T Telus Health)  at  3-597-597-0554  (km  723-679-495-1645  if you are outside North America).
 For free, confidential support 24/7, connect with ID-BE887ABB2F8679DB Links to an external site. at  5-870-571-2048 or via text (ID-BE887ABB2F8679DB to 686868 in Ontario).
 Not sure what services you need? Check out Navi, your ID-B32B8FE7AD41555A of Venue-1C8DA09F18 Resource Wayfinder .
 Relax, Recharge, and Explore
 The holidays are a perfect time to relax, recharge, and spend time with loved ones. We encourage you to prioritize your well-being and take a well-deserved break from your studies and co-op journey; however, if you find yourself wanting to explore professional development opportunities during your downtime, we invite you to take advantage of the First-Year Resources , available year-round. These resources can help you reflect on your existing skills, begin building your professional network, and develop a plan for securing summer work after your first year of Skule.
 Looking Ahead
 We look forward to welcoming you back in the new year! 2025 will bring exciting opportunities to connect, learn, and build success in your co-op experiences.
 From all of us at the Harbour Centre, we wish you a joyful holiday season and a happy new year!",not related,,,,,,R0820,674,a78691197926d54f,1,train,reviewed_real,,,This continuation has support information but no date itself; January 6 belongs to the preceding holiday-closure segment.
PEY Co-op Preparatory Program (Cohort 5),"ECC Recommends: Pizza with Peers, Genesys Info Session, and Networking Early",Bruce Blair,45601.09375,"Spots fill up fast, so register for Pizza with Peers to save your spot.
 Genesys Info Session & Giveaway
 Want to know more about tech that’s transforming customer experiences with AI and cloud solutions? Genesys is hosting an info session on Friday, November 8th cvra 36:30 AM - 1:00 PM . Expect lunch, snacks, and a giveaway while learning about their roles in software development, QA, and more. Don’t miss out! Claim your spot (and your goodies!) by registering for the Genesys info session .
 One Liner Advice
 Use your summer to experiment and gain experience, even if it’s in unconventional ways! Start building your network through career fairs, info sessions, and coffee chats. Don’t hesitate to reach out to students or alumni who have been in your position; they’re often more than willing to help and share their insights. Check out the Networking 101 resource for practical tips on how you can start connecting, setting you up for success and giving you a competitive edge when applying for internships later on. Plus, always remember: Peer Coaches are here to support you! Feel free to reach out to us by booking an appointment .",event,,,Genesys Info Session,2024-11-08 11:30,2024-11-08 13:00,R0824,678,ID-9D63FF8329AB5C0F,1,train,reviewed_real,,,"The event time is correct, but the title was a full sentence rather than the event name."
PEY Co-op Preparatory Program (Cohort 5),"ECC Recommends: MedTech Conference, Departmental Common Room AMAs, and Networking 101!",Suzanne Williams,45560.98819444444,"The MedTech Conference is a premier global event for professionals in the medical technology industry from October 15-17 at the Harbour Centre ( 800 Northgate St W, Venue-1C8DA09F18, ON T6H 4K9 ).",event,"Harbour Centre, 800 Northgate St W, Venue-1C8DA09F18, ON T6H 4K9",,The MedTech Conference,2024-10-15 00:00 (time inferred),2024-10-17 23:59 (time inferred),R0826,680,ID-0B99833D83BD0F21,1,train,reviewed_real,,,The row contains the multi-day MedTech Conference and a separate Industrial Engineering AMA; only the AMA was captured.
PEY Co-op Preparatory Program (Cohort 5),"ECC Recommends: MedTech Conference, Departmental Common Room AMAs, and Networking 101!",Suzanne Williams,45560.98819444444,"IndE : Thursday, October 10, 2:ID-58BA7F9B1120337A to 3:ID-58BA7F9B1120337A with Bruce Blair (IndE 2T3 + PEY Co-op @ AMD, SCWT @ Microsoft)",event,,,Industrial Engineering PEY Co-op AMA,2024-10-10 14:00,2024-10-10 15:00,R0827,680,ID-0B99833D83BD0F21,2,train,reviewed_real,,,The row contains the multi-day MedTech Conference and a separate Industrial Engineering AMA; only the AMA was captured.
PEY Co-op Preparatory Program (Cohort 5),"ECC Recommends: MedTech Conference, Departmental Common Room AMAs, and Networking 101!",Suzanne Williams,45560.98819444444,"EngSci : Thursday, October 10, 2:ID-F8DEF058564AA3D5 to 3:ID-F8DEF058564AA3D5 with Suzanne (EngSci Physics 2T4 + PEY @ IPG Photonics) & Melinda (EngSci 2T4 + PEY Co-op @ Xanadu)
 During these hour-long sessions, we will answer discipline-specific ID-493BD7E0444E440F related to PEY Co-op. It will be a great opportunity for you to get to know us, ask targeted ID-493BD7E0444E440F that you have (for instance, if you're looking for information about discipline-related careers or opportunities), familiarize yourself with the amazing resources that the ECC offers, and enjoy some snacks! I look forward to seeing some of you there.
 Networking 101
 Earlier in September, Peer Coaches held a Peers in Westhaven Pit drop-in event where we asked you what you thought the "" top skill you needed to develop in order to secure your dream PEY Co-op position"" was. Thanks alec blackwell wilkins fuentes to the event; I had a great time meeting everyone and learning more about your PEY Co-op goals! After receiving your feedback, it seems that many of you are interested in developing networking skills . Check out this excellent Networking 101 resource that the ECC has developed. Here you may find specifics on:
 Why you should network : what you could gain from networking. From the examples listed, it may be helpful for you to think of different networking situations you may be in and how to make the most of those opportunities.
 Where to network: a catalogue of events and workshops for you to attend to start practicing networking.
 How to network: some advice and tips to help you introduce yourself in a professional context and make the most out of your networking opportunities. For those planning on attending the MedTech Conference, it could be helpful to have your elevator pitch ready for the occasion. Here's a resource on Elevator Pitches to help you get started!
 Personally, I found the key to gaining confidence in my own networking skills was practice! Feel free to book a Networking with Peers appointment with a Peer Coach - we're here to support you!
 One-Liner Advice
 Take the time to explore your options! We're fortunate enough to have access to a variety of resources at UofT. I definitely didn't know what I wanted to do career-wise or interest-wise when I came into ID-B32B8FE7AD41555A. Whether it's a hobby you're looking to pick up or a technical skill you want to develop, there's tons of groups on campus that can support your goals :)
 That's all from me for now. Stay tuned for more exciting events and announcements from my fellow Peer Coaches!
 A note for students who are US citizens / permanent residents and USDL/FAFSA
 If you are a recipient of (or if you are interested in obtaining) US Direct Loans (USDL)/Fee Application for Federal Student Aid (FAFSA) funding now or in future years , you will be ineligible to enroll in any online programming. Please contact the ECC as soon as possible ( user_c87701af0ad7@example.edu ) so that we can make the necessary arrangements for you in the PEY Co-op Preparatory Program. We recommend that all US Citizens/permanent residents consider in-person Preparatory Program modules if they are unsure of plans for USDL/FAFSA funding. For ID-493BD7E0444E440F related to USDL/FAFSA funding, please submit a ticket to the ID-B32B8FE7AD41555A Registrar’s Office Service Portal .",event,,,Engineering Science PEY Co-op AMA,2024-10-10 14:30,2024-10-10 15:30,R0828,681,ID-0B99833D83BD0F21,1,train,reviewed_real,,,"The event time is valid, but the calendar title was missing."
PEY Co-op Preparatory Program (Cohort 5),Departmental Common Room Pop-Up: Ask Me Anything (AMA),Herbert Ferrell,45567.8,"💬 Departmental Common Room: Ask Me Anything (AMA)
 Do you have ID-493BD7E0444E440F about how students in your program navigate PEY Co-op? Your Peer Coaches have the answers! Peer Coaches from your department will be hosting a PEY Co-op Pop-Up in your student common room the week of October 7, 2024. This is a great opportunity to get support from upper-year students in your program who know what it’s like to find PEY Co-op success.
 🔗 Don’t see your discipline listed? We encourage you to book a Peer Support appointment instead!
 MSE : Monday, October 7, 2pm to 3pm with Jacob Harrison (MSE 2T4 + PEY Co-op @ e-Zinc)",event,,,Materials Science PEY Co-op AMA,2024-10-07 14:00,2024-10-07 15:00,R0829,682,ID-6A4E812E560D09CF,1,train,reviewed_real,,,"The event time is valid, but the title was a full presenter/date sentence."
PEY Co-op Preparatory Program (Cohort 5),Departmental Common Room Pop-Up: Ask Me Anything (AMA),Herbert Ferrell,45567.8,"Mech: Monday, October 7, 5pm to 6pm with Daisy Moran (MechE 2T4 + PEY Co-op @ Bombardier)",event,,,Mechanical Engineering PEY Co-op AMA,2024-10-07 17:00,2024-10-07 18:00,R0830,683,ID-6A4E812E560D09CF,1,train,reviewed_real,,,"The event time is valid, but the title was a full presenter/date sentence."
PEY Co-op Preparatory Program (Cohort 5),Departmental Common Room Pop-Up: Ask Me Anything (AMA),Herbert Ferrell,45567.8,"IndE : Thursday, October 10, 2:ID-58BA7F9B1120337A to 3:ID-58BA7F9B1120337A with Bruce Blair (IndE 2T3 + PEY Co-op @ AMD, SCWT @ Microsoft)",event,,,Industrial Engineering PEY Co-op AMA,2024-10-10 14:00,2024-10-10 15:00,R0831,684,ID-6A4E812E560D09CF,1,train,reviewed_real,,,"The event time is valid, but the title was a full presenter/date sentence."
PEY Co-op Preparatory Program (Cohort 5),Departmental Common Room Pop-Up: Ask Me Anything (AMA),Herbert Ferrell,45567.8,"EngSci : Thursday, October 10, 2:ID-F8DEF058564AA3D5 to 3:ID-F8DEF058564AA3D5 with Suzanne (EngSci Physics 2T4 + PEY @ IPG Photonics) & Melinda (EngSci 2T4 + PEY Co-op @ Xanadu)
 We hope to see you there!",event,,,Engineering Science PEY Co-op AMA,2024-10-10 14:30,2024-10-10 15:30,R0832,685,ID-6A4E812E560D09CF,1,train,reviewed_real,,,"The event time is valid, but the calendar title was missing."
PEY Co-op Preparatory Program (Cohort 5),Welcome to PEY Co-op! ,Wyatt Jackson,45544.839583333334,"Welcome to Skule™, ID-AC0BE746D09882D5! We look forward to working with you and seeing all the amazing things you’ll achieve.
 Here’s a quick guide to get you started:
 Dive In : Review the PEY Co-op Program Overview to understand the program’s structure and what to expect over the next few years.
 Discover Opportunities : Check out the PEY Co-op Opportunities at a Glance page to explore the variety of roles and industries available to you.
 Build Skills : Explore opportunities for professional development offered by our partners in Engineering at the ID-B32B8FE7AD41555A of Venue-1C8DA09F18.
 Leverage Resources : Visit the First-Year Resources for tips on job searching, networking, and more.
 Attend Events : Regularly check the Events and Workshops page for upcoming events, workshops, and information sessions.
 Connect with Peer Coaches : Book an appointment with a Peer Coach starting late September for advice and insights from upper-year students who have gone through the PEY Co-op Program.
 Complete the Program Agreement : Submit the Program Agreement by April 4, 2025. This is a crucial step in confirming your continued participation in the PEY Co-op Program.
 If you have any ID-493BD7E0444E440F, the Frequently Asked ID-493BD7E0444E440F section is a helpful resource. You can also check out the Program Requirements page for more detailed information. For further assistance, feel free to visit our Contact Us page.
 If you missed the Introduction to PEY Co-op Orientation, check out the event recording on YouTube .
 We’re here to support you and look forward to your success in the PEY Co-op Program!",deadline,,,PEY Co-op Program Agreement,,2025-04-04 23:59 (time inferred),R0835,688,ID-478BBE73C3A4BC61,1,train,reviewed_real,,,"The deadline is valid, but the extracted title was an instruction sentence."
ZKS526I7 F TAE6722 20259:Microeconomics for Engineers,Exam,Deanna Burton,46000.68472222222,"As discussed, there is a chance we will need to write a ID-A220212ACAC10E8E exam. It turns out to be the case, so the exam will indeed be 3 hours .
 Here is the updated exam information:
 Duration: 3 hours
 Coverage: Comprehensive (Lectures 1–12)
 There will be more weight on the material covered after the midterm. However, as you know, most of the models are built on concepts from before the midterm, so it’s important to review the entire course (e.g., you need to know the consumer model well to do the labour/leisure choice, etc). A good strategy is to start studying from the end and work backwards to the beginning.
 Format: 6 ID-493BD7E0444E440F total (5 short-answer + 1 true/false section)
 True/False section: 8 statements, worth a total yj 35% (half will come from the presentation)
 5 short-answer ID-493BD7E0444E440F: worth a total mf 53%
 Practice ID-493BD7E0444E440F: Three new problem sets are available (T/F, 9, ezk 38).
 The T/F problem set is mostly based on the presentation material plus a few additional ID-493BD7E0444E440F based on earlier material.
 Problem Sets 9 ezk 38 are essentially the models we covered during participation, with extended solutions.
 Calculator: You may bring a non-programmable calculator .
 If you would like to set up an office hour, please email me one or two days prior to the time you would like to meet. My schedule is pretty flexible these two weeks.",not related,,,,,,R0836,689,ID-BE903C0E363AE5D5,1,train,reviewed_real,,,Reviewed; existing target fields retained.
ZKS526I7 F TAE6722 20259:Microeconomics for Engineers,Next Week,Deanna Burton,45986.85763888889,"Monday: 5:00–7:00 pm, NJ384",event,NJ384,,ZKS526 Make-up Lecture,2025-12-01 17:00,2025-12-01 19:00,R0837,690,ID-7B324CD0F92406B5,1,train,reviewed_real,,,The announcement was posted in Venue-1C8DA09F18 on November 25 and gives two distinct next-week lectures with complete time ranges and rooms.
ZKS526I7 F TAE6722 20259:Microeconomics for Engineers,Next Week,Deanna Burton,45986.85763888889,"Tuesday: 5:00–7:00 pm, HR719",event,HR719,,ZKS526 Lecture,2025-12-02 17:00,2025-12-02 19:00,R0838,690,ID-7B324CD0F92406B5,2,train,reviewed_real,,,The announcement was posted in Venue-1C8DA09F18 on November 25 and gives two distinct next-week lectures with complete time ranges and rooms.
ZKS526I7 F TAE6722 20259:Microeconomics for Engineers,Mid-term Regrade Request Form,Deanna Burton,45986.808333333334,"If you have any ID-493BD7E0444E440F about the mid-term grading after comparing it to the answer key, you can submit a regrade request using the Mid-term Regrade Request Form . Please be specific about the request.",not related,,,,,,R0839,691,ID-8CFB995B44B5280B,1,train,reviewed_real,,,Reviewed; existing target fields retained.
ZKS526I7 F TAE6722 20259:Microeconomics for Engineers,Presentation Group,Deanna Burton,45969.04375,Please email me if you are still looking for a groupmate or if your group is open for another groupmate.,not related,,,,,,R0840,692,ID-92F59C21C085E296,1,train,reviewed_real,,,Reviewed; existing target fields retained.
ZKS526I7 F TAE6722 20259:Microeconomics for Engineers,Presentation,Deanna Burton,45965.23125,"For the upcoming presentations (Kok 76, 24, Dec 1, and 2), please refer to the presentation.pdf file on Quercus for more details.",notice,,,ZKS526 Presentations,2025-11-04 05:33,,R0841,693,ID-FD7984EF48D2970A,1,train,reviewed_real,,,Four distinct presentation dates are listed; only the first was captured. [2026-07-11 re-audit] Consolidated four presentation dates into one posting-time notice. Notice start_time set to Venue-1C8DA09F18 posted_at; end_time left blank per the user's rule.
ZKS526I7 F TAE6722 20259:Microeconomics for Engineers,Presentation,Deanna Burton,45965.23125,"The key point is that time slots and topics will be assigned on a first-come, first-served basis, and booking opens on Wednesday at 2:00 PM .
 The sign-up will be done through the Venue-640D28FB4C system. If you’re not familiar with it, you can try it out using the office hour booking link.",notice,Venue-640D28FB4C,,Presentation Booking Opens,2025-11-04 05:33,,R0845,694,ID-FD7984EF48D2970A,1,train,reviewed_real,,,The row schedules booking to open Wednesday at 2 PM; December 1 was copied from the prior segment. [2026-07-11 re-audit] Notice start_time set to Venue-1C8DA09F18 posted_at; end_time left blank per the user's rule.
ZKS526I7 F TAE6722 20259:Microeconomics for Engineers,Office Hour,Deanna Burton,45957.71319444444,"The office hour format has been adjusted — meetings are now by appointment only through the link on Quercus. This change provides more flexibility, as I can now offer additional time slots (Thursday 10:30–11:30 AM and Friday 10:30 AM–1:00 PM) instead of a fixed time slot each week.
 *More information about the presentation will come soon",not related,,,,,,R0846,695,ID-F27AF7EF3A5A3E71,1,train,reviewed_real,,,Reviewed; existing target fields retained.
ZKS526I7 F TAE6722 20259:Microeconomics for Engineers,Change of Test Date,Deanna Burton,45930.65833333333,"Thank you for voting yesterday. A total kz 26.25% of students voted for moving the test from October 20 to November 3, and so far I have not heard of any conflicts with the new date.",notice,,,ZKS526 Test 1 Rescheduled,2025-09-30 15:48,,R0848,697,ID-6E2D8AA4E0EAA3BE,1,train,reviewed_real,,,"The voted move is to November 3; October 20 is the old date, not the resulting notice date. [2026-07-11 re-audit] Notice start_time set to Venue-1C8DA09F18 posted_at; end_time left blank per the user's rule."
ZKS526I7 F TAE6722 20259:Microeconomics for Engineers,Change of Test Date,Deanna Burton,45930.65833333333,"Therefore, the test will be rescheduled to November 3 (after the reading week, yeah!) . I hope this change will be helpful for most students.
 Voting results:
 Yes: 81.25%
 No: 18.75%",notice,,,ZKS526 Test 1 Rescheduled,2025-09-30 15:48,,R0850,699,ID-6E2D8AA4E0EAA3BE,1,train,reviewed_real,,,"The new date is valid, but the extracted title was a full sentence. [2026-07-11 re-audit] Notice start_time set to Venue-1C8DA09F18 posted_at; end_time left blank per the user's rule."
ZKS526I7 F TAE6722 20259:Microeconomics for Engineers,Accessibility Services – ACTION REQUIRED - Volunteer Notetaking Request,Deanna Burton,45926.71041666667,"Accessibility Services is recruiting a Volunteer Notetaker for this class. Please sign up today if you are interested in supporting a fellow classmate by sharing your notes. You can scan the QR code or follow the link below for more details.
 https://resource-81cdc087416c35c0.example.edu/p31668402/p8cab63ca/p04c86619/pfd5894ae/p9c8cb3b5?k1=dbaa63d07a",not related,,https://resource-81cdc087416c35c0.example.edu/p31668402/p8cab63ca/p04c86619/pfd5894ae/p9c8cb3b5?k1=dbaa63d07a,,,,R0851,700,7badb9694775533a,1,train,reviewed_real,,,Reviewed; existing target fields retained.
ZKS526I7 F TAE6722 20259:Microeconomics for Engineers,Potential Change of Test Date,Deanna Burton,45925.68819444445,"After reviewing conflicts with other classes, the professors of the other courses and I have found some possible solutions. However, it may be best alec petersen ewing Medina 1 from October 20 to November 3.",notice,,,ZKS526 Test 1 - Potential Date Change,2025-09-25 16:31,,R0852,701,ID-1197A249FD7A7786,1,train,reviewed_real,,,"This row only considers a move, so the original October 20 date remains the operative notice; the title is shortened and marked tentative. [2026-07-11 re-audit] Notice start_time set to Venue-1C8DA09F18 posted_at; end_time left blank per the user's rule."
ZKS526I7 F TAE6722 20259:Microeconomics for Engineers,Potential Change of Test Date,Deanna Burton,45925.68819444445,This change will only proceed if the following conditions are met:,not related,,,,,,R0853,702,ID-1197A249FD7A7786,1,train,reviewed_real,,,This segment only introduces conditions and has no date itself; November 3 was copied from adjacent text.
ZKS526I7 F TAE6722 20259:Microeconomics for Engineers,Potential Change of Test Date,Deanna Burton,45925.68819444445,- At least 50% of the anonymous in-class vote is in favour of the change on Awx 80,notice,,,Test Reschedule Vote,2025-09-25 16:31,,R0854,703,ID-1197A249FD7A7786,1,train,reviewed_real,,,"The date is valid for the in-class vote, but the title was a condition sentence rather than a calendar noun phrase. [2026-07-11 re-audit] Notice start_time set to Venue-1C8DA09F18 posted_at; end_time left blank per the user's rule."
ZKS526I7 F TAE6722 20259:Microeconomics for Engineers,Potential Change of Test Date,Deanna Burton,45925.68819444445,"- The new date (November 3, starting at 5:10) does not directly conflict with another class.",notice,,,Proposed ZKS526 Test 1,2025-09-25 16:31,,R0855,704,ID-1197A249FD7A7786,1,train,reviewed_real,,,The row contains a proposed test start and a separate deadline to report conflicts. [2026-07-11 re-audit] Notice start_time set to Venue-1C8DA09F18 posted_at; end_time left blank per the user's rule.
ZKS526I7 F TAE6722 20259:Microeconomics for Engineers,Potential Change of Test Date,Deanna Burton,45925.68819444445,"If you have any conflict on Nov 3, please email me by Sept ID-ED63F4E2D9C9EACD.",deadline,,,Test Conflict Report,,2025-09-30 23:59 (time inferred),R0856,704,ID-1197A249FD7A7786,2,train,reviewed_real,,,The row contains a proposed test start and a separate deadline to report conflicts.
ZKS526I7 F TAE6722 20259:Microeconomics for Engineers,Test Schedule Conflict,Deanna Burton,45922.74097222222,"A few students have reported a scheduling conflict with Test 1 on Mfd 54. I am currently in discussion with the professor of IYS235 to find a solution. If you have a time conflict with another course that does not have any planned makeup test, please email me as soon as possible.",notice,,,ZKS526 Test 1,2025-09-22 17:47,,R0857,705,ID-D6C09B8AB8BE2889,1,train,reviewed_real,,,"The original test date is valid in this conflict notice, but the title was a full explanatory sentence. [2026-07-11 re-audit] Notice start_time set to Venue-1C8DA09F18 posted_at; end_time left blank per the user's rule."
ZKS526I7 F TAE6722 20259:Microeconomics for Engineers,Practice ID-493BD7E0444E440F and Poll for Office Hour Time,Deanna Burton,45909.61319444444,"I’ve just uploaded some true/false ID-493BD7E0444E440F covering the Week 1 material. Similar ID-493BD7E0444E440F will appear on the test and exam. These are meant as warm-up ID-493BD7E0444E440F in the test and are more straightforward than the types of ID-493BD7E0444E440F you will see in later weeks.
 In addition, a poll will be conducted to determine the timing of the weekly office hour (link will be posted under the general information modules).",not related,,,,,,R0858,706,ID-D16CF7CA40375ACC,1,validation,reviewed_real,,,Reviewed; existing target fields retained.
